kpi_id,length,anomaly_points,anomaly_occupancy,max_run,max_run_fraction,primary_sparse_transient,canonical_series_sha256,raw_sr_auc_pr,raw_sr_auc_roc,raw_abs_auc_pr,raw_abs_auc_roc,hcrd_area_sr_auc_pr,hcrd_area_sr_auc_roc,hcrd_direct_auc_pr,hcrd_direct_auc_roc
05f10d3a-239c-3bef-9bdc-a2feeb0037aa,146255,1285,0.0087860244094219,219,0.0014973847047964,True,d4972d007670d9c17d9477bd92cf6986ab462b113abc006b5b6a0bb19313c56f,0.3669198338409589,0.8328069915981544,0.4592906636612763,0.8069198994344463,0.220585855245839,0.789917130311947,0.6112986668939058,0.9852886992049072
0efb375b-b902-3661-ab23-9a0bb799f4e3,8784,13,0.0014799635701275,4,0.000455373406193,True,3c4cde60d864d3ea17f8325dffcbf983038a31f7dcdae9b1cfd9cc9896d14d4e,0.3109482194541267,0.737044280539891,0.1587142020276981,0.5964322987467441,0.597279273305859,0.9898441542495812,0.3809703955260326,0.6375029599291372
1c6d7a26-1f1a-3321-bb4d-7a9d969ec8f0,146254,1064,0.0072750147004526,227,0.0015520943016943,True,7104210596864fa104158c09fcd7f55d31f5e1cc2b9840d138d9b4657c8a94c9,0.4758512764577243,0.843448855194671,0.5770477084616196,0.8227842198736735,0.3550863839323943,0.8123194419342661,0.651729699794287,0.9442396293526708
301c70d8-1630-35ac-8f96-bc1b6f4359ea,8784,114,0.0129781420765027,10,0.0011384335154826,False,27944d158da508de9b42156ac17b6a451052613a2e5dcdea657d76ce07e38e20,0.2629365847245143,0.8092049616544243,0.0200809216893852,0.6256834415912907,0.3102551024819088,0.8474392440154597,0.2189145291905053,0.7919514761528967
42d6616d-c9c5-370a-a8ba-17ead74f3114,146253,1407,0.009620315480708,353,0.0024136257034043,True,48eb9f6f8acdcb75da3540a4dd21d388863a54dc3b71def728748be457377125,0.3717704123903045,0.8344492649944389,0.63505329085023,0.8137037114564662,0.2233863220298854,0.8140202793230065,0.6178266684996385,0.9602839639670832
43115f2a-baeb-3b01-96f7-4ea14188343c,108071,5609,0.0519010650405751,3016,0.0279075792765866,False,885ecbdf21475fcc0b7a0d54ed2ae5fb904fb9aabd0e509e1058f1df4264ca86,0.3204169166529435,0.7073941607890087,0.907644483548162,0.9572597624206426,0.264274399550751,0.7119080563153106,0.9328271804787832,0.9885095337180853
431a8542-c468-3988-a508-3afd06a218da,129046,8222,0.0637137144894068,6648,0.0515165134913131,False,cf908ed61cb31bdc6134ca47d88297d295ba99b754275e41eae32e303149a175,0.192065197872485,0.3132771536124933,0.777926346896744,0.9440135647931396,0.1514577118874886,0.4549796688780984,0.7514657890292358,0.9843834665025288
4d2af31a-9916-3d9f-8a8e-8a268a48c095,128872,7396,0.0573902787261779,6628,0.0514308771494195,False,48e894de736cfde4130da46bdca345b711fe6e7e02e52e0d0a343629e7d73623,0.0770174643032213,0.4709874341524969,0.4594867222439147,0.9552440048027612,0.0837702451075356,0.5570771181138661,0.1299070027574738,0.4530077799733549
54350a12-7a9d-3ca8-b81f-f886b9d156fd,8866,62,0.0069930069930069,43,0.0048499887209564,True,f5a22da61523f14c29095c70a741de3166bc10263d3b5fee1d97282347bdd06d,0.0862061126065245,0.8056235435505855,0.315541551086432,0.807676312819686,0.0340253956618464,0.7780334452081898,0.1169615869474114,0.911416731397752
55f8b8b8-b659-38df-b3df-e4a5a8a54bc9,146204,3867,0.0264493447511696,445,0.0030436923750376,False,bfcda934e3a3aa2b4cb20a6b0d08dee96c1a3d1d115ab5f7be4ca98993da4cde,0.1074397478107991,0.6501204025828562,0.0554916873877117,0.6035027524095501,0.0743005174401716,0.6395905550033714,0.1048842351331639,0.6805758809719128
57051487-3a40-3828-9084-a12f7f23ee38,128787,105,0.0008152996808684,14,0.0001087066241157,True,4208d0c62c1cd2ee7a189f6f28c997a7abfeec295da3f0e5fb7704a6f2f3c9b7,0.8907534238613757,0.9993099267962884,0.7834542410337375,0.9037156193821462,0.779232860751965,0.9995256671854796,0.0525469529023364,0.9708962884511912
6a757df4-95e5-3357-8406-165e2bd49360,129010,6853,0.0531199131850244,6635,0.0514301216959925,False,b74f4fd43aa5c6cb516debf180ed93ce32eea883928c64ff0976f45fa1bb02d9,0.0920529706625235,0.603363181713128,0.2844558422822816,0.9266591638050342,0.1104331728136997,0.6527471116811985,0.1012343602997213,0.5828793239945751
6d1114ae-be04-3c46-b5aa-be1a003a57cd,146239,360,0.002461723616819,44,0.0003008773309445,True,e6389626f2802909ba3a1066544f248abe84d13603d6dfc28669fd3b6e509ab0,0.255801737944501,0.8504340735967633,0.1304005317450974,0.7288277251847232,0.1670469604173528,0.7201978466171735,0.1942287127949715,0.8914642157770024
6efa3a07-4544-34a0-b921-a155bd1a05e8,145135,2767,0.0190650084404175,1488,0.0102525235125917,False,8ef147f8e28ae39245b68595ee50b85ba60fc4d4814d41fdd66c90def992f3f3,0.2115271218597291,0.8469778037165864,0.5159959653671038,0.8498869955447367,0.1394745196981774,0.796131614568775,0.2398632379648779,0.932970679354574
7103fa0f-cac4-314f-addc-866190247439,128992,110,0.0008527660630116,5,3.876209377325726e-05,True,b905585c40866301fc8029f83b5a99cbcce19ec45e8bc3eefd9a5b844c9275b1,0.324995080733394,0.939934062306465,0.3206295129084696,0.6829200001128587,0.4558782447093876,0.9778083828618428,0.0873837599679548,0.9120429751809618
847e8ecc-f8d2-3a93-9107-f367a0aab37d,146228,1121,0.0076661104576414,212,0.001449790737752,True,917f7e890e7ea4fec3057c9d18787621da93c6071b3c7751acc6999258d2e638,0.3598177852652617,0.8413796858151621,0.3501627671049948,0.7769040800166983,0.2330884113884014,0.8233496734855852,0.5550084047198882,0.9721846280747874
8723f0fb-eaef-32e6-b372-6034c9c04b80,146243,556,0.0038018913725785,68,0.0004649795203873,True,0f2cbee3cd925ea1f9c59fc4e9d3c17b82ca27c62e22d6c3d6f5415c8fc7824b,0.211586566143705,0.8198054857232365,0.0794410600934042,0.6568989024119067,0.1377208683348419,0.7584119680444323,0.1548617115826147,0.8526076994767485
9c639a46-34c8-39bc-aaf0-9144b37adfc8,108074,6095,0.056396543109351,3020,0.0279438162740344,False,3d0c88bfc16cd22647a45cf294a821690dadce5f28c80a313dcdc2aceeeb4097,0.310828046036345,0.6983880135980962,0.8941342575991138,0.958626307121202,0.279245358687233,0.7134466383607215,0.8823474871946391,0.9592303482256772
a07ac296-de40-3a7c-8df3-91f642cc14d0,106475,5663,0.0531861939422399,2749,0.0258182671988729,False,01a65485744ffb3cc2b5d3aa1dd711c7facffab649c752a5260e872629920e3c,0.4721742856033833,0.797439898390599,0.6236900650162313,0.8168639690389999,0.4157344785529363,0.7954384913310207,0.7215253263421342,0.9072655255640638
a8c06b47-cc41-3738-9110-12df0ee4c721,8863,349,0.0393771860543833,92,0.0103802324269434,False,75117a2bad64138a4b5c0c6e690579673414b10826ab858c0ee9b0361d9858eb,0.1912556431735702,0.7380720646863114,0.6115509853325777,0.9258428558255304,0.1382676657961841,0.6140992789223616,0.2731198763997205,0.886414790942678
ab216663-dcc2-3a24-b1ee-2c3e550e06c9,11138,178,0.0159813251930328,31,0.0027832644999102,False,ae7f64e89c0d90cec8b2128f41845a61274c1942a248240f7f7158326c4e395c,0.2375160816324484,0.7871873205937832,0.0877826158565903,0.7239274071188387,0.3878415739298392,0.9434890921020256,0.4190821454312597,0.7338939350446978
adb2fde9-8589-3f5b-a410-5fe14386c7af,146254,1428,0.0097638355190285,353,0.0024136092004321,True,47dc2b540942065a63e5edeb779f5aef7a1eb12bde028fb317b29fe94613961d,0.3901526556501137,0.8279310619473785,0.63594786284187,0.8223673198720334,0.25466226970286,0.8332121940513877,0.660836203835611,0.9434762021583244
ba5f3328-9f3f-3ff5-a683-84437d16d554,146126,2514,0.0172043305092865,361,0.0024704706896787,False,63fdb3122c250af9ff0f5f08fb612c203f56ca525ca933c800dfa91adb8d4e10,0.1108755542172171,0.6598110298785038,0.0337392686569351,0.5261279807204381,0.0690903624670791,0.6136854737055476,0.1524404235063191,0.7636359302426092
c02607e8-7399-3dde-9d28-8a8da5e5d251,8784,6,0.0006830601092896,3,0.0003415300546448,True,4b2faa1120d3a761702da6eb994d27e47499c2172c0bc6a5e79093882049c749,0.4181961197958926,0.9919495708969394,0.3338038164509375,0.5038543328017012,1.0,1.0,0.6678166258210135,0.8944330523277891
c69a50cf-ee03-3bd7-831e-407d36c7ee91,146255,878,0.0060032135653481,197,0.0013469624970086,True,751d3982ab07058dd7cbc438f45d3254788a2a8bc30a1b42b06e083e1e014630,0.54253621986553,0.8848699766593817,0.6645502574690294,0.8548921535450762,0.3191102371695866,0.8522511409852097,0.6525901028372331,0.986277713135542
da10a69f-d836-3baa-ad40-3e548ecf1fbd,107717,7363,0.0683550414512101,690,0.006405674127575,False,81f6450e09c3d61f4d8922ab133bd7e8943b5d0d1abc9be3affec9e86d90c915,0.0859470229304092,0.417553142603149,0.0741911422442212,0.4620498738012187,0.0817290856050031,0.4766106118254187,0.110188380849049,0.3910546465863958
e0747cad-8dc8-38a9-a9ab-855b61f5551d,8784,93,0.010587431693989,69,0.0078551912568306,False,0114ea0420132cb49231675cc32b6676e36c371e5980cdafae502c7d8d305728,0.1594216335874293,0.675839423553967,0.1274575925619296,0.8401943426830129,0.2287040812741428,0.942449425496404,0.8936467689360471,0.9734733620121172
f0932edd-6400-3e63-9559-0a9860a1baa9,128789,7254,0.0563246861144973,6638,0.0515416689313528,False,8246d50776ddbe7ff0eea7cd686a014c43ad28b516b1bcd8dad43287c84105dd,0.0742873885669452,0.2850817424374491,0.564346070017955,0.9586431928344586,0.0615201659011461,0.4038888884918901,0.0647144308277443,0.2393001665387026
ffb82d38-5f00-37db-abc0-5d2e4e4cb6aa,128784,6822,0.052972418934029,6636,0.0515281401416325,False,4ad724f1b3056842c38fca07ef50023a2cadcc6a1ea9784dfa06e50e957a108c,0.0480303329889038,0.3729696379565933,0.3250030553157279,0.9381549663827072,0.0627166107306889,0.4695048716122108,0.0512349575879074,0.2203697587299216
