case,trial,method,baseline_mse,detail_correlation,endpoint_error
weak_oscillation_strong_curvature,0,hcrd_raw,8.516699155171713,0.0003334691188567482,
weak_oscillation_strong_curvature,0,hcrd_thresholded,8.516699155171713,0.0003334691188567482,
weak_oscillation_strong_curvature,0,hcrd_adaptive_guided,7.950724146904392,0.0005349937789846395,
weak_oscillation_strong_curvature,0,gaussian_oracle,2.218753243147305e-06,0.008342307599937081,
endpoint_outlier,0,hcrd_raw,0.021265251140989653,,1.8255589460966786
endpoint_outlier,0,hcrd_thresholded,1.1130581926370866,,1.8255589460966786
endpoint_outlier,0,hcrd_adaptive_guided,0.03511160381338432,,0.7057392911283321
endpoint_outlier,0,gaussian_oracle,0.002485907271690409,,0.16487966260403653
irregular_grid_affine_plus_sine,0,hcrd_raw,0.0008607034783326514,0.9991601779516409,
weak_oscillation_strong_curvature,1,hcrd_raw,8.516699155171713,0.00038275682799932995,
weak_oscillation_strong_curvature,1,hcrd_thresholded,8.516699155171713,0.00038275682799932995,
weak_oscillation_strong_curvature,1,hcrd_adaptive_guided,7.950756060926915,0.0005806930350658751,
weak_oscillation_strong_curvature,1,gaussian_oracle,2.267417261154436e-06,0.009323467367517949,
endpoint_outlier,1,hcrd_raw,0.17302957179428105,,1.9950955238964867
endpoint_outlier,1,hcrd_thresholded,1.3293934600774946,,1.9950955238964867
endpoint_outlier,1,hcrd_adaptive_guided,0.017103247301934733,,0.3956722866968998
endpoint_outlier,1,gaussian_oracle,0.010876166628812587,,0.14018907298649758
irregular_grid_affine_plus_sine,1,hcrd_raw,0.0008348230512049438,0.9992250813473686,
weak_oscillation_strong_curvature,2,hcrd_raw,8.516699155171713,0.0007528027177029266,
weak_oscillation_strong_curvature,2,hcrd_thresholded,8.516699155171713,0.0007528027177029266,
weak_oscillation_strong_curvature,2,hcrd_adaptive_guided,7.951005533262805,0.0009444942831974257,
weak_oscillation_strong_curvature,2,gaussian_oracle,2.832782783467377e-06,0.018549669627267902,
endpoint_outlier,2,hcrd_raw,0.28026443122428824,,2.5391451027531087
endpoint_outlier,2,hcrd_thresholded,2.1532833844429713,,2.5391451027531087
endpoint_outlier,2,hcrd_adaptive_guided,0.02185284304058691,,0.5171501396384008
endpoint_outlier,2,gaussian_oracle,0.008980230833054671,,0.3016647655569513
irregular_grid_affine_plus_sine,2,hcrd_raw,0.0009054971732045261,0.9991452921340781,
weak_oscillation_strong_curvature,3,hcrd_raw,8.516699155171713,0.0007889024026646469,
weak_oscillation_strong_curvature,3,hcrd_thresholded,8.516699155171713,0.0007889024026646469,
weak_oscillation_strong_curvature,3,hcrd_adaptive_guided,7.951029919121917,0.000980073099601027,
weak_oscillation_strong_curvature,3,gaussian_oracle,2.907702291013231e-06,0.019457706466877285,
endpoint_outlier,3,hcrd_raw,0.26481650380874727,,2.468175582449309
endpoint_outlier,3,hcrd_thresholded,2.0345963099445825,,2.468175582449309
endpoint_outlier,3,hcrd_adaptive_guided,0.021621779635408952,,0.5605790778219725
endpoint_outlier,3,gaussian_oracle,0.09578955797753543,,0.8849336145797086
irregular_grid_affine_plus_sine,3,hcrd_raw,0.0007691027612499265,0.9993686040655866,
weak_oscillation_strong_curvature,4,hcrd_raw,8.516699155171713,0.00031186908713984747,
weak_oscillation_strong_curvature,4,hcrd_thresholded,8.516699155171713,0.00031186908713984747,
weak_oscillation_strong_curvature,4,hcrd_adaptive_guided,7.9507095781043216,0.0005137380832945606,
weak_oscillation_strong_curvature,4,gaussian_oracle,2.1998050453011283e-06,0.007802494241646416,
endpoint_outlier,4,hcrd_raw,0.023735293548064897,,2.0690512028823402
endpoint_outlier,4,hcrd_thresholded,1.4297780517684662,,2.0690512028823402
endpoint_outlier,4,hcrd_adaptive_guided,0.02105426714858523,,0.7314556371378552
endpoint_outlier,4,gaussian_oracle,0.0022924803011780725,,0.033168640406148864
irregular_grid_affine_plus_sine,4,hcrd_raw,0.0006627297135515395,0.9993836985997746,
weak_oscillation_strong_curvature,5,hcrd_raw,8.516699155171713,0.0007852584728486414,
weak_oscillation_strong_curvature,5,hcrd_thresholded,8.516699155171713,0.0007852584728486414,
weak_oscillation_strong_curvature,5,hcrd_adaptive_guided,7.951027494532774,0.0009765577623274676,
weak_oscillation_strong_curvature,5,gaussian_oracle,2.8999085578805204e-06,0.019373057141896285,
endpoint_outlier,5,hcrd_raw,0.020735475754544704,,1.7453375750813602
endpoint_outlier,5,hcrd_thresholded,1.0173842889051583,,1.7453375750813602
endpoint_outlier,5,hcrd_adaptive_guided,0.03157666409062175,,0.6394540129589972
endpoint_outlier,5,gaussian_oracle,0.0022203391203514345,,0.0487829822980928
irregular_grid_affine_plus_sine,5,hcrd_raw,0.0004835397825173776,0.9995663302117914,
weak_oscillation_strong_curvature,6,hcrd_raw,8.516699155171713,0.00028301603783481956,
weak_oscillation_strong_curvature,6,hcrd_thresholded,8.516699155171713,0.00028301603783481956,
weak_oscillation_strong_curvature,6,hcrd_adaptive_guided,7.8721162050262175,0.00027740614555447614,
weak_oscillation_strong_curvature,6,gaussian_oracle,2.175656100474328e-06,0.007006576932276801,
endpoint_outlier,6,hcrd_raw,0.06877315125906483,,1.2578040537520552
endpoint_outlier,6,hcrd_thresholded,0.5283870067101614,,1.2578040537520552
endpoint_outlier,6,hcrd_adaptive_guided,0.002404008084778813,,0.17892546628228345
endpoint_outlier,6,gaussian_oracle,0.002404112907169416,,0.16335483635649362
irregular_grid_affine_plus_sine,6,hcrd_raw,0.0003997044553502351,0.9996271682065728,
weak_oscillation_strong_curvature,7,hcrd_raw,8.516699155171713,0.0002274743083343452,
weak_oscillation_strong_curvature,7,hcrd_thresholded,8.516699155171713,0.0002274743083343452,
weak_oscillation_strong_curvature,7,hcrd_adaptive_guided,7.872116063606497,0.00022268837355138985,
weak_oscillation_strong_curvature,7,gaussian_oracle,2.1374023080905008e-06,0.005612523812603764,
endpoint_outlier,7,hcrd_raw,0.014863886323063766,,1.5199025132733097
endpoint_outlier,7,hcrd_thresholded,0.7715385236818818,,1.5199025132733097
endpoint_outlier,7,hcrd_adaptive_guided,0.0340115421569087,,0.5279169828305926
endpoint_outlier,7,gaussian_oracle,0.015169991433630639,,0.21481845203153338
irregular_grid_affine_plus_sine,7,hcrd_raw,0.0009441448446111307,0.9993014006074917,
weak_oscillation_strong_curvature,8,hcrd_raw,8.516699155171713,0.0003599388205006442,
weak_oscillation_strong_curvature,8,hcrd_thresholded,8.516699155171713,0.0003599388205006442,
weak_oscillation_strong_curvature,8,hcrd_adaptive_guided,7.87211642130938,0.00034927729619035756,
weak_oscillation_strong_curvature,8,gaussian_oracle,2.248624269115259e-06,0.008655553010305286,
endpoint_outlier,8,hcrd_raw,0.0159542228105985,,1.6327677968983627
endpoint_outlier,8,hcrd_thresholded,0.8903791914816507,,1.6327677968983627
endpoint_outlier,8,hcrd_adaptive_guided,0.02077244423399919,,0.5966926089569893
endpoint_outlier,8,gaussian_oracle,0.0033505598851930342,,0.02818373427003662
irregular_grid_affine_plus_sine,8,hcrd_raw,0.0004762368893121964,0.9995380837637873,
weak_oscillation_strong_curvature,9,hcrd_raw,8.516699155171713,0.0006997389034325477,
weak_oscillation_strong_curvature,9,hcrd_thresholded,8.516699155171713,0.0006997389034325477,
weak_oscillation_strong_curvature,9,hcrd_adaptive_guided,7.95097013907118,0.0008931288995178647,
weak_oscillation_strong_curvature,9,gaussian_oracle,2.728329190036599e-06,0.01730004568756553,
endpoint_outlier,9,hcrd_raw,0.03192881556468482,,2.3642982952962934
endpoint_outlier,9,hcrd_thresholded,1.8669414050451245,,2.3642982952962934
endpoint_outlier,9,hcrd_adaptive_guided,0.04395631443497639,,0.7466744919933542
endpoint_outlier,9,gaussian_oracle,0.025147456413490178,,0.2943213614395376
irregular_grid_affine_plus_sine,9,hcrd_raw,0.0008461843489367392,0.9992941655417569,
weak_oscillation_strong_curvature,10,hcrd_raw,8.516699155171713,0.0002408854064027535,
weak_oscillation_strong_curvature,10,hcrd_thresholded,8.516699155171713,0.0002408854064027535,
weak_oscillation_strong_curvature,10,hcrd_adaptive_guided,7.872116097888207,0.00023547474450384307,
weak_oscillation_strong_curvature,10,gaussian_oracle,2.1460172502975122e-06,0.005919639887355806,
endpoint_outlier,10,hcrd_raw,0.02978621754678028,,2.3389734200379326
endpoint_outlier,10,hcrd_thresholded,1.8271606031232699,,2.3389734200379326
endpoint_outlier,10,hcrd_adaptive_guided,0.023061014229045333,,0.7953241640533266
endpoint_outlier,10,gaussian_oracle,0.04708666226534993,,0.5990105736681787
irregular_grid_affine_plus_sine,10,hcrd_raw,0.0008396980175959275,0.9992831724063014,
weak_oscillation_strong_curvature,11,hcrd_raw,8.516699155171713,0.0007216332878317127,
weak_oscillation_strong_curvature,11,hcrd_thresholded,8.516699155171713,0.0007216332878317127,
weak_oscillation_strong_curvature,11,hcrd_adaptive_guided,7.95098466359151,0.0009141586733477675,
weak_oscillation_strong_curvature,11,gaussian_oracle,2.770514597359746e-06,0.017801211842709413,
endpoint_outlier,11,hcrd_raw,0.16291962822698486,,1.9359325990540956
endpoint_outlier,11,hcrd_thresholded,1.2517183394565217,,1.9359325990540956
endpoint_outlier,11,hcrd_adaptive_guided,0.01399722285485508,,0.3847639257325639
endpoint_outlier,11,gaussian_oracle,0.008723008161674511,,0.2897693564119965
irregular_grid_affine_plus_sine,11,hcrd_raw,0.0007588177763135811,0.999250323187571,
weak_oscillation_strong_curvature,12,hcrd_raw,8.516699155171713,0.0008751703629635518,
weak_oscillation_strong_curvature,12,hcrd_thresholded,8.516699155171713,0.0008751703629635518,
weak_oscillation_strong_curvature,12,hcrd_adaptive_guided,7.951088300232436,0.0010653024150076176,
weak_oscillation_strong_curvature,12,gaussian_oracle,3.101196573988795e-06,0.021644555518911292,
endpoint_outlier,12,hcrd_raw,0.020470023486436114,,1.8862674380694018
endpoint_outlier,12,hcrd_thresholded,1.1883180253798336,,1.8862674380694018
endpoint_outlier,12,hcrd_adaptive_guided,0.017704886262749662,,0.630205118083087
endpoint_outlier,12,gaussian_oracle,0.03292378848544157,,0.47215225922460313
irregular_grid_affine_plus_sine,12,hcrd_raw,0.0009905923783962549,0.9990195846075774,
weak_oscillation_strong_curvature,13,hcrd_raw,8.516699155171713,0.0001303068997981285,
weak_oscillation_strong_curvature,13,hcrd_thresholded,8.516699155171713,0.0001303068997981285,
weak_oscillation_strong_curvature,13,hcrd_adaptive_guided,7.872115825388755,0.0001285018872205993,
weak_oscillation_strong_curvature,13,gaussian_oracle,2.0908490234229397e-06,0.003279361219911898,
endpoint_outlier,13,hcrd_raw,0.010348668794823199,,1.0433033764035553
endpoint_outlier,13,hcrd_thresholded,0.3635359588315918,,1.0433033764035553
endpoint_outlier,13,hcrd_adaptive_guided,0.035122132373033986,,0.4837834495453195
endpoint_outlier,13,gaussian_oracle,0.08551679219908126,,0.7903319103855306
irregular_grid_affine_plus_sine,13,hcrd_raw,0.0007629043098034118,0.9993665208958125,
weak_oscillation_strong_curvature,14,hcrd_raw,8.516699155171713,0.0004444137033347154,
weak_oscillation_strong_curvature,14,hcrd_thresholded,8.516699155171713,0.0004444137033347154,
weak_oscillation_strong_curvature,14,hcrd_adaptive_guided,7.950797161002352,0.000640334651274651,
weak_oscillation_strong_curvature,14,gaussian_oracle,2.339222429822714e-06,0.010765570976430563,
endpoint_outlier,14,hcrd_raw,0.0420957925351607,,2.7237210204984574
endpoint_outlier,14,hcrd_thresholded,2.477715253463637,,2.7237210204984574
endpoint_outlier,14,hcrd_adaptive_guided,0.05546796362115236,,0.8446813006697417
endpoint_outlier,14,gaussian_oracle,0.015875660100674985,,0.20154989294675915
irregular_grid_affine_plus_sine,14,hcrd_raw,0.0008854883984365975,0.9991206484829616,
weak_oscillation_strong_curvature,15,hcrd_raw,8.516699155171713,0.00047548877505292135,
weak_oscillation_strong_curvature,15,hcrd_thresholded,8.516699155171713,0.00047548877505292135,
weak_oscillation_strong_curvature,15,hcrd_adaptive_guided,7.950817925915437,0.0006704999596636587,
weak_oscillation_strong_curvature,15,gaussian_oracle,2.3792525333435073e-06,0.011501172863395887,
endpoint_outlier,15,hcrd_raw,0.024813115863894668,,1.9494504459468893
endpoint_outlier,15,hcrd_thresholded,1.2692598711828746,,1.9494504459468893
endpoint_outlier,15,hcrd_adaptive_guided,0.03434503092413248,,0.706099839573769
endpoint_outlier,15,gaussian_oracle,0.06303783416054352,,0.6379349628408617
irregular_grid_affine_plus_sine,15,hcrd_raw,0.001042810188033002,0.999152817396031,
weak_oscillation_strong_curvature,16,hcrd_raw,8.516699155171713,0.000390172346600961,
weak_oscillation_strong_curvature,16,hcrd_thresholded,8.516699155171713,0.000390172346600961,
weak_oscillation_strong_curvature,16,hcrd_adaptive_guided,7.950762185072756,0.0005903556860641923,
weak_oscillation_strong_curvature,16,gaussian_oracle,2.273668328047282e-06,0.009722260003252922,
endpoint_outlier,16,hcrd_raw,0.03286024239772479,,2.3769228584358166
endpoint_outlier,16,hcrd_thresholded,1.8869323222993213,,2.3769228584358166
endpoint_outlier,16,hcrd_adaptive_guided,0.03763831373825993,,0.8456733595958873
endpoint_outlier,16,gaussian_oracle,0.07987578761809197,,0.7707586270050337
irregular_grid_affine_plus_sine,16,hcrd_raw,0.0008115059047972163,0.9992140460263533,
weak_oscillation_strong_curvature,17,hcrd_raw,8.516699155171713,0.0008090783631587314,
weak_oscillation_strong_curvature,17,hcrd_thresholded,8.516699155171713,0.0008090783631587314,
weak_oscillation_strong_curvature,17,hcrd_adaptive_guided,7.951044412896458,0.0010017349322908485,
weak_oscillation_strong_curvature,17,gaussian_oracle,2.9526345752923133e-06,0.020113639409891988,
endpoint_outlier,17,hcrd_raw,0.02104171937733868,,1.8675821568714954
endpoint_outlier,17,hcrd_thresholded,1.1648917817689033,,1.8675821568714954
endpoint_outlier,17,hcrd_adaptive_guided,0.02817001651280754,,0.6714915726828072
endpoint_outlier,17,gaussian_oracle,0.055493420796233116,,0.6325331129887357
irregular_grid_affine_plus_sine,17,hcrd_raw,0.0005049993247526302,0.9994928523110829,
weak_oscillation_strong_curvature,18,hcrd_raw,8.516699155171713,0.0007138400050722729,
weak_oscillation_strong_curvature,18,hcrd_thresholded,8.516699155171713,0.0007138400050722729,
weak_oscillation_strong_curvature,18,hcrd_adaptive_guided,7.950978392326257,0.0009043698329142796,
weak_oscillation_strong_curvature,18,gaussian_oracle,2.761397810146412e-06,0.017394611040197423,
endpoint_outlier,18,hcrd_raw,0.34822274244390183,,2.8302975374779176
endpoint_outlier,18,hcrd_thresholded,2.6754099409409364,,2.8302975374779176
endpoint_outlier,18,hcrd_adaptive_guided,0.029606972256533633,,0.6619196290216205
endpoint_outlier,18,gaussian_oracle,0.007713166082803581,,0.08000746796492297
irregular_grid_affine_plus_sine,18,hcrd_raw,0.0007307842289272764,0.9992545128303406,
weak_oscillation_strong_curvature,19,hcrd_raw,8.516699155171713,0.0006691198552030908,
weak_oscillation_strong_curvature,19,hcrd_thresholded,8.516699155171713,0.0006691198552030908,
weak_oscillation_strong_curvature,19,hcrd_adaptive_guided,7.950949835704888,0.0008637368539249299,
weak_oscillation_strong_curvature,19,gaussian_oracle,2.672131220772004e-06,0.016598214482712648,
endpoint_outlier,19,hcrd_raw,0.015194670763951701,,1.4200558501285325
endpoint_outlier,19,hcrd_thresholded,0.6734990695113493,,1.4200558501285325
endpoint_outlier,19,hcrd_adaptive_guided,0.030054068623219816,,0.6631406060941725
endpoint_outlier,19,gaussian_oracle,0.2668829029146855,,1.48123904348755
irregular_grid_affine_plus_sine,19,hcrd_raw,0.0009743040750244086,0.999213601948196,
weak_oscillation_strong_curvature,20,hcrd_raw,8.516699155171713,0.0007716788514869231,
weak_oscillation_strong_curvature,20,hcrd_thresholded,8.516699155171713,0.0007716788514869231,
weak_oscillation_strong_curvature,20,hcrd_adaptive_guided,7.951018957705358,0.000964489108926322,
weak_oscillation_strong_curvature,20,gaussian_oracle,2.8717511381618517e-06,0.019145581496038205,
endpoint_outlier,20,hcrd_raw,0.24602047115806772,,2.378971015031645
endpoint_outlier,20,hcrd_thresholded,1.8901856024446857,,2.378971015031645
endpoint_outlier,20,hcrd_adaptive_guided,0.020665841906642512,,0.5677681980792064
endpoint_outlier,20,gaussian_oracle,0.09340430865593001,,0.8864661666277918
irregular_grid_affine_plus_sine,20,hcrd_raw,0.0004669986557685209,0.9995490833200794,
weak_oscillation_strong_curvature,21,hcrd_raw,8.516699155171713,0.000555668490434594,
weak_oscillation_strong_curvature,21,hcrd_thresholded,8.516699155171713,0.000555668490434594,
weak_oscillation_strong_curvature,21,hcrd_adaptive_guided,7.9508733857606195,0.0007522921055833569,
weak_oscillation_strong_curvature,21,gaussian_oracle,2.4844422640511683e-06,0.013780003232957352,
endpoint_outlier,21,hcrd_raw,0.044388636971813264,,1.0105072470699838
endpoint_outlier,21,hcrd_thresholded,0.34103976031473376,,1.0105072470699838
endpoint_outlier,21,hcrd_adaptive_guided,0.0019713079385886463,,0.2047301449889276
endpoint_outlier,21,gaussian_oracle,0.0633870176113269,,0.6557394855555967
irregular_grid_affine_plus_sine,21,hcrd_raw,0.0004574913707319264,0.9995658662634025,
weak_oscillation_strong_curvature,22,hcrd_raw,8.516699155171713,0.0008511329411590094,
weak_oscillation_strong_curvature,22,hcrd_thresholded,8.516699155171713,0.0008511329411590094,
weak_oscillation_strong_curvature,22,hcrd_adaptive_guided,7.951072690407919,0.001042905057737716,
weak_oscillation_strong_curvature,22,gaussian_oracle,3.046668198557706e-06,0.021146355929784744,
endpoint_outlier,22,hcrd_raw,0.32766440786619727,,2.7454792289543692
endpoint_outlier,22,hcrd_thresholded,2.5174593937929672,,2.7454792289543692
endpoint_outlier,22,hcrd_adaptive_guided,0.026858943746131035,,0.7124479384797753
endpoint_outlier,22,gaussian_oracle,0.0023841030523535675,,0.017509690212612672
irregular_grid_affine_plus_sine,22,hcrd_raw,0.000697853067418827,0.9993129925108897,
weak_oscillation_strong_curvature,23,hcrd_raw,8.516699155171713,0.0008183522076397907,
weak_oscillation_strong_curvature,23,hcrd_thresholded,8.516699155171713,0.0008183522076397907,
weak_oscillation_strong_curvature,23,hcrd_adaptive_guided,7.951049920510979,0.0010093181699101837,
weak_oscillation_strong_curvature,23,gaussian_oracle,2.9713566699391612e-06,0.020218121110456563,
endpoint_outlier,23,hcrd_raw,0.031770331340208485,,2.375652753206543
endpoint_outlier,23,hcrd_thresholded,1.8849163020563449,,2.375652753206543
endpoint_outlier,23,hcrd_adaptive_guided,0.030068628805292746,,0.8010619844742917
endpoint_outlier,23,gaussian_oracle,0.0065806436266295865,,0.25944662152349895
irregular_grid_affine_plus_sine,23,hcrd_raw,0.00043155949295464675,0.9995739126655562,
weak_oscillation_strong_curvature,24,hcrd_raw,8.516699155171713,0.0006855254814430384,
weak_oscillation_strong_curvature,24,hcrd_thresholded,8.516699155171713,0.0006855254814430384,
weak_oscillation_strong_curvature,24,hcrd_adaptive_guided,7.950960020049462,0.0008780415789256739,
weak_oscillation_strong_curvature,24,gaussian_oracle,2.702975832281007e-06,0.016842778156294185,
endpoint_outlier,24,hcrd_raw,0.045548030118279334,,2.8772345659673286
endpoint_outlier,24,hcrd_thresholded,2.764882550467034,,2.8772345659673286
endpoint_outlier,24,hcrd_adaptive_guided,0.036788312885354224,,0.9299442091721638
endpoint_outlier,24,gaussian_oracle,0.002457951349700773,,0.16941178042248228
irregular_grid_affine_plus_sine,24,hcrd_raw,0.0007128798057194186,0.9993460346395712,
weak_oscillation_strong_curvature,25,hcrd_raw,8.516699155171713,0.00039925355759375374,
weak_oscillation_strong_curvature,25,hcrd_thresholded,8.516699155171713,0.00039925355759375374,
weak_oscillation_strong_curvature,25,hcrd_adaptive_guided,7.950766933292249,0.0005963866197811628,
weak_oscillation_strong_curvature,25,gaussian_oracle,2.2864122117480594e-06,0.009684238495959445,
endpoint_outlier,25,hcrd_raw,0.03925780156000902,,2.7024016344376802
endpoint_outlier,25,hcrd_thresholded,2.4390794053549945,,2.7024016344376802
endpoint_outlier,25,hcrd_adaptive_guided,0.02670299831411825,,0.8680802247382393
endpoint_outlier,25,gaussian_oracle,0.0032878476467788687,,0.19246258762554486
irregular_grid_affine_plus_sine,25,hcrd_raw,0.0006568893908747368,0.9994998372699613,
weak_oscillation_strong_curvature,26,hcrd_raw,8.516699155171713,0.00017113576177414116,
weak_oscillation_strong_curvature,26,hcrd_thresholded,8.516699155171713,0.00017113576177414116,
weak_oscillation_strong_curvature,26,hcrd_adaptive_guided,7.872115923729535,0.00016800475916093867,
weak_oscillation_strong_curvature,26,gaussian_oracle,2.107138942251667e-06,0.004254792083754014,
endpoint_outlier,26,hcrd_raw,0.033663073077271205,,2.466357547161727
endpoint_outlier,26,hcrd_thresholded,2.031600084229523,,2.466357547161727
endpoint_outlier,26,hcrd_adaptive_guided,0.03038065042926113,,0.9165409356394768
endpoint_outlier,26,gaussian_oracle,0.005174066144264227,,0.3524448333582706
irregular_grid_affine_plus_sine,26,hcrd_raw,0.0008008216099286932,0.9991860976869703,
weak_oscillation_strong_curvature,27,hcrd_raw,8.516699155171713,0.00048513429313546335,
weak_oscillation_strong_curvature,27,hcrd_thresholded,8.516699155171713,0.00048513429313546335,
weak_oscillation_strong_curvature,27,hcrd_adaptive_guided,7.950825712818194,0.0006826960389147325,
weak_oscillation_strong_curvature,27,gaussian_oracle,2.3851746843084163e-06,0.012000391267327545,
endpoint_outlier,27,hcrd_raw,0.11728347250561318,,1.6425626216723492
endpoint_outlier,27,hcrd_thresholded,0.9010938402454861,,1.6425626216723492
endpoint_outlier,27,hcrd_adaptive_guided,0.01364772087029477,,0.359835016156809
endpoint_outlier,27,gaussian_oracle,0.003766036938896896,,0.02722937183093324
irregular_grid_affine_plus_sine,27,hcrd_raw,0.0008282262230719324,0.9993795072354719,
weak_oscillation_strong_curvature,28,hcrd_raw,8.516699155171713,0.0006921746040338001,
weak_oscillation_strong_curvature,28,hcrd_thresholded,8.516699155171713,0.0006921746040338001,
weak_oscillation_strong_curvature,28,hcrd_adaptive_guided,7.950964327386884,0.000884210338552325,
weak_oscillation_strong_curvature,28,gaussian_oracle,2.7161967842165856e-06,0.016972485290405633,
endpoint_outlier,28,hcrd_raw,0.017096679595384818,,1.5721722749979237
endpoint_outlier,28,hcrd_thresholded,0.8255177504854238,,1.5721722749979237
endpoint_outlier,28,hcrd_adaptive_guided,0.035089324344882,,0.6325121700724543
endpoint_outlier,28,gaussian_oracle,0.00325469377062695,,0.2714362537284094
irregular_grid_affine_plus_sine,28,hcrd_raw,0.0007846393148813698,0.9993312077689226,
weak_oscillation_strong_curvature,29,hcrd_raw,8.516699155171713,0.0008278720750718587,
weak_oscillation_strong_curvature,29,hcrd_thresholded,8.516699155171713,0.0008278720750718587,
weak_oscillation_strong_curvature,29,hcrd_adaptive_guided,7.951055867311178,0.0010176979861954314,
weak_oscillation_strong_curvature,29,gaussian_oracle,2.993624479271316e-06,0.020363917603632428,
endpoint_outlier,29,hcrd_raw,0.3723947649467611,,2.9268826572469155
endpoint_outlier,29,hcrd_thresholded,2.8611246040411387,,2.9268826572469155
endpoint_outlier,29,hcrd_adaptive_guided,0.01815810651337264,,0.6288114694218894
endpoint_outlier,29,gaussian_oracle,0.002264387762462527,,0.1638315486935331
irregular_grid_affine_plus_sine,29,hcrd_raw,0.0009359476751750593,0.9991018725904222,
weak_oscillation_strong_curvature,30,hcrd_raw,8.516699155171713,0.0008012980106007952,
weak_oscillation_strong_curvature,30,hcrd_thresholded,8.516699155171713,0.0008012980106007952,
weak_oscillation_strong_curvature,30,hcrd_adaptive_guided,7.951038477050524,0.000992669778239024,
weak_oscillation_strong_curvature,30,gaussian_oracle,2.9340627015099004e-06,0.01980367861687938,
endpoint_outlier,30,hcrd_raw,0.11385977160008576,,1.6184104794857779
endpoint_outlier,30,hcrd_thresholded,0.874789402536533,,1.6184104794857779
endpoint_outlier,30,hcrd_adaptive_guided,0.012474757772745608,,0.36764460704910285
endpoint_outlier,30,gaussian_oracle,0.002880792320968161,,0.03486746499823079
irregular_grid_affine_plus_sine,30,hcrd_raw,0.0005093297850902504,0.9994910260420112,
weak_oscillation_strong_curvature,31,hcrd_raw,8.516699155171713,0.0007214827332047562,
weak_oscillation_strong_curvature,31,hcrd_thresholded,8.516699155171713,0.0007214827332047562,
weak_oscillation_strong_curvature,31,hcrd_adaptive_guided,7.950985069949089,0.0009150617449670081,
weak_oscillation_strong_curvature,31,gaussian_oracle,2.7703589031794307e-06,0.01788935522211415,
endpoint_outlier,31,hcrd_raw,0.22067570999702146,,2.2531016936661805
endpoint_outlier,31,hcrd_thresholded,1.695460739027815,,2.2531016936661805
endpoint_outlier,31,hcrd_adaptive_guided,0.01836238462604284,,0.49933616178502316
endpoint_outlier,31,gaussian_oracle,0.00719986897643583,,0.10895600252019758
irregular_grid_affine_plus_sine,31,hcrd_raw,0.0006649884088612293,0.999415641877067,
weak_oscillation_strong_curvature,32,hcrd_raw,8.516699155171713,0.00043148645111136806,
weak_oscillation_strong_curvature,32,hcrd_thresholded,8.516699155171713,0.00043148645111136806,
weak_oscillation_strong_curvature,32,hcrd_adaptive_guided,7.950788754764218,0.0006282791554436603,
weak_oscillation_strong_curvature,32,gaussian_oracle,2.321593056812139e-06,0.01050756560977201,
endpoint_outlier,32,hcrd_raw,0.03210886046532694,,2.3053953322285095
endpoint_outlier,32,hcrd_thresholded,1.7750760665512324,,2.3053953322285095
endpoint_outlier,32,hcrd_adaptive_guided,0.04366860082915796,,0.8525068505697291
endpoint_outlier,32,gaussian_oracle,0.10304963786539549,,0.8822794362883548
irregular_grid_affine_plus_sine,32,hcrd_raw,0.0006691995617040132,0.9994429686487697,
weak_oscillation_strong_curvature,33,hcrd_raw,8.516699155171713,0.00020093076410649188,
weak_oscillation_strong_curvature,33,hcrd_thresholded,8.516699155171713,0.00020093076410649188,
weak_oscillation_strong_curvature,33,hcrd_adaptive_guided,7.87211599751396,0.000196337759943791,
weak_oscillation_strong_curvature,33,gaussian_oracle,2.1221895153253695e-06,0.004932300681384672,
endpoint_outlier,33,hcrd_raw,0.047265587556976726,,2.948815311468471
endpoint_outlier,33,hcrd_thresholded,2.9041650541734443,,2.948815311468471
endpoint_outlier,33,hcrd_adaptive_guided,0.03705666686623434,,1.0433996621705204
endpoint_outlier,33,gaussian_oracle,0.09873720646668357,,0.8940817756768695
irregular_grid_affine_plus_sine,33,hcrd_raw,0.00046389972475231544,0.9995300974371969,
weak_oscillation_strong_curvature,34,hcrd_raw,8.516699155171713,0.0004903835641135731,
weak_oscillation_strong_curvature,34,hcrd_thresholded,8.516699155171713,0.0004903835641135731,
weak_oscillation_strong_curvature,34,hcrd_adaptive_guided,7.950829084460891,0.0006875070086394607,
weak_oscillation_strong_curvature,34,gaussian_oracle,2.3921570252381493e-06,0.012100034969183451,
endpoint_outlier,34,hcrd_raw,0.03505464040062698,,2.494658704624107
endpoint_outlier,34,hcrd_thresholded,2.0784923261469093,,2.494658704624107
endpoint_outlier,34,hcrd_adaptive_guided,0.033734957938686236,,0.8604586141011019
endpoint_outlier,34,gaussian_oracle,0.06680476060619758,,0.7032419745788809
irregular_grid_affine_plus_sine,34,hcrd_raw,0.0006626359663328815,0.999344521298962,
weak_oscillation_strong_curvature,35,hcrd_raw,8.516699155171713,0.0004156501513338581,
weak_oscillation_strong_curvature,35,hcrd_thresholded,8.516699155171713,0.0004156501513338581,
weak_oscillation_strong_curvature,35,hcrd_adaptive_guided,7.950778898780138,0.0006144387708114514,
weak_oscillation_strong_curvature,35,gaussian_oracle,2.30070728504569e-06,0.01027325911791153,
endpoint_outlier,35,hcrd_raw,0.02140532441791419,,1.9079591345746487
endpoint_outlier,35,hcrd_thresholded,1.21580601196166,,1.9079591345746487
endpoint_outlier,35,hcrd_adaptive_guided,0.026847655766467943,,0.7466602894806449
endpoint_outlier,35,gaussian_oracle,0.11037251979482263,,0.9680056330216023
irregular_grid_affine_plus_sine,35,hcrd_raw,0.00038069712140524885,0.9996429205100874,
weak_oscillation_strong_curvature,36,hcrd_raw,8.516699155171713,0.0007561110501457681,
weak_oscillation_strong_curvature,36,hcrd_thresholded,8.516699155171713,0.0007561110501457681,
weak_oscillation_strong_curvature,36,hcrd_adaptive_guided,7.951008431092253,0.0009491251806402125,
weak_oscillation_strong_curvature,36,gaussian_oracle,2.83952565125974e-06,0.018753207326104672,
endpoint_outlier,36,hcrd_raw,0.08243963726001106,,1.3771192967772148
endpoint_outlier,36,hcrd_thresholded,0.6333871920744243,,1.3771192967772148
endpoint_outlier,36,hcrd_adaptive_guided,0.01800627330848632,,0.22818532280697668
endpoint_outlier,36,gaussian_oracle,0.03336200534310918,,0.3372403477021273
irregular_grid_affine_plus_sine,36,hcrd_raw,0.0010041767158197642,0.9989992592082091,
weak_oscillation_strong_curvature,37,hcrd_raw,8.516699155171713,0.0007054748219100453,
weak_oscillation_strong_curvature,37,hcrd_thresholded,8.516699155171713,0.0007054748219100453,
weak_oscillation_strong_curvature,37,hcrd_adaptive_guided,7.950973159905804,0.0008970034823728048,
weak_oscillation_strong_curvature,37,gaussian_oracle,2.742036221125565e-06,0.017275768045711386,
endpoint_outlier,37,hcrd_raw,0.28150880133370787,,2.5447757438495584
endpoint_outlier,37,hcrd_thresholded,2.162843932204975,,2.5447757438495584
endpoint_outlier,37,hcrd_adaptive_guided,0.020553549185756612,,0.579244439973891
endpoint_outlier,37,gaussian_oracle,0.058293730423374136,,0.680660199143043
irregular_grid_affine_plus_sine,37,hcrd_raw,0.0006036985825167094,0.9994966212016759,
weak_oscillation_strong_curvature,38,hcrd_raw,8.516699155171713,0.00014889032529147723,
weak_oscillation_strong_curvature,38,hcrd_thresholded,8.516699155171713,0.00014889032529147723,
weak_oscillation_strong_curvature,38,hcrd_adaptive_guided,7.872115869730578,0.00014651993768948803,
weak_oscillation_strong_curvature,38,gaussian_oracle,2.0976977623338305e-06,0.003725947295505023,
endpoint_outlier,38,hcrd_raw,0.029480052056513717,,2.315137069668001
endpoint_outlier,38,hcrd_thresholded,1.7901093757441613,,2.315137069668001
endpoint_outlier,38,hcrd_adaptive_guided,0.024180129224268286,,0.7715819682278473
endpoint_outlier,38,gaussian_oracle,0.04290370542729808,,0.5591459425920282
irregular_grid_affine_plus_sine,38,hcrd_raw,0.0006487432158275996,0.9993964475937317,
weak_oscillation_strong_curvature,39,hcrd_raw,8.516699155171713,0.0006793854804480198,
weak_oscillation_strong_curvature,39,hcrd_thresholded,8.516699155171713,0.0006793854804480198,
weak_oscillation_strong_curvature,39,hcrd_adaptive_guided,7.950955879749171,0.0008720045786766455,
weak_oscillation_strong_curvature,39,gaussian_oracle,2.6916970772729368e-06,0.0166896250728007,
endpoint_outlier,39,hcrd_raw,0.11276491432332754,,1.6106104957242737
endpoint_outlier,39,hcrd_thresholded,0.8663775681411322,,1.6106104957242737
endpoint_outlier,39,hcrd_adaptive_guided,0.003639933435642945,,0.2502189157055826
endpoint_outlier,39,gaussian_oracle,0.022888214843546417,,0.3865211581572705
irregular_grid_affine_plus_sine,39,hcrd_raw,0.000874246898156312,0.9992403263574922,
weak_oscillation_strong_curvature,40,hcrd_raw,8.516699155171713,0.00036041433918152313,
weak_oscillation_strong_curvature,40,hcrd_thresholded,8.516699155171713,0.00036041433918152313,
weak_oscillation_strong_curvature,40,hcrd_adaptive_guided,7.950742203252162,0.0005612618269167144,
weak_oscillation_strong_curvature,40,gaussian_oracle,2.243681093140283e-06,0.008994674455787834,
endpoint_outlier,40,hcrd_raw,0.3769842708450302,,2.944863321382006
endpoint_outlier,40,hcrd_thresholded,2.896385970424221,,2.944863321382006
endpoint_outlier,40,hcrd_adaptive_guided,0.03752824005568276,,0.8291881273194184
endpoint_outlier,40,gaussian_oracle,0.002499605881615917,,0.24887784910942912
irregular_grid_affine_plus_sine,40,hcrd_raw,0.0007515087070644899,0.9992513139704973,
weak_oscillation_strong_curvature,41,hcrd_raw,8.516699155171713,0.00022838581772160845,
weak_oscillation_strong_curvature,41,hcrd_thresholded,8.516699155171713,0.00022838581772160845,
weak_oscillation_strong_curvature,41,hcrd_adaptive_guided,7.872116067238274,0.00022275251142981925,
weak_oscillation_strong_curvature,41,gaussian_oracle,2.138503548368617e-06,0.005577287793695693,
endpoint_outlier,41,hcrd_raw,0.052901791007971696,,1.1031605317178572
endpoint_outlier,41,hcrd_thresholded,0.40644667996981343,,1.1031605317178572
endpoint_outlier,41,hcrd_adaptive_guided,0.010642556233610139,,0.18743029097916786
endpoint_outlier,41,gaussian_oracle,0.16510306326434981,,1.180305035388157
irregular_grid_affine_plus_sine,41,hcrd_raw,0.0007737255682411376,0.9992742490192144,
weak_oscillation_strong_curvature,42,hcrd_raw,8.516699155171713,0.0004228586830266492,
weak_oscillation_strong_curvature,42,hcrd_thresholded,8.516699155171713,0.0004228586830266492,
weak_oscillation_strong_curvature,42,hcrd_adaptive_guided,7.9507846744756,0.0006234380686435349,
weak_oscillation_strong_curvature,42,gaussian_oracle,2.3120891610156513e-06,0.010614343115812755,
endpoint_outlier,42,hcrd_raw,0.06764667649237459,,1.2474603767389465
endpoint_outlier,42,hcrd_thresholded,0.5197322538130045,,1.2474603767389465
endpoint_outlier,42,hcrd_adaptive_guided,0.0023762577230484073,,0.19268403026892866
endpoint_outlier,42,gaussian_oracle,0.000965037356704206,,0.10016102138150007
irregular_grid_affine_plus_sine,42,hcrd_raw,0.0008224174050110752,0.9993060749587637,
weak_oscillation_strong_curvature,43,hcrd_raw,8.516699155171713,0.0002700657475663551,
weak_oscillation_strong_curvature,43,hcrd_thresholded,8.516699155171713,0.0002700657475663551,
weak_oscillation_strong_curvature,43,hcrd_adaptive_guided,7.950682710244033,0.00047540277831241456,
weak_oscillation_strong_curvature,43,gaussian_oracle,2.178594226979686e-06,0.0069869063127076594,
endpoint_outlier,43,hcrd_raw,0.15507993365689648,,1.888779806950758
endpoint_outlier,43,hcrd_thresholded,1.1914856371362994,,1.888779806950758
endpoint_outlier,43,hcrd_adaptive_guided,0.016802093757617705,,0.38400785415272676
endpoint_outlier,43,gaussian_oracle,0.008512492505701385,,0.0905340731331511
irregular_grid_affine_plus_sine,43,hcrd_raw,0.0009894629299465024,0.999133867352604,
weak_oscillation_strong_curvature,44,hcrd_raw,8.516699155171713,0.0006514891635137073,
weak_oscillation_strong_curvature,44,hcrd_thresholded,8.516699155171713,0.0006514891635137073,
weak_oscillation_strong_curvature,44,hcrd_adaptive_guided,7.95093745269442,0.0008453762785041964,
weak_oscillation_strong_curvature,44,gaussian_oracle,2.6405180510952077e-06,0.016069077120112518,
endpoint_outlier,44,hcrd_raw,0.12587014674573987,,1.7016290728715997
endpoint_outlier,44,hcrd_thresholded,0.9670656187124181,,1.7016290728715997
endpoint_outlier,44,hcrd_adaptive_guided,0.004346502831555807,,0.23183906174066227
endpoint_outlier,44,gaussian_oracle,0.07187936202830494,,0.7063611828645584
irregular_grid_affine_plus_sine,44,hcrd_raw,0.000745877255350037,0.9993014422666409,
weak_oscillation_strong_curvature,45,hcrd_raw,8.516699155171713,0.0006413278203679775,
weak_oscillation_strong_curvature,45,hcrd_thresholded,8.516699155171713,0.0006413278203679775,
weak_oscillation_strong_curvature,45,hcrd_adaptive_guided,7.950930778048873,0.0008357537858832437,
weak_oscillation_strong_curvature,45,gaussian_oracle,2.6226239193702412e-06,0.01584890444230531,
endpoint_outlier,45,hcrd_raw,0.009571094438963852,,1.1919187217626983
endpoint_outlier,45,hcrd_thresholded,0.47448166194984503,,1.1919187217626983
endpoint_outlier,45,hcrd_adaptive_guided,0.01442510699723732,,0.44415829798709816
endpoint_outlier,45,gaussian_oracle,0.028407985388713988,,0.43213261440257833
irregular_grid_affine_plus_sine,45,hcrd_raw,0.0008434047708533681,0.9991739141105117,
weak_oscillation_strong_curvature,46,hcrd_raw,8.516699155171713,0.000792419070947154,
weak_oscillation_strong_curvature,46,hcrd_thresholded,8.516699155171713,0.000792419070947154,
weak_oscillation_strong_curvature,46,hcrd_adaptive_guided,7.951032324169361,0.0009835990177039238,
weak_oscillation_strong_curvature,46,gaussian_oracle,2.915139633800598e-06,0.01955165826226179,
endpoint_outlier,46,hcrd_raw,0.0118661113566987,,1.281317011386231
endpoint_outlier,46,hcrd_thresholded,0.5483266240374689,,1.281317011386231
endpoint_outlier,46,hcrd_adaptive_guided,0.027019294427736915,,0.5362755355392194
endpoint_outlier,46,gaussian_oracle,0.08156241926286625,,0.7974264812084199
irregular_grid_affine_plus_sine,46,hcrd_raw,0.00024042015798748844,0.9997773915601427,
weak_oscillation_strong_curvature,47,hcrd_raw,8.516699155171713,0.0003156258569951727,
weak_oscillation_strong_curvature,47,hcrd_thresholded,8.516699155171713,0.0003156258569951727,
weak_oscillation_strong_curvature,47,hcrd_adaptive_guided,7.872116292860876,0.000307942963145493,
weak_oscillation_strong_curvature,47,gaussian_oracle,2.2029085219253822e-06,0.00771409815980856,
endpoint_outlier,47,hcrd_raw,0.04151614555608544,,2.7461928232315547
endpoint_outlier,47,hcrd_thresholded,2.5187682203613533,,2.7461928232315547
endpoint_outlier,47,hcrd_adaptive_guided,0.034078871231617694,,0.911551227766386
endpoint_outlier,47,gaussian_oracle,0.007634867398045046,,0.2787649167501959
irregular_grid_affine_plus_sine,47,hcrd_raw,0.0006077353597344727,0.9993889860798258,
weak_oscillation_strong_curvature,48,hcrd_raw,8.516699155171713,0.00020887017293137657,
weak_oscillation_strong_curvature,48,hcrd_thresholded,8.516699155171713,0.00020887017293137657,
weak_oscillation_strong_curvature,48,hcrd_adaptive_guided,7.872116029260496,0.00020126734710974864,
weak_oscillation_strong_curvature,48,gaussian_oracle,2.1326666673130852e-06,0.0049252436445974225,
endpoint_outlier,48,hcrd_raw,0.16921791989887258,,1.9729982673414557
endpoint_outlier,48,hcrd_thresholded,1.3001083786356213,,1.9729982673414557
endpoint_outlier,48,hcrd_adaptive_guided,0.012535333162483243,,0.4246352104259188
endpoint_outlier,48,gaussian_oracle,0.043309739978635464,,0.5806386637874137
irregular_grid_affine_plus_sine,48,hcrd_raw,0.0005413284765514935,0.9994742209868531,
weak_oscillation_strong_curvature,49,hcrd_raw,8.516699155171713,0.0005981076239278399,
weak_oscillation_strong_curvature,49,hcrd_thresholded,8.516699155171713,0.0005981076239278399,
weak_oscillation_strong_curvature,49,hcrd_adaptive_guided,7.9509021566753155,0.0007943420441594507,
weak_oscillation_strong_curvature,49,gaussian_oracle,2.551047093177856e-06,0.01486456774556196,
endpoint_outlier,49,hcrd_raw,0.19066945059009086,,2.09432504049703
endpoint_outlier,49,hcrd_thresholded,1.4649213890004762,,2.09432504049703
endpoint_outlier,49,hcrd_adaptive_guided,0.017912472786210054,,0.40068968814443284
endpoint_outlier,49,gaussian_oracle,0.11321590543529987,,0.9411241138321396
irregular_grid_affine_plus_sine,49,hcrd_raw,0.00038507682905494144,0.9996116702670998,
weak_oscillation_strong_curvature,50,hcrd_raw,8.516699155171713,0.0003545097121645556,
weak_oscillation_strong_curvature,50,hcrd_thresholded,8.516699155171713,0.0003545097121645556,
weak_oscillation_strong_curvature,50,hcrd_adaptive_guided,7.872116401285569,0.0003448475585017592,
weak_oscillation_strong_curvature,50,gaussian_oracle,2.2405380581161373e-06,0.008588406523151513,
endpoint_outlier,50,hcrd_raw,0.04192116193437921,,2.8155178002924846
endpoint_outlier,50,hcrd_thresholded,2.6475410600070615,,2.8155178002924846
endpoint_outlier,50,hcrd_adaptive_guided,0.02520572567218322,,0.9222031532121759
endpoint_outlier,50,gaussian_oracle,0.045223943637986944,,0.5859951218189674
irregular_grid_affine_plus_sine,50,hcrd_raw,0.0004336469999302057,0.9995730316076021,
weak_oscillation_strong_curvature,51,hcrd_raw,8.516699155171713,0.0006181626574877304,
weak_oscillation_strong_curvature,51,hcrd_thresholded,8.516699155171713,0.0006181626574877304,
weak_oscillation_strong_curvature,51,hcrd_adaptive_guided,7.950914191049971,0.0008109498424660781,
weak_oscillation_strong_curvature,51,gaussian_oracle,2.587561514201254e-06,0.015076666262910904,
endpoint_outlier,51,hcrd_raw,0.04823864521554334,,2.944181562347574
endpoint_outlier,51,hcrd_thresholded,2.8950450533662613,,2.944181562347574
endpoint_outlier,51,hcrd_adaptive_guided,0.043033636447716184,,0.9016836909989577
endpoint_outlier,51,gaussian_oracle,0.009816006922177361,,0.1335611900722169
irregular_grid_affine_plus_sine,51,hcrd_raw,0.00038705261384072416,0.9996321143464757,
weak_oscillation_strong_curvature,52,hcrd_raw,8.516699155171713,0.0006759471080364009,
weak_oscillation_strong_curvature,52,hcrd_thresholded,8.516699155171713,0.0006759471080364009,
weak_oscillation_strong_curvature,52,hcrd_adaptive_guided,7.950953113539272,0.0008676848769256708,
weak_oscillation_strong_curvature,52,gaussian_oracle,2.688251752878811e-06,0.016509830935150484,
endpoint_outlier,52,hcrd_raw,0.2968210159002198,,2.613068841146167
endpoint_outlier,52,hcrd_thresholded,2.2804883191900283,,2.613068841146167
endpoint_outlier,52,hcrd_adaptive_guided,0.026975571952388977,,0.6241883546761517
endpoint_outlier,52,gaussian_oracle,0.005486516271098725,,0.026729633830806843
irregular_grid_affine_plus_sine,52,hcrd_raw,0.0011683519609898233,0.9988625670520631,
weak_oscillation_strong_curvature,53,hcrd_raw,8.516699155171713,0.0006501680897121458,
weak_oscillation_strong_curvature,53,hcrd_thresholded,8.516699155171713,0.0006501680897121458,
weak_oscillation_strong_curvature,53,hcrd_adaptive_guided,7.950936409497017,0.0008437594102361153,
weak_oscillation_strong_curvature,53,gaussian_oracle,2.638547249268885e-06,0.016006743861385158,
endpoint_outlier,53,hcrd_raw,0.07890329370929845,,1.3472590018569823
endpoint_outlier,53,hcrd_thresholded,0.6062173161962476,,1.3472590018569823
endpoint_outlier,53,hcrd_adaptive_guided,0.00953982452817765,,0.19010136082334483
endpoint_outlier,53,gaussian_oracle,0.06349607670999,,0.680166192668044
irregular_grid_affine_plus_sine,53,hcrd_raw,0.000477475018789337,0.9995989130184993,
weak_oscillation_strong_curvature,54,hcrd_raw,8.516699155171713,0.000451533485489755,
weak_oscillation_strong_curvature,54,hcrd_thresholded,8.516699155171713,0.000451533485489755,
weak_oscillation_strong_curvature,54,hcrd_adaptive_guided,7.950803170867936,0.0006498904636564237,
weak_oscillation_strong_curvature,54,gaussian_oracle,2.3427369717009113e-06,0.011183018844855362,
endpoint_outlier,54,hcrd_raw,0.04471621777182375,,2.862071746412349
endpoint_outlier,54,hcrd_thresholded,2.7358178721789526,,2.862071746412349
endpoint_outlier,54,hcrd_adaptive_guided,0.03495218730494584,,0.9633719736104869
endpoint_outlier,54,gaussian_oracle,0.008751988301990029,,0.12919134799688337
irregular_grid_affine_plus_sine,54,hcrd_raw,0.0008581539875808309,0.9993220035645746,
weak_oscillation_strong_curvature,55,hcrd_raw,8.516699155171713,0.0006247393909725902,
weak_oscillation_strong_curvature,55,hcrd_thresholded,8.516699155171713,0.0006247393909725902,
weak_oscillation_strong_curvature,55,hcrd_adaptive_guided,7.950918894030042,0.0008179821853428202,
weak_oscillation_strong_curvature,55,gaussian_oracle,2.5965906558857105e-06,0.015297800836602838,
endpoint_outlier,55,hcrd_raw,0.028086445609182806,,2.2666127695258407
endpoint_outlier,55,hcrd_thresholded,1.7158558973304097,,2.2666127695258407
endpoint_outlier,55,hcrd_adaptive_guided,0.028547374083079526,,0.6746744533592558
endpoint_outlier,55,gaussian_oracle,0.010085567772858758,,0.1721130188738703
irregular_grid_affine_plus_sine,55,hcrd_raw,0.00063284319417282,0.9994783224394447,
weak_oscillation_strong_curvature,56,hcrd_raw,8.516699155171713,0.00031055299339147945,
weak_oscillation_strong_curvature,56,hcrd_thresholded,8.516699155171713,0.00031055299339147945,
weak_oscillation_strong_curvature,56,hcrd_adaptive_guided,7.950708184889546,0.0005113797647994231,
weak_oscillation_strong_curvature,56,gaussian_oracle,2.1977070290485525e-06,0.007676914071570604,
endpoint_outlier,56,hcrd_raw,0.04728102287093492,,2.9263743328995355
endpoint_outlier,56,hcrd_thresholded,2.860130882615815,,2.9263743328995355
endpoint_outlier,56,hcrd_adaptive_guided,0.0409353260343467,,0.9268540150656526
endpoint_outlier,56,gaussian_oracle,0.05148391737194435,,0.5841678733046396
irregular_grid_affine_plus_sine,56,hcrd_raw,0.0010592511856991533,0.9989740270997518,
weak_oscillation_strong_curvature,57,hcrd_raw,8.516699155171713,0.000774978742945832,
weak_oscillation_strong_curvature,57,hcrd_thresholded,8.516699155171713,0.000774978742945832,
weak_oscillation_strong_curvature,57,hcrd_adaptive_guided,7.951020451235877,0.0009662213514528653,
weak_oscillation_strong_curvature,57,gaussian_oracle,2.878536000692597e-06,0.019095467910649165,
endpoint_outlier,57,hcrd_raw,0.02672570631213973,,2.1925326337973052
endpoint_outlier,57,hcrd_thresholded,1.6055294704990457,,2.1925326337973052
endpoint_outlier,57,hcrd_adaptive_guided,0.024077165387673082,,0.6997822193652361
endpoint_outlier,57,gaussian_oracle,0.0009284509518884196,,0.06628141018775446
irregular_grid_affine_plus_sine,57,hcrd_raw,0.0006986101911412161,0.9993349930437966,
weak_oscillation_strong_curvature,58,hcrd_raw,8.516699155171713,0.00016574803881321193,
weak_oscillation_strong_curvature,58,hcrd_thresholded,8.516699155171713,0.00016574803881321193,
weak_oscillation_strong_curvature,58,hcrd_adaptive_guided,7.872115917744962,0.00016527122194783203,
weak_oscillation_strong_curvature,58,gaussian_oracle,2.1091703247229113e-06,0.004292197952502466,
endpoint_outlier,58,hcrd_raw,0.07314621294708593,,1.2971776304616753
endpoint_outlier,58,hcrd_thresholded,0.561985423144333,,1.2971776304616753
endpoint_outlier,58,hcrd_adaptive_guided,0.010395878248211829,,0.24807114289872373
endpoint_outlier,58,gaussian_oracle,0.004824740455034277,,0.032363965282859564
irregular_grid_affine_plus_sine,58,hcrd_raw,0.0006300225999070971,0.9993784597550791,
weak_oscillation_strong_curvature,59,hcrd_raw,8.516699155171713,0.0004166631476559183,
weak_oscillation_strong_curvature,59,hcrd_thresholded,8.516699155171713,0.0004166631476559183,
weak_oscillation_strong_curvature,59,hcrd_adaptive_guided,7.9507791102649605,0.0006144409083010574,
weak_oscillation_strong_curvature,59,gaussian_oracle,2.302838061600046e-06,0.010207863605526753,
endpoint_outlier,59,hcrd_raw,0.04617551351020479,,2.9116731377839216
endpoint_outlier,59,hcrd_thresholded,2.831466247814476,,2.9116731377839216
endpoint_outlier,59,hcrd_adaptive_guided,0.03951059532755792,,1.1498134631271704
endpoint_outlier,59,gaussian_oracle,0.21409675617467408,,1.3790629245706256
irregular_grid_affine_plus_sine,59,hcrd_raw,0.0005390872050800992,0.9996349490685924,
weak_oscillation_strong_curvature,60,hcrd_raw,8.516699155171713,0.0005912340701323005,
weak_oscillation_strong_curvature,60,hcrd_thresholded,8.516699155171713,0.0005912340701323005,
weak_oscillation_strong_curvature,60,hcrd_adaptive_guided,7.950896153967817,0.0007847233729534599,
weak_oscillation_strong_curvature,60,gaussian_oracle,2.5429028452703287e-06,0.01443045743426847,
endpoint_outlier,60,hcrd_raw,0.0389731064159645,,2.570078497145629
endpoint_outlier,60,hcrd_thresholded,2.2060681549508745,,2.570078497145629
endpoint_outlier,60,hcrd_adaptive_guided,0.047461011440390874,,0.9103984832413302
endpoint_outlier,60,gaussian_oracle,0.0928089327744847,,0.8198215318542391
irregular_grid_affine_plus_sine,60,hcrd_raw,0.0008029932008813076,0.999204959001806,
weak_oscillation_strong_curvature,61,hcrd_raw,8.516699155171713,0.0004820045978837048,
weak_oscillation_strong_curvature,61,hcrd_thresholded,8.516699155171713,0.0004820045978837048,
weak_oscillation_strong_curvature,61,hcrd_adaptive_guided,7.9508238045542985,0.0006800407572827683,
weak_oscillation_strong_curvature,61,gaussian_oracle,2.381287114823531e-06,0.01195917212050197,
endpoint_outlier,61,hcrd_raw,0.05299019238185725,,1.1040818634749188
endpoint_outlier,61,hcrd_thresholded,0.4071258714345246,,1.1040818634749188
endpoint_outlier,61,hcrd_adaptive_guided,0.0018688483788155338,,0.1633619153607021
endpoint_outlier,61,gaussian_oracle,0.0020090369743411838,,0.14921022169932857
irregular_grid_affine_plus_sine,61,hcrd_raw,0.0009543490018910156,0.9991386352284441,
weak_oscillation_strong_curvature,62,hcrd_raw,8.516699155171713,0.0005738946666688739,
weak_oscillation_strong_curvature,62,hcrd_thresholded,8.516699155171713,0.0005738946666688739,
weak_oscillation_strong_curvature,62,hcrd_adaptive_guided,7.950884940063144,0.0007686776695177413,
weak_oscillation_strong_curvature,62,gaussian_oracle,2.5129897541540874e-06,0.014096074963849098,
endpoint_outlier,62,hcrd_raw,0.012091056818975305,,1.286957606950585
endpoint_outlier,62,hcrd_thresholded,0.5531649215567259,,1.286957606950585
endpoint_outlier,62,hcrd_adaptive_guided,0.028346484802504592,,0.5577265497017647
endpoint_outlier,62,gaussian_oracle,0.11359012673087535,,0.9670674802379366
irregular_grid_affine_plus_sine,62,hcrd_raw,0.0004739666430482646,0.9996211354940256,
weak_oscillation_strong_curvature,63,hcrd_raw,8.516699155171713,0.0006865539274930909,
weak_oscillation_strong_curvature,63,hcrd_thresholded,8.516699155171713,0.0006865539274930909,
weak_oscillation_strong_curvature,63,hcrd_adaptive_guided,7.950960687548669,0.0008789985792719508,
weak_oscillation_strong_curvature,63,gaussian_oracle,2.7049917761599556e-06,0.016863181476400466,
endpoint_outlier,63,hcrd_raw,0.0303054752663331,,2.2952837452561825
endpoint_outlier,63,hcrd_thresholded,1.7595390577765018,,2.2952837452561825
endpoint_outlier,63,hcrd_adaptive_guided,0.033297460648312946,,0.8346340350249721
endpoint_outlier,63,gaussian_oracle,0.0856862859252327,,0.8184541399896998
irregular_grid_affine_plus_sine,63,hcrd_raw,0.0005343273956354742,0.9994665850008515,
weak_oscillation_strong_curvature,64,hcrd_raw,8.516699155171713,0.0004473424706165472,
weak_oscillation_strong_curvature,64,hcrd_thresholded,8.516699155171713,0.0004473424706165472,
weak_oscillation_strong_curvature,64,hcrd_adaptive_guided,7.950799746523443,0.0006445104429675221,
weak_oscillation_strong_curvature,64,gaussian_oracle,2.3386526139158583e-06,0.010964185609499032,
endpoint_outlier,64,hcrd_raw,0.07154832596925399,,1.2829309022933177
endpoint_outlier,64,hcrd_thresholded,0.5497087904494413,,1.2829309022933177
endpoint_outlier,64,hcrd_adaptive_guided,0.009431239406656246,,0.199342949657896
endpoint_outlier,64,gaussian_oracle,0.08086499184450764,,0.7919322632322192
irregular_grid_affine_plus_sine,64,hcrd_raw,0.0007724507220833507,0.9992440983572131,
weak_oscillation_strong_curvature,65,hcrd_raw,8.516699155171713,0.00042805060116605186,
weak_oscillation_strong_curvature,65,hcrd_thresholded,8.516699155171713,0.00042805060116605186,
weak_oscillation_strong_curvature,65,hcrd_adaptive_guided,7.950786334771199,0.000624679864435031,
weak_oscillation_strong_curvature,65,gaussian_oracle,2.3183876924227282e-06,0.01040037267411248,
endpoint_outlier,65,hcrd_raw,0.05971178990972771,,1.1720160864520501
endpoint_outlier,65,hcrd_thresholded,0.45876818726622415,,1.1720160864520501
endpoint_outlier,65,hcrd_adaptive_guided,0.008332565417457029,,0.17490971006852885
endpoint_outlier,65,gaussian_oracle,0.0064861250928594716,,0.25321808480998853
irregular_grid_affine_plus_sine,65,hcrd_raw,0.000680467165708497,0.9993334826127708,
weak_oscillation_strong_curvature,66,hcrd_raw,8.516699155171713,0.0008171378488839465,
weak_oscillation_strong_curvature,66,hcrd_thresholded,8.516699155171713,0.0008171378488839465,
weak_oscillation_strong_curvature,66,hcrd_adaptive_guided,7.951049263725998,0.001008458487257277,
weak_oscillation_strong_curvature,66,gaussian_oracle,2.968679421487965e-06,0.02021715886483182,
endpoint_outlier,66,hcrd_raw,0.028034701103107212,,2.161815671427753
endpoint_outlier,66,hcrd_thresholded,1.560858274465698,,2.161815671427753
endpoint_outlier,66,hcrd_adaptive_guided,0.02944637504838928,,0.7627971057823177
endpoint_outlier,66,gaussian_oracle,0.06511336943180679,,0.6760597534058844
irregular_grid_affine_plus_sine,66,hcrd_raw,0.001127373886441568,0.9991332236126458,
weak_oscillation_strong_curvature,67,hcrd_raw,8.516699155171713,0.0005227790396457559,
weak_oscillation_strong_curvature,67,hcrd_thresholded,8.516699155171713,0.0005227790396457559,
weak_oscillation_strong_curvature,67,hcrd_adaptive_guided,7.950851208719467,0.0007199508361893877,
weak_oscillation_strong_curvature,67,gaussian_oracle,2.4365116094167783e-06,0.012959955291839721,
endpoint_outlier,67,hcrd_raw,0.009974365329954396,,1.1596688167695264
endpoint_outlier,67,hcrd_thresholded,0.44915279637594796,,1.1596688167695264
endpoint_outlier,67,hcrd_adaptive_guided,0.01852254561361301,,0.45006399843332107
endpoint_outlier,67,gaussian_oracle,0.030037314328944627,,0.33722435291242625
irregular_grid_affine_plus_sine,67,hcrd_raw,0.0008144927376201841,0.9991955383876434,
weak_oscillation_strong_curvature,68,hcrd_raw,8.516699155171713,0.0004282951098298261,
weak_oscillation_strong_curvature,68,hcrd_thresholded,8.516699155171713,0.0004282951098298261,
weak_oscillation_strong_curvature,68,hcrd_adaptive_guided,7.950786557785009,0.0006250438379902736,
weak_oscillation_strong_curvature,68,gaussian_oracle,2.3182359139402458e-06,0.010418513386608855,
endpoint_outlier,68,hcrd_raw,0.12721443986501346,,1.7106916390091649
endpoint_outlier,68,hcrd_thresholded,0.9773938791517041,,1.7106916390091649
endpoint_outlier,68,hcrd_adaptive_guided,0.014992598842207324,,0.34739883577837916
endpoint_outlier,68,gaussian_oracle,0.006781618371800536,,0.05761840131887919
irregular_grid_affine_plus_sine,68,hcrd_raw,0.0004502070512713836,0.9996233630765856,
weak_oscillation_strong_curvature,69,hcrd_raw,8.516699155171713,0.0005984787584727186,
weak_oscillation_strong_curvature,69,hcrd_thresholded,8.516699155171713,0.0005984787584727186,
weak_oscillation_strong_curvature,69,hcrd_adaptive_guided,7.950901427331495,0.0007926649679222818,
weak_oscillation_strong_curvature,69,gaussian_oracle,2.5521359859087555e-06,0.014691715398150833,
endpoint_outlier,69,hcrd_raw,0.3582921593416188,,2.8709272001572455
endpoint_outlier,69,hcrd_thresholded,2.752773693459112,,2.8709272001572455
endpoint_outlier,69,hcrd_adaptive_guided,0.027862008336850607,,0.6848635531227103
endpoint_outlier,69,gaussian_oracle,0.08862342218915405,,0.8546190826728635
irregular_grid_affine_plus_sine,69,hcrd_raw,0.0008925072515345581,0.999102582542918,
weak_oscillation_strong_curvature,70,hcrd_raw,8.516699155171713,0.00017686806727990813,
weak_oscillation_strong_curvature,70,hcrd_thresholded,8.516699155171713,0.00017686806727990813,
weak_oscillation_strong_curvature,70,hcrd_adaptive_guided,7.872115938071982,0.00017279232851029666,
weak_oscillation_strong_curvature,70,gaussian_oracle,2.1099043396484284e-06,0.004339392211397645,
endpoint_outlier,70,hcrd_raw,0.07796273000039726,,1.339204953081786
endpoint_outlier,70,hcrd_thresholded,0.5989909257565489,,1.339204953081786
endpoint_outlier,70,hcrd_adaptive_guided,0.010699219661429659,,0.21447300160306243
endpoint_outlier,70,gaussian_oracle,0.10310092267413173,,0.9050312024580447
irregular_grid_affine_plus_sine,70,hcrd_raw,0.0006269017340408235,0.9994388081324417,
weak_oscillation_strong_curvature,71,hcrd_raw,8.516699155171713,0.00017231855476751673,
weak_oscillation_strong_curvature,71,hcrd_thresholded,8.516699155171713,0.00017231855476751673,
weak_oscillation_strong_curvature,71,hcrd_adaptive_guided,7.872115926765861,0.00016939669581241774,
weak_oscillation_strong_curvature,71,gaussian_oracle,2.107802182107485e-06,0.004299971287445938,
endpoint_outlier,71,hcrd_raw,0.02162210968527097,,1.9018558194167987
endpoint_outlier,71,hcrd_thresholded,1.2080400398286557,,1.9018558194167987
endpoint_outlier,71,hcrd_adaptive_guided,0.028109434866165895,,0.6282385039013071
endpoint_outlier,71,gaussian_oracle,0.0037284265014799313,,0.05108709310601789
irregular_grid_affine_plus_sine,71,hcrd_raw,0.0011993154550056736,0.9988752074649185,
weak_oscillation_strong_curvature,72,hcrd_raw,8.516699155171713,0.0007518974566047014,
weak_oscillation_strong_curvature,72,hcrd_thresholded,8.516699155171713,0.0007518974566047014,
weak_oscillation_strong_curvature,72,hcrd_adaptive_guided,7.951005634538975,0.0009450757736150038,
weak_oscillation_strong_curvature,72,gaussian_oracle,2.8310630005692573e-06,0.01865591925945745,
endpoint_outlier,72,hcrd_raw,0.10108053001046872,,1.5248856692725234
endpoint_outlier,72,hcrd_thresholded,0.7766059532115503,,1.5248856692725234
endpoint_outlier,72,hcrd_adaptive_guided,0.003206789849039217,,0.19357165389401199
endpoint_outlier,72,gaussian_oracle,0.0016391977883141895,,0.06158603888074726
irregular_grid_affine_plus_sine,72,hcrd_raw,0.00088102243074539,0.9992052809306262,
weak_oscillation_strong_curvature,73,hcrd_raw,8.516699155171713,0.00018546502540264006,
weak_oscillation_strong_curvature,73,hcrd_thresholded,8.516699155171713,0.00018546502540264006,
weak_oscillation_strong_curvature,73,hcrd_adaptive_guided,7.872115959203657,0.00018254966552180688,
weak_oscillation_strong_curvature,73,gaussian_oracle,2.114359855343992e-06,0.004643568980830014,
endpoint_outlier,73,hcrd_raw,0.16896905401806997,,1.9715469062341429
endpoint_outlier,73,hcrd_thresholded,1.2981963316314895,,1.9715469062341429
endpoint_outlier,73,hcrd_adaptive_guided,0.019165212499373373,,0.2408175731487099
endpoint_outlier,73,gaussian_oracle,0.027263270451903167,,0.30037351279216173
irregular_grid_affine_plus_sine,73,hcrd_raw,0.0008098706779119685,0.9993362025705893,
weak_oscillation_strong_curvature,74,hcrd_raw,8.516699155171713,0.0006079599690039844,
weak_oscillation_strong_curvature,74,hcrd_thresholded,8.516699155171713,0.0006079599690039844,
weak_oscillation_strong_curvature,74,hcrd_adaptive_guided,7.950907042620602,0.0008003483982029009,
weak_oscillation_strong_curvature,74,gaussian_oracle,2.573363802508161e-06,0.01476266230044558,
endpoint_outlier,74,hcrd_raw,0.1973230253817722,,2.1305533348307866
endpoint_outlier,74,hcrd_thresholded,1.516041083295934,,2.1305533348307866
endpoint_outlier,74,hcrd_adaptive_guided,0.014437125505518863,,0.41221997752197925
endpoint_outlier,74,gaussian_oracle,0.053794807845430476,,0.630871358199218
irregular_grid_affine_plus_sine,74,hcrd_raw,0.001284725206294583,0.9989078981074255,
weak_oscillation_strong_curvature,75,hcrd_raw,8.516699155171713,0.0007151160606764015,
weak_oscillation_strong_curvature,75,hcrd_thresholded,8.516699155171713,0.0007151160606764015,
weak_oscillation_strong_curvature,75,hcrd_adaptive_guided,7.950979666232323,0.0009064934363517254,
weak_oscillation_strong_curvature,75,gaussian_oracle,2.7604132585977777e-06,0.017517341011303388,
endpoint_outlier,75,hcrd_raw,0.024006354159133773,,2.067486884916211
endpoint_outlier,75,hcrd_thresholded,1.4276168853523281,,2.067486884916211
endpoint_outlier,75,hcrd_adaptive_guided,0.02317999961225163,,0.7418289570051964
endpoint_outlier,75,gaussian_oracle,0.05993521273798454,,0.6881560921680943
irregular_grid_affine_plus_sine,75,hcrd_raw,0.0005458197849860093,0.9995913642315293,
weak_oscillation_strong_curvature,76,hcrd_raw,8.516699155171713,0.00048785472252351765,
weak_oscillation_strong_curvature,76,hcrd_thresholded,8.516699155171713,0.00048785472252351765,
weak_oscillation_strong_curvature,76,hcrd_adaptive_guided,7.950827023117343,0.000684271195948916,
weak_oscillation_strong_curvature,76,gaussian_oracle,2.389734591465192e-06,0.011967929792996247,
endpoint_outlier,76,hcrd_raw,0.02186335972936879,,1.8599968466210877
endpoint_outlier,76,hcrd_thresholded,1.1554484259263798,,1.8599968466210877
endpoint_outlier,76,hcrd_adaptive_guided,0.035214658911706755,,0.727051485743277
endpoint_outlier,76,gaussian_oracle,0.004561580507957343,,0.3331776161994208
irregular_grid_affine_plus_sine,76,hcrd_raw,0.0005545864263062285,0.99949894326205,
weak_oscillation_strong_curvature,77,hcrd_raw,8.516699155171713,0.000851837097949921,
weak_oscillation_strong_curvature,77,hcrd_thresholded,8.516699155171713,0.000851837097949921,
weak_oscillation_strong_curvature,77,hcrd_adaptive_guided,7.951072007737039,0.0010412148564030415,
weak_oscillation_strong_curvature,77,gaussian_oracle,3.0479265974397036e-06,0.020957133157627518,
endpoint_outlier,77,hcrd_raw,0.029064165755392342,,2.2634510820698654
endpoint_outlier,77,hcrd_thresholded,1.7110723573395992,,2.2634510820698654
endpoint_outlier,77,hcrd_adaptive_guided,0.03824403751431203,,0.7018721125628984
endpoint_outlier,77,gaussian_oracle,0.009219594700823968,,0.1455599290422595
irregular_grid_affine_plus_sine,77,hcrd_raw,0.0007226915745364417,0.9993181894860559,
weak_oscillation_strong_curvature,78,hcrd_raw,8.516699155171713,0.0008219034591463564,
weak_oscillation_strong_curvature,78,hcrd_thresholded,8.516699155171713,0.0008219034591463564,
weak_oscillation_strong_curvature,78,hcrd_adaptive_guided,7.9510517865867065,0.0010117138289339137,
weak_oscillation_strong_curvature,78,gaussian_oracle,2.980616451632129e-06,0.020203678313989525,
endpoint_outlier,78,hcrd_raw,0.27810754747504773,,2.5293557434138596
endpoint_outlier,78,hcrd_thresholded,2.1367119560989374,,2.5293557434138596
endpoint_outlier,78,hcrd_adaptive_guided,0.023362748692172797,,0.6263558367890818
endpoint_outlier,78,gaussian_oracle,0.09496726454737664,,0.9007209458544514
irregular_grid_affine_plus_sine,78,hcrd_raw,0.0004462651958926057,0.9995891770915908,
weak_oscillation_strong_curvature,79,hcrd_raw,8.516699155171713,0.0005153096966866505,
weak_oscillation_strong_curvature,79,hcrd_thresholded,8.516699155171713,0.0005153096966866505,
weak_oscillation_strong_curvature,79,hcrd_adaptive_guided,7.9508451131198425,0.0007103807419959412,
weak_oscillation_strong_curvature,79,gaussian_oracle,2.4290773466845622e-06,0.012567424172161328,
endpoint_outlier,79,hcrd_raw,0.11089262121179025,,1.5971836374057116
endpoint_outlier,79,hcrd_thresholded,0.8519926616074385,,1.5971836374057116
endpoint_outlier,79,hcrd_adaptive_guided,0.014703556906790259,,0.3417515520274428
endpoint_outlier,79,gaussian_oracle,0.003713151969109107,,0.06317038196459723
irregular_grid_affine_plus_sine,79,hcrd_raw,0.0007959209486014111,0.9992792570278409,
weak_oscillation_strong_curvature,80,hcrd_raw,8.516699155171713,0.00017332571519511748,
weak_oscillation_strong_curvature,80,hcrd_thresholded,8.516699155171713,0.00017332571519511748,
weak_oscillation_strong_curvature,80,hcrd_adaptive_guided,7.872115929162988,0.00016948978774417568,
weak_oscillation_strong_curvature,80,gaussian_oracle,2.108154524597558e-06,0.004263453697073021,
endpoint_outlier,80,hcrd_raw,0.009223888240199976,,1.041960411019243
endpoint_outlier,80,hcrd_thresholded,0.3626006566024759,,1.041960411019243
endpoint_outlier,80,hcrd_adaptive_guided,0.02125841821534419,,0.44197224652769235
endpoint_outlier,80,gaussian_oracle,0.043264768431505674,,0.5291862770714421
irregular_grid_affine_plus_sine,80,hcrd_raw,0.0005425966381270876,0.9994669440110272,
weak_oscillation_strong_curvature,81,hcrd_raw,8.516699155171713,0.0001895648517966933,
weak_oscillation_strong_curvature,81,hcrd_thresholded,8.516699155171713,0.0001895648517966933,
weak_oscillation_strong_curvature,81,hcrd_adaptive_guided,7.872115975715912,0.00018330955818304665,
weak_oscillation_strong_curvature,81,gaussian_oracle,2.119251137382726e-06,0.004517623095084833,
endpoint_outlier,81,hcrd_raw,0.29828187346052215,,2.619491290676151
endpoint_outlier,81,hcrd_thresholded,2.291712149120553,,2.619491290676151
endpoint_outlier,81,hcrd_adaptive_guided,0.012230128356901626,,0.4906495502433321
endpoint_outlier,81,gaussian_oracle,0.0637949239642254,,0.6755432112341029
irregular_grid_affine_plus_sine,81,hcrd_raw,0.0006439871358472535,0.9993487430547279,
weak_oscillation_strong_curvature,82,hcrd_raw,8.516699155171713,0.00014481549256532857,
weak_oscillation_strong_curvature,82,hcrd_thresholded,8.516699155171713,0.00014481549256532857,
weak_oscillation_strong_curvature,82,hcrd_adaptive_guided,7.8721158599221885,0.00014260311581989872,
weak_oscillation_strong_curvature,82,gaussian_oracle,2.0961390896989826e-06,0.0036303449935551598,
endpoint_outlier,82,hcrd_raw,0.3670570130498735,,2.905830586855081
endpoint_outlier,82,hcrd_thresholded,2.8201144322557323,,2.905830586855081
endpoint_outlier,82,hcrd_adaptive_guided,0.018390868746590513,,0.6393060035118292
endpoint_outlier,82,gaussian_oracle,0.000883233641240098,,0.10283180618756071
irregular_grid_affine_plus_sine,82,hcrd_raw,0.000876069018403103,0.9992421926953802,
weak_oscillation_strong_curvature,83,hcrd_raw,8.516699155171713,0.0007651450736003547,
weak_oscillation_strong_curvature,83,hcrd_thresholded,8.516699155171713,0.0007651450736003547,
weak_oscillation_strong_curvature,83,hcrd_adaptive_guided,7.951013360123184,0.000955594788660822,
weak_oscillation_strong_curvature,83,gaussian_oracle,2.8602575639502425e-06,0.01875641441520672,
endpoint_outlier,83,hcrd_raw,0.0460325790588413,,1.0290493001026282
endpoint_outlier,83,hcrd_thresholded,0.3536702363459613,,1.0290493001026282
endpoint_outlier,83,hcrd_adaptive_guided,0.0014893420562399919,,0.16975276913165516
endpoint_outlier,83,gaussian_oracle,0.005428676467891456,,0.09221065444800675
irregular_grid_affine_plus_sine,83,hcrd_raw,0.0008159025360020555,0.999187928488247,
weak_oscillation_strong_curvature,84,hcrd_raw,8.516699155171713,0.0004418041052123577,
weak_oscillation_strong_curvature,84,hcrd_thresholded,8.516699155171713,0.0004418041052123577,
weak_oscillation_strong_curvature,84,hcrd_adaptive_guided,7.950796380908161,0.0006398402475960396,
weak_oscillation_strong_curvature,84,gaussian_oracle,2.331053046381405e-06,0.010897372726736656,
endpoint_outlier,84,hcrd_raw,0.038967880909987124,,2.6429782627735023
endpoint_outlier,84,hcrd_thresholded,2.3329924427174684,,2.6429782627735023
endpoint_outlier,84,hcrd_adaptive_guided,0.03525473305491612,,0.9046139000902931
endpoint_outlier,84,gaussian_oracle,0.009013561808561344,,0.12769149244634864
irregular_grid_affine_plus_sine,84,hcrd_raw,0.000745882205722244,0.9992827573689106,
weak_oscillation_strong_curvature,85,hcrd_raw,8.516699155171713,0.00032446560211337177,
weak_oscillation_strong_curvature,85,hcrd_thresholded,8.516699155171713,0.00032446560211337177,
weak_oscillation_strong_curvature,85,hcrd_adaptive_guided,7.950717860988658,0.0005256867052886872,
weak_oscillation_strong_curvature,85,gaussian_oracle,2.209998048596639e-06,0.008078945826628353,
endpoint_outlier,85,hcrd_raw,0.3300317205589228,,2.7553791610834786
endpoint_outlier,85,hcrd_thresholded,2.5356475565389824,,2.7553791610834786
endpoint_outlier,85,hcrd_adaptive_guided,0.02488531603035556,,0.6755051453830151
endpoint_outlier,85,gaussian_oracle,0.05730988905578918,,0.6883173453891094
irregular_grid_affine_plus_sine,85,hcrd_raw,0.0006841344246615584,0.9993226873634795,
weak_oscillation_strong_curvature,86,hcrd_raw,8.516699155171713,0.0005717805608758911,
weak_oscillation_strong_curvature,86,hcrd_thresholded,8.516699155171713,0.0005717805608758911,
weak_oscillation_strong_curvature,86,hcrd_adaptive_guided,7.950884845806184,0.0007693687776865235,
weak_oscillation_strong_curvature,86,gaussian_oracle,2.5115239353552834e-06,0.014281953298613289,
endpoint_outlier,86,hcrd_raw,0.3842573732612638,,2.97313502110282
endpoint_outlier,86,hcrd_thresholded,2.9522655214532803,,2.97313502110282
endpoint_outlier,86,hcrd_adaptive_guided,0.01389933251517839,,0.530597627741007
endpoint_outlier,86,gaussian_oracle,0.0027641881350982346,,0.017038095616271565
irregular_grid_affine_plus_sine,86,hcrd_raw,0.0005921933065260565,0.9994667900157995,
weak_oscillation_strong_curvature,87,hcrd_raw,8.516699155171713,0.0006388399839432876,
weak_oscillation_strong_curvature,87,hcrd_thresholded,8.516699155171713,0.0006388399839432876,
weak_oscillation_strong_curvature,87,hcrd_adaptive_guided,7.950929015425453,0.0008331306055431537,
weak_oscillation_strong_curvature,87,gaussian_oracle,2.6183870144912227e-06,0.015771027074837893,
endpoint_outlier,87,hcrd_raw,0.3077900503604738,,2.6609138627688846
endpoint_outlier,87,hcrd_thresholded,2.3647638711873666,,2.6609138627688846
endpoint_outlier,87,hcrd_adaptive_guided,0.027802074902127414,,0.6702798605415783
endpoint_outlier,87,gaussian_oracle,0.1545335382987394,,1.1642737871422248
irregular_grid_affine_plus_sine,87,hcrd_raw,0.000343293633539767,0.9996716835567865,
weak_oscillation_strong_curvature,88,hcrd_raw,8.516699155171713,0.0007803784879467404,
weak_oscillation_strong_curvature,88,hcrd_thresholded,8.516699155171713,0.0007803784879467404,
weak_oscillation_strong_curvature,88,hcrd_adaptive_guided,7.95102299734187,0.000969240557408671,
weak_oscillation_strong_curvature,88,gaussian_oracle,2.8975769417982084e-06,0.01899353514218375,
endpoint_outlier,88,hcrd_raw,0.04757297094150064,,2.936810793065752
endpoint_outlier,88,hcrd_thresholded,2.880567686444807,,2.936810793065752
endpoint_outlier,88,hcrd_adaptive_guided,0.0409462114908275,,0.9428752485451274
endpoint_outlier,88,gaussian_oracle,0.0018317938381400157,,0.13741559311822504
irregular_grid_affine_plus_sine,88,hcrd_raw,0.00040775176811163434,0.9996269454471683,
weak_oscillation_strong_curvature,89,hcrd_raw,8.516699155171713,0.0006618027208542318,
weak_oscillation_strong_curvature,89,hcrd_thresholded,8.516699155171713,0.0006618027208542318,
weak_oscillation_strong_curvature,89,hcrd_adaptive_guided,7.9509434854399075,0.0008535853607061288,
weak_oscillation_strong_curvature,89,gaussian_oracle,2.663637956571982e-06,0.01613696255626,
endpoint_outlier,89,hcrd_raw,0.0386577153760354,,2.7042736887464756
endpoint_outlier,89,hcrd_thresholded,2.4424598582100514,,2.7042736887464756
endpoint_outlier,89,hcrd_adaptive_guided,0.02340744207069621,,0.8105272783375368
endpoint_outlier,89,gaussian_oracle,0.025826177096547907,,0.41505760187004703
irregular_grid_affine_plus_sine,89,hcrd_raw,0.00047137456663812,0.9995196008309536,
weak_oscillation_strong_curvature,90,hcrd_raw,8.516699155171713,0.00070272317110957,
weak_oscillation_strong_curvature,90,hcrd_thresholded,8.516699155171713,0.00070272317110957,
weak_oscillation_strong_curvature,90,hcrd_adaptive_guided,7.950972165158505,0.0008960913222183871,
weak_oscillation_strong_curvature,90,gaussian_oracle,2.733977993355962e-06,0.017376914876499533,
endpoint_outlier,90,hcrd_raw,0.025860162901571934,,2.0832943296726043
endpoint_outlier,90,hcrd_thresholded,1.449530683890372,,2.0832943296726043
endpoint_outlier,90,hcrd_adaptive_guided,0.03348293213346605,,0.783206929824253
endpoint_outlier,90,gaussian_oracle,0.0022641625486208134,,0.17739541140114248
irregular_grid_affine_plus_sine,90,hcrd_raw,0.0004974070880797207,0.9996940569637165,
weak_oscillation_strong_curvature,91,hcrd_raw,8.516699155171713,0.00018407103395012226,
weak_oscillation_strong_curvature,91,hcrd_thresholded,8.516699155171713,0.00018407103395012226,
weak_oscillation_strong_curvature,91,hcrd_adaptive_guided,7.8721159617737,0.00017801751446657333,
weak_oscillation_strong_curvature,91,gaussian_oracle,2.116245706167722e-06,0.004388348897411941,
endpoint_outlier,91,hcrd_raw,0.02755994963359174,,2.2061661648948947
endpoint_outlier,91,hcrd_thresholded,1.6255584456225103,,2.2061661648948947
endpoint_outlier,91,hcrd_adaptive_guided,0.035928030411281384,,0.6867642738831412
endpoint_outlier,91,gaussian_oracle,0.006979851664507328,,0.11682957629155354
irregular_grid_affine_plus_sine,91,hcrd_raw,0.000540716235744069,0.9994781555459162,
weak_oscillation_strong_curvature,92,hcrd_raw,8.516699155171713,0.0007205677515465878,
weak_oscillation_strong_curvature,92,hcrd_thresholded,8.516699155171713,0.0007205677515465878,
weak_oscillation_strong_curvature,92,hcrd_adaptive_guided,7.950984523827805,0.0009143079270160625,
weak_oscillation_strong_curvature,92,gaussian_oracle,2.768753761064172e-06,0.017878621974227578,
endpoint_outlier,92,hcrd_raw,0.04418336572527352,,2.8144161492617883
endpoint_outlier,92,hcrd_thresholded,2.6454696145890026,,2.8144161492617883
endpoint_outlier,92,hcrd_adaptive_guided,0.04076014584617981,,0.9960367598168243
endpoint_outlier,92,gaussian_oracle,0.09833387736931858,,0.8762006198676066
irregular_grid_affine_plus_sine,92,hcrd_raw,0.0008620552361901063,0.9991696529244943,
weak_oscillation_strong_curvature,93,hcrd_raw,8.516699155171713,0.0007406588905747259,
weak_oscillation_strong_curvature,93,hcrd_thresholded,8.516699155171713,0.0007406588905747259,
weak_oscillation_strong_curvature,93,hcrd_adaptive_guided,7.9509974979268145,0.0009328731722927848,
weak_oscillation_strong_curvature,93,gaussian_oracle,2.8080182351096546e-06,0.01827632315640004,
endpoint_outlier,93,hcrd_raw,0.01892600555220193,,1.80269718686358
endpoint_outlier,93,hcrd_thresholded,1.085354750443209,,1.80269718686358
endpoint_outlier,93,hcrd_adaptive_guided,0.02232540527522,,0.68055202060732
endpoint_outlier,93,gaussian_oracle,0.002491818551947268,,0.2475809442324728
irregular_grid_affine_plus_sine,93,hcrd_raw,0.0005322741016477826,0.9994859028855367,
weak_oscillation_strong_curvature,94,hcrd_raw,8.516699155171713,0.0003573997110048885,
weak_oscillation_strong_curvature,94,hcrd_thresholded,8.516699155171713,0.0003573997110048885,
weak_oscillation_strong_curvature,94,hcrd_adaptive_guided,7.950739494944262,0.0005568759205194769,
weak_oscillation_strong_curvature,94,gaussian_oracle,2.2401455282640963e-06,0.008794526752595398,
endpoint_outlier,94,hcrd_raw,0.13642656029259453,,1.7715482792923734
endpoint_outlier,94,hcrd_thresholded,1.0481709869193452,,1.7715482792923734
endpoint_outlier,94,hcrd_adaptive_guided,0.01772965226549996,,0.5454242182075468
endpoint_outlier,94,gaussian_oracle,0.02245117805017349,,0.6159706765848725
irregular_grid_affine_plus_sine,94,hcrd_raw,0.0009969087862871095,0.9990547627942616,
weak_oscillation_strong_curvature,95,hcrd_raw,8.516699155171713,0.0005982504082729297,
weak_oscillation_strong_curvature,95,hcrd_thresholded,8.516699155171713,0.0005982504082729297,
weak_oscillation_strong_curvature,95,hcrd_adaptive_guided,7.950901442705494,0.0007927951697337038,
weak_oscillation_strong_curvature,95,gaussian_oracle,2.551136002504796e-06,0.014719600847032655,
endpoint_outlier,95,hcrd_raw,0.18255525396935093,,2.049277142651926
endpoint_outlier,95,hcrd_thresholded,1.4025796759075286,,2.049277142651926
endpoint_outlier,95,hcrd_adaptive_guided,0.014787899212762263,,0.402079670725084
endpoint_outlier,95,gaussian_oracle,0.06916746865030782,,0.7265198816258674
irregular_grid_affine_plus_sine,95,hcrd_raw,0.0006567745652889684,0.9993803983768687,
weak_oscillation_strong_curvature,96,hcrd_raw,8.516699155171713,0.0004955180885848835,
weak_oscillation_strong_curvature,96,hcrd_thresholded,8.516699155171713,0.0004955180885848835,
weak_oscillation_strong_curvature,96,hcrd_adaptive_guided,7.950832243688091,0.0006919198439511263,
weak_oscillation_strong_curvature,96,gaussian_oracle,2.399669058929738e-06,0.012169751095563522,
endpoint_outlier,96,hcrd_raw,0.03059915712741868,,2.380769945717454
endpoint_outlier,96,hcrd_thresholded,1.8930453249761419,,2.380769945717454
endpoint_outlier,96,hcrd_adaptive_guided,0.022300867035606985,,0.8139218003630764
endpoint_outlier,96,gaussian_oracle,0.0034475942208674554,,0.04312883228015618
irregular_grid_affine_plus_sine,96,hcrd_raw,0.0006669724573241517,0.9994199457614977,
weak_oscillation_strong_curvature,97,hcrd_raw,8.516699155171713,0.0007888918770251359,
weak_oscillation_strong_curvature,97,hcrd_thresholded,8.516699155171713,0.0007888918770251359,
weak_oscillation_strong_curvature,97,hcrd_adaptive_guided,7.9510288459704554,0.0009778382204754497,
weak_oscillation_strong_curvature,97,gaussian_oracle,2.914310471715642e-06,0.01923129190736766,
endpoint_outlier,97,hcrd_raw,0.3337594835775332,,2.770896698133088
endpoint_outlier,97,hcrd_thresholded,2.5642881162206037,,2.770896698133088
endpoint_outlier,97,hcrd_adaptive_guided,0.013666150818582336,,0.535777570694826
endpoint_outlier,97,gaussian_oracle,0.03341163711008312,,0.4817827700657029
irregular_grid_affine_plus_sine,97,hcrd_raw,0.0006370741133627521,0.9993720982219964,
weak_oscillation_strong_curvature,98,hcrd_raw,8.516699155171713,0.000259150333669232,
weak_oscillation_strong_curvature,98,hcrd_thresholded,8.516699155171713,0.000259150333669232,
weak_oscillation_strong_curvature,98,hcrd_adaptive_guided,7.950674735361643,0.0004633572192817299,
weak_oscillation_strong_curvature,98,gaussian_oracle,2.1633315064336587e-06,0.006610854089832391,
endpoint_outlier,98,hcrd_raw,0.07888541051692388,,1.3471063171203985
endpoint_outlier,98,hcrd_thresholded,0.6060799188788903,,1.3471063171203985
endpoint_outlier,98,hcrd_adaptive_guided,0.012440530756949748,,0.24597847401222
endpoint_outlier,98,gaussian_oracle,0.006097818144957629,,0.03425780127291844
irregular_grid_affine_plus_sine,98,hcrd_raw,0.0006774061890241987,0.9993291655077625,
weak_oscillation_strong_curvature,99,hcrd_raw,8.516699155171713,0.0008466042826337608,
weak_oscillation_strong_curvature,99,hcrd_thresholded,8.516699155171713,0.0008466042826337608,
weak_oscillation_strong_curvature,99,hcrd_adaptive_guided,7.951068368589964,0.0010358413425189234,
weak_oscillation_strong_curvature,99,gaussian_oracle,3.0364725769906555e-06,0.020804016870725115,
endpoint_outlier,99,hcrd_raw,0.08424971355503492,,1.3921554895439778
endpoint_outlier,99,hcrd_thresholded,0.6472940841963495,,1.3921554895439778
endpoint_outlier,99,hcrd_adaptive_guided,0.010785063719089001,,0.2798143693377675
endpoint_outlier,99,gaussian_oracle,0.14677803507252182,,1.1287230739829415
irregular_grid_affine_plus_sine,99,hcrd_raw,0.0007648907878988117,0.9992501650106295,
