file,length,read_seconds,detector_seconds,score_checksum
001_NAB_id_1_Facility_tr_1007_1st_2014.csv,4031,0.002660800004377961,0.005522799910977483,5794.811584581791
002_NAB_id_2_WebService_tr_1500_1st_4106.csv,6000,0.0022872999543324113,0.008637399994768202,8501.59839141172
005_NAB_id_5_Traffic_tr_594_1st_1645.csv,2379,0.0020052000181749463,0.002997900010086596,2757.4129820129374
006_NAB_id_6_Traffic_tr_2579_1st_5839.csv,10319,0.002845300012268126,0.010318399989046156,11946.195981696172
008_NAB_id_8_Synthetic_tr_1007_1st_2734.csv,4031,0.0015644999220967293,0.0023522000992670655,4132.914173408979
009_NAB_id_9_Traffic_tr_500_1st_438.csv,2161,0.0015048000495880842,0.0033500000135973096,3328.9780314101763
010_NAB_id_10_WebService_tr_500_1st_271.csv,1000,0.0017049000598490238,0.002387199900113046,1668.86423929801
011_NAB_id_11_Facility_tr_1007_1st_1526.csv,4031,0.0036048999754711986,0.007172000012360513,10499.195805619369
013_NAB_id_13_Traffic_tr_623_1st_2084.csv,2494,0.0019442999036982656,0.003556600073352456,3008.3064186695847
014_NAB_id_14_WebService_tr_500_1st_1045.csv,1537,0.001535800052806735,0.0024497000267729163,1937.5080056846828
015_NAB_id_15_Synthetic_tr_1007_1st_2787.csv,4031,0.0020195000106468797,0.004949199967086315,4872.79444139133
016_NAB_id_16_Environment_tr_1816_1st_3540.csv,7266,0.002664300031028688,0.008757199975661933,8919.979821700708
017_NAB_id_17_Synthetic_tr_1007_1st_1805.csv,4031,0.0018366000149399042,0.0020080000394955277,4304.637821796876
018_NAB_id_18_Facility_tr_500_1st_669.csv,1881,0.0015154000138863921,0.002029099967330694,2183.0197626924855
019_NAB_id_19_Facility_tr_1007_1st_1171.csv,4031,0.001638400019146502,0.005215600016526878,4435.317069410139
020_NAB_id_20_Synthetic_tr_1007_1st_2679.csv,4031,0.002184299984946847,0.004763000062666833,6502.974475460922
022_NAB_id_22_Facility_tr_1007_1st_2980.csv,4031,0.002124300110153854,0.0057857000501826406,7048.666077618795
023_NAB_id_23_Facility_tr_4512_1st_16551.csv,18049,0.004179999930784106,0.02102680003736168,21056.485029320138
024_NAB_id_24_Synthetic_tr_1007_1st_2787.csv,4031,0.0022791000083088875,0.00591449998319149,5024.107111529195
025_NAB_id_25_WebService_tr_3958_1st_4614.csv,15832,0.0034443000331521034,0.020062899915501475,21403.85572265092
026_NAB_id_26_Traffic_tr_624_1st_2261.csv,2499,0.0018764999695122242,0.003472800017334521,2873.454263047707
027_NAB_id_27_Facility_tr_757_1st_2582.csv,3031,0.0026162000140175223,0.004140399978496134,3795.896378169666
028_NAB_id_28_Facility_tr_1007_1st_3447.csv,4031,0.0016259000403806567,0.004749199957586825,5348.588779692061
032_WSD_id_4_WebService_tr_4559_1st_11822.csv,10686,0.0027263000374659896,0.013502700021490455,13611.955857418292
039_WSD_id_11_WebService_tr_1746_1st_1846.csv,18219,0.003462800057604909,0.02357079996727407,22789.2119075629
040_WSD_id_12_WebService_tr_4559_1st_9714.csv,18236,0.003448000061325729,0.026774499914608896,22596.041128155928
043_WSD_id_15_WebService_tr_4521_1st_6828.csv,18085,0.005853399983607233,0.025456500006839633,21905.484893937948
049_WSD_id_21_WebService_tr_4297_1st_7097.csv,17189,0.0038575000362470746,0.021052500000223517,20873.4552850084
054_WSD_id_26_WebService_tr_2409_1st_2509.csv,18391,0.003590799984522164,0.028865400003269315,22462.5653063645
058_WSD_id_30_WebService_tr_1136_1st_1236.csv,18236,0.005418599932454526,0.024086000048555434,22386.206256057554
060_WSD_id_32_WebService_tr_4576_1st_4766.csv,18305,0.004184299963526428,0.022456199978478253,23091.318886055098
068_WSD_id_40_WebService_tr_4549_1st_13322.csv,18197,0.0038232000079005957,0.022535700001753867,22545.242646404397
074_WSD_id_46_WebService_tr_990_1st_1090.csv,18236,0.004833500017412007,0.023257300024852157,29929.69410886836
089_WSD_id_61_WebService_tr_1010_1st_1110.csv,17429,0.004027799936011434,0.023883200017735362,26747.40489190392
094_WSD_id_66_WebService_tr_3309_1st_3914.csv,13237,0.003308200044557452,0.02022059995215386,17280.789019549775
099_WSD_id_71_WebService_tr_4559_1st_14411.csv,18236,0.013943199999630451,0.024758500047028065,22423.50233125423
106_WSD_id_78_WebService_tr_3363_1st_3463.csv,18236,0.0035798000171780586,0.03131420002318919,23407.155686860526
113_WSD_id_85_WebService_tr_500_1st_335.csv,18242,0.0034335999516770244,0.022650000057183206,23256.791757930725
117_WSD_id_89_WebService_tr_3251_1st_3351.csv,16376,0.005564599996432662,0.024228200083598495,19935.68385758392
125_WSD_id_97_WebService_tr_2217_1st_2317.csv,18250,0.004328299895860255,0.023070600000210106,24214.951480583783
130_WSD_id_102_WebService_tr_2362_1st_2462.csv,18236,0.00375879998318851,0.0217322000535205,22742.425497249667
137_WSD_id_109_WebService_tr_4559_1st_14404.csv,18236,0.0044677999103441834,0.02250560000538826,23460.95774653033
139_WSD_id_111_WebService_tr_1701_1st_1801.csv,18381,0.003364300006069243,0.024675399996340275,23248.628104931755
140_MSL_id_1_Sensor_tr_530_1st_630.csv,2430,0.001587799983099103,0.0008231000974774361,761.2513514163279
141_MSL_id_2_Sensor_tr_500_1st_550.csv,2264,0.0014564000302925706,0.00313960004132241,4748.637158728032
143_MSL_id_4_Sensor_tr_980_1st_3550.csv,3922,0.0021008000476285815,0.0049715000204741955,11084.521493969303
144_MSL_id_5_Sensor_tr_1525_1st_4590.csv,6100,0.0027316000778228045,0.003278799937106669,6078.799209115134
145_MSL_id_6_Sensor_tr_530_1st_630.csv,2430,0.0021394999930635095,0.0014308999525383115,3099.623916380323
147_MSL_id_8_Sensor_tr_590_1st_690.csv,2430,0.0022893999703228474,0.0020849000429734588,17023805297659.523
148_MSL_id_9_Sensor_tr_883_1st_1238.csv,3535,0.002940800040960312,0.0044775999849662185,4201.602542253799
149_Stock_id_1_Finance_tr_500_1st_7.csv,20000,0.004185000085271895,0.027719699894078076,42122.09926760962
151_Stock_id_3_Finance_tr_500_1st_62.csv,10000,0.002653100062161684,0.012338100001215935,12134.968883314614
155_Stock_id_7_Finance_tr_500_1st_18.csv,20000,0.0036939000710844994,0.027857699897140265,53891.696255942144
156_Stock_id_8_Finance_tr_500_1st_24.csv,10000,0.0030948000494390726,0.012375499936752021,11832.134982309053
160_Stock_id_12_Finance_tr_500_1st_14.csv,20000,0.0036774000618606806,0.03334369999356568,40290.23328528137
162_Stock_id_14_Finance_tr_500_1st_4.csv,10000,0.0027760000666603446,0.012561000068672001,11513.377436597984
165_Stock_id_17_Finance_tr_500_1st_7.csv,20000,0.004979299963451922,0.022568300017155707,20564.87179766095
166_Stock_id_18_Finance_tr_500_1st_18.csv,20000,0.005678200046531856,0.020051099942065775,20076.409684754828
169_Daphnet_id_1_HumanActivity_tr_9693_1st_20732.csv,38774,0.005603100056760013,0.05499590002000332,59335.498328196125
170_MITDB_id_1_Medical_tr_17675_1st_17775.csv,500000,0.04665599996224046,2.4474835000000894,954021.7265616782
171_MITDB_id_2_Medical_tr_50000_1st_88864.csv,650000,0.09695139992982149,4.528144899988547,1537601.0665890905
172_MITDB_id_3_Medical_tr_27274_1st_27374.csv,650000,0.0747628000099212,4.381034200079739,795974.3897966929
173_MITDB_id_4_Medical_tr_13620_1st_13720.csv,650000,0.06852229998912662,4.3491886999690905,2015540.5879055131
175_MITDB_id_6_Medical_tr_27274_1st_27374.csv,650000,0.08309420000296086,4.887919100001454,1066842.2729022084
176_MITDB_id_7_Medical_tr_6232_1st_6332.csv,650000,0.08748850005213171,4.7367094999644905,948666.1178026826
177_MITDB_id_8_Medical_tr_17675_1st_17775.csv,650000,0.09158800006844103,4.227939400007017,2402889.1638031155
178_SMD_id_1_Facility_tr_6000_1st_10609.csv,24000,0.006780100055038929,0.021900400053709745,29048.800703742527
179_SMD_id_2_Facility_tr_5925_1st_17580.csv,23703,0.005577999982051551,0.028441900038160384,29101.065114006487
180_SMD_id_3_Facility_tr_5925_1st_17580.csv,23703,0.0035395000595599413,0.012185500003397465,250357.000770768
181_SMD_id_4_Facility_tr_5000_1st_15144.csv,20000,0.004700100049376488,0.029000499984249473,28135.65102157919
183_SMD_id_6_Facility_tr_5925_1st_17580.csv,23703,0.0053786999778822064,0.027466999948956072,35626.66500663689
184_SMD_id_7_Facility_tr_7119_1st_15849.csv,28479,0.005893100053071976,0.03257319994736463,45980.770496581536
185_SMD_id_8_Facility_tr_5000_1st_15144.csv,20000,0.006773000000976026,0.028002599952742457,25863.63855295752
187_SMD_id_10_Facility_tr_5000_1st_15849.csv,20000,0.0065737999975681305,0.024489099974744022,25717.49795234497
188_SMD_id_11_Facility_tr_500_1st_392.csv,23703,0.00437670003157109,0.019602600019425154,54143.118435640725
189_SMD_id_12_Facility_tr_5925_1st_17580.csv,23703,0.009130499907769263,0.045982500072568655,27965.188657841536
190_SMD_id_13_Facility_tr_7119_1st_15849.csv,28479,0.007513699936680496,0.046177900047041476,40668.87483141766
191_SMD_id_14_Facility_tr_4596_1st_4696.csv,22700,0.007225300068967044,0.0356724999146536,33413.911842748974
192_SMD_id_15_Facility_tr_5925_1st_17580.csv,23703,0.007565899984911084,0.025888700038194656,36101.266989889176
194_SMD_id_17_Facility_tr_5925_1st_17580.csv,23703,0.005434200051240623,0.03353919996879995,60186.77046405631
195_SMD_id_18_Facility_tr_5925_1st_17580.csv,23703,0.007333599962294102,0.03353170002810657,37508.6799464235
196_SMD_id_19_Facility_tr_7174_1st_21230.csv,28696,0.00840649998281151,0.055073500028811395,38859.0954105359
197_SMD_id_20_Facility_tr_5000_1st_15144.csv,20000,0.005891600041650236,0.02367459994275123,26140.453891537487
198_SMD_id_21_Facility_tr_5925_1st_17580.csv,23703,0.005882199970073998,0.02846319996751845,57955.54383591769
199_SMD_id_22_Facility_tr_5925_1st_17580.csv,23703,0.005793799995444715,0.03062460001092404,27701.60652756022
201_SMD_id_24_Facility_tr_7174_1st_21230.csv,28696,0.007371299900114536,0.03634990006685257,38055.115935150854
202_SMD_id_25_Facility_tr_6250_1st_21230.csv,25000,0.006961900042369962,0.03387970000039786,31762.40662808299
203_SMD_id_26_Facility_tr_7174_1st_21230.csv,28696,0.008471500012092292,0.0405378999421373,37317.13761483184
204_SMD_id_27_Facility_tr_5000_1st_15144.csv,20000,0.006581600056961179,0.029180799960158765,25404.444544320984
205_SMD_id_28_Facility_tr_5925_1st_17580.csv,23703,0.0073714000172913074,0.03580009995494038,35642.14780456928
206_SMD_id_29_Facility_tr_6250_1st_21230.csv,25000,0.0062686000019311905,0.03311489999759942,33177.93613993502
207_SMD_id_30_Facility_tr_7174_1st_21230.csv,28696,0.007921100012026727,0.04564349993597716,40394.03693627343
208_SMD_id_31_Facility_tr_5000_1st_15144.csv,20000,0.005878299940377474,0.030990400002337992,26720.22418612424
209_SMD_id_32_Facility_tr_5925_1st_17580.csv,23703,0.006949499947950244,0.035086499992758036,30434.57517066389
211_SMD_id_34_Facility_tr_5925_1st_17580.csv,23703,0.006785599980503321,0.03323800000362098,35272.29926631223
212_SMD_id_35_Facility_tr_5925_1st_17580.csv,23703,0.006171999964863062,0.03834000008646399,43354.221459961496
213_SMD_id_36_Facility_tr_5925_1st_17580.csv,23703,0.00700660003349185,0.03526819997932762,55254.88087560177
214_SMD_id_37_Facility_tr_5925_1st_17580.csv,23703,0.006287500029429793,0.029025600058957934,29130.261703322838
215_SMD_id_38_Facility_tr_5925_1st_17580.csv,23703,0.005590900080278516,0.02943370002321899,52070.02932217618
216_LTDB_id_1_Medical_tr_500_1st_266.csv,100000,0.015328400069847703,0.16763199993874878,133462.83564146125
218_LTDB_id_3_Medical_tr_500_1st_266.csv,100000,0.014471300062723458,0.16384769999422133,141980.66750953626
219_LTDB_id_4_Medical_tr_3618_1st_3718.csv,100000,0.010917800012975931,0.18906630005221814,201050.15648857135
220_LTDB_id_5_Medical_tr_500_1st_26.csv,100000,0.01572889997623861,0.1830698000267148,132988.4308387958
221_LTDB_id_6_Medical_tr_500_1st_26.csv,100000,0.010052600060589612,0.14862869994249195,135190.61747732316
222_LTDB_id_7_Medical_tr_3618_1st_3718.csv,100000,0.011331899906508625,0.18679619999602437,155645.19782131677
223_LTDB_id_8_Medical_tr_4456_1st_4556.csv,100000,0.01337589998729527,0.19255359994713217,145379.518192795
224_LTDB_id_9_Medical_tr_4456_1st_4556.csv,100000,0.012306799995712936,0.1532325999578461,134534.0106847423
225_MGAB_id_1_Synthetic_tr_25000_1st_38478.csv,100000,0.03254199994262308,0.10428540001157671,118867.78018269438
226_MGAB_id_2_Synthetic_tr_20000_1st_45134.csv,80000,0.01604869996663183,0.08553029992617667,94189.54151932447
227_MGAB_id_3_Synthetic_tr_25000_1st_44340.csv,100000,0.03426540002692491,0.1673499000025913,117543.44806374352
228_MGAB_id_4_Synthetic_tr_25000_1st_38948.csv,100000,0.035523800062946975,0.1084868999896571,118137.07453420066
229_MGAB_id_5_Synthetic_tr_25000_1st_33098.csv,100000,0.025686300010420382,0.10304800001904368,120546.43854106142
231_MGAB_id_7_Synthetic_tr_25000_1st_35544.csv,100000,0.022079900023527443,0.0913048000074923,118990.37781105208
232_MGAB_id_8_Synthetic_tr_25000_1st_32708.csv,100000,0.020541200065054,0.11138499993830919,119232.96695479585
233_MGAB_id_9_Synthetic_tr_25000_1st_41300.csv,100000,0.019103200058452785,0.08575889992062002,119095.03120242579
234_SED_id_1_Medical_tr_3740_1st_3840.csv,19999,0.006165999919176102,0.023128900094889104,314686.63849417435
236_SED_id_3_Medical_tr_3740_1st_3840.csv,39999,0.006926600006408989,0.045487099909223616,635167.8720608803
237_SVDB_id_1_Medical_tr_11587_1st_11687.csv,130400,0.015527499956078827,0.27574579999782145,248510.225457855
238_SVDB_id_2_Medical_tr_25000_1st_71963.csv,100000,0.011366600054316223,0.1544969999231398,160959.53587915824
239_SVDB_id_3_Medical_tr_50000_1st_106634.csv,230400,0.025209199986420572,0.5342010000022128,415462.0471118498
240_SVDB_id_4_Medical_tr_18462_1st_18562.csv,130400,0.01888760004658252,0.20756439992692322,266998.76387855416
241_SVDB_id_5_Medical_tr_11587_1st_11687.csv,130400,0.0156914999242872,0.2495467000408098,209424.31878862838
243_SVDB_id_7_Medical_tr_11393_1st_11493.csv,180400,0.020288500003516674,0.4337810999713838,400351.316020533
244_SVDB_id_8_Medical_tr_17803_1st_17903.csv,130400,0.017687099985778332,0.2631138999713585,178266.31875440024
245_SVDB_id_9_Medical_tr_12607_1st_12707.csv,180400,0.029119899962097406,0.4134880000492558,247138.21168256938
246_SVDB_id_10_Medical_tr_20100_1st_68460.csv,80400,0.013382200035266578,0.16816080000717193,119029.81661436093
247_SVDB_id_11_Medical_tr_20100_1st_23611.csv,80400,0.016963700065389276,0.19689799996558577,100909.44136255841
248_SVDB_id_12_Medical_tr_18462_1st_18562.csv,130400,0.026223399909213185,0.2961688000941649,214120.6688370629
249_SVDB_id_13_Medical_tr_50000_1st_54982.csv,230400,0.027465499937534332,0.6156099999789149,628665.7054078472
250_SVDB_id_14_Medical_tr_50000_1st_107354.csv,230400,0.03003189992159605,0.611422200105153,351064.5882635356
251_SVDB_id_15_Medical_tr_5421_1st_5521.csv,230400,0.0281047000316903,0.6988043999299407,376384.22041109146
253_SVDB_id_17_Medical_tr_17803_1st_17903.csv,130400,0.016214400064200163,0.2324814999010414,172576.0508136729
254_SVDB_id_18_Medical_tr_30824_1st_30924.csv,230400,0.03210609999950975,0.5734798000194132,645257.1061917988
255_SVDB_id_19_Medical_tr_50000_1st_54982.csv,230400,0.029926000046543777,0.7746940000215545,367883.8320359977
256_SVDB_id_20_Medical_tr_6264_1st_6364.csv,230400,0.03098929999396205,0.7899054000154138,420880.13629339903
257_TAO_id_1_Environment_tr_500_1st_3.csv,10000,0.004490499966777861,0.016764799947850406,45226.71660490709
258_TAO_id_2_Environment_tr_500_1st_4.csv,10000,0.005546200089156628,0.013121999916620553,9373.181213338561
260_IOPS_id_1_WebService_tr_5000_1st_11804.csv,20000,0.008739199955016375,0.03684469999279827,23244.27664819209
261_IOPS_id_2_WebService_tr_2178_1st_2278.csv,8784,0.003586800070479512,0.011772600002586842,10670.566452624327
262_IOPS_id_3_WebService_tr_7028_1st_7128.csv,125135,0.018146399990655482,0.20821049995720387,183790.5425106563
263_IOPS_id_4_WebService_tr_3482_1st_3582.csv,149123,0.01658809999935329,0.21579339995514601,187795.99538752873
264_IOPS_id_5_WebService_tr_11665_1st_11765.csv,60000,0.020099999965168536,0.10589060001075268,80476.6697973383
266_IOPS_id_7_WebService_tr_4010_1st_4110.csv,89155,0.012926699942909181,0.12023910006973892,112518.53049811607
267_IOPS_id_8_WebService_tr_1534_1st_1882.csv,6138,0.003247999935410917,0.008682899991981685,7872.5379860016965
268_IOPS_id_9_WebService_tr_6216_1st_6316.csv,29133,0.007272099959664047,0.03458130010403693,37623.46612751906
269_IOPS_id_10_WebService_tr_1216_1st_1728.csv,4866,0.004603700013831258,0.008973299991339445,5727.5842407402415
271_IOPS_id_12_WebService_tr_500_1st_341.csv,8784,0.0045201999600976706,0.00910460005979985,10562.924190665406
272_IOPS_id_13_WebService_tr_3442_1st_3542.csv,149156,0.01779150008223951,0.20084809989202768,184182.19878740702
273_IOPS_id_14_WebService_tr_5569_1st_5669.csv,149122,0.01710510009434074,0.18516300001647323,190745.4481726545
274_IOPS_id_15_WebService_tr_4591_1st_4691.csv,149132,0.020690300036221743,0.2054041000083089,184540.1110570252
275_IOPS_id_16_WebService_tr_1482_1st_1582.csv,8784,0.0038163000717759132,0.011188299977220595,10486.690185546795
276_IOPS_id_17_WebService_tr_19197_1st_19297.csv,91370,0.01855829998385161,0.13130250002723187,114545.63517355412
277_NEK_id_1_WebService_tr_500_1st_17.csv,1073,0.002322099986486137,0.0014859000220894814,11257.896902862381
278_NEK_id_2_WebService_tr_500_1st_64.csv,1073,0.0013984000543132424,0.0017297000158578157,1380.3487982394054
279_NEK_id_3_WebService_tr_500_1st_974.csv,1073,0.0015879999846220016,0.00230529997497797,1445.986053243083
281_NEK_id_5_WebService_tr_500_1st_974.csv,1073,0.0031472999835386872,0.002331600058823824,1195.8283585603797
282_NEK_id_6_WebService_tr_500_1st_64.csv,1073,0.0014777000760659575,0.0018307000864297152,1241.807006007848
283_NEK_id_7_WebService_tr_500_1st_777.csv,1073,0.0014983000000938773,0.0016031000996008515,1268.7639591215748
284_NEK_id_8_WebService_tr_500_1st_976.csv,1073,0.0013526000548154116,0.00642849993892014,1416.4840580322234
285_NEK_id_9_WebService_tr_500_1st_780.csv,1073,0.0025269000325351954,0.0018414000514894724,1268.7639591215748
286_CATSv2_id_1_Sensor_tr_17792_1st_17892.csv,300000,0.06519820005632937,0.17688689997885376,619130.3565012773
287_TODS_id_1_Synthetic_tr_500_1st_11.csv,5000,0.0043889000080525875,0.008581799920648336,8233.859824367719
288_TODS_id_2_Synthetic_tr_500_1st_65.csv,5000,0.0041717999847605824,0.006480300100520253,7559.928620907565
289_TODS_id_3_Synthetic_tr_500_1st_26.csv,5000,0.002780799986794591,0.004913200042210519,7615.109794711696
290_TODS_id_4_Synthetic_tr_500_1st_26.csv,5000,0.002327500027604401,0.006907499977387488,7550.493669848409
292_TODS_id_6_Synthetic_tr_500_1st_11.csv,5000,0.0026857999619096518,0.00472329999320209,7993.219313712533
293_TODS_id_7_Synthetic_tr_500_1st_7.csv,5000,0.0026386999525129795,0.005265900050289929,6433.032924852938
294_TODS_id_8_Synthetic_tr_500_1st_200.csv,5000,0.002634100033901632,0.005678299930877984,7221.9348515105485
295_TODS_id_9_Synthetic_tr_1250_1st_2046.csv,5000,0.004007300012744963,0.00738580001052469,6147.670762396025
296_TODS_id_10_Synthetic_tr_500_1st_26.csv,5000,0.002715500071644783,0.005581399891525507,7917.152591101995
297_TODS_id_11_Synthetic_tr_500_1st_7.csv,5000,0.003908799961209297,0.006857800064608455,6204.121806088743
298_TODS_id_12_Synthetic_tr_500_1st_0.csv,5000,0.003275300026871264,0.007209999952465296,10943.561155373052
299_TODS_id_13_Synthetic_tr_500_1st_65.csv,5000,0.003491200041025877,0.005935200024396181,13098.209382476518
301_TODS_id_15_Synthetic_tr_500_1st_245.csv,5000,0.0024735000915825367,0.005507199908606708,6672.140056639162
302_Power_id_1_Facility_tr_7685_1st_7785.csv,35040,0.005605499958619475,0.04829270008485764,39763.43909849589
304_UCR_id_2_Medical_tr_2499_1st_7000.csv,9998,0.003939399961382151,0.01642820006236434,11229.75769870168
309_UCR_id_7_Medical_tr_3000_1st_5948.csv,12000,0.0051574999233707786,0.007308200001716614,13006.436739160923
326_UCR_id_24_Medical_tr_1875_1st_4187.csv,7501,0.0031389999203383923,0.010421000071801245,8871.216666017863
346_UCR_id_44_Medical_tr_7456_1st_17390.csv,29826,0.007140800007618964,0.04448359995149076,34079.481313128024
361_UCR_id_59_Medical_tr_3000_1st_7175.csv,12000,0.004925400018692017,0.009327300009317696,13267.834861152838
371_UCR_id_69_Medical_tr_1853_1st_6200.csv,7415,0.003694100072607398,0.010902900015935302,9745.057425035417
382_UCR_id_80_Medical_tr_7500_1st_11800.csv,30000,0.008801399962976575,0.05154480005148798,35877.985612464145
391_UCR_id_89_Medical_tr_1875_1st_5759.csv,7500,0.005482399952597916,0.010815400048159063,8502.963510378255
396_UCR_id_94_Medical_tr_1875_1st_5607.csv,7501,0.004344000015407801,0.01301590004004538,9412.68578715689
415_UCR_id_113_Medical_tr_3000_1st_8612.csv,12000,0.005225799977779388,0.018612400046549737,12645.751189248349
436_UCR_id_134_Medical_tr_1875_1st_4526.csv,7501,0.0027395000215619802,0.007711100042797625,9174.618836502776
437_UCR_id_135_Medical_tr_2499_1st_8000.csv,9998,0.004148200037889183,0.010271600098349154,12124.517480934868
307_UCR_id_5_Facility_tr_29895_1st_39240.csv,119580,0.01928340003360063,0.15024759992957115,142405.93318719196
331_UCR_id_29_Facility_tr_50000_1st_837400.csv,900000,0.08998349995817989,0.5012241000076756,912807.4640676833
332_UCR_id_30_Facility_tr_13750_1st_52600.csv,55000,0.008732400019653141,0.09888890001457185,108989.60063934472
349_UCR_id_47_Facility_tr_29954_1st_74900.csv,119819,0.017329699941910803,0.12218419997952878,142642.46413156015
358_UCR_id_56_Facility_tr_10500_1st_29080.csv,42000,0.006795499939471483,0.03654800006188452,57413.42036484167
406_UCR_id_104_Facility_tr_20000_1st_67950.csv,80000,0.013296599965542555,0.07567839999683201,105443.35454356727
419_UCR_id_117_Facility_tr_3000_1st_6168.csv,12000,0.0037607999984174967,0.012493700021877885,13376.777766982996
420_UCR_id_118_Facility_tr_13750_1st_52600.csv,55000,0.006744600017555058,0.08428309997543693,85220.64885748879
432_UCR_id_130_Facility_tr_23000_1st_26970.csv,92000,0.013785099959932268,0.14922810008283705,141476.52157252378
452_UCR_id_150_Facility_tr_10000_1st_35774.csv,40000,0.007966000004671514,0.06748490000609308,66099.69710461149
471_UCR_id_169_Facility_tr_10000_1st_35774.csv,40000,0.007823399966582656,0.05706829996779561,49004.60213673441
494_UCR_id_192_Facility_tr_22500_1st_72150.csv,90000,0.025702300015836954,0.11993629997596145,123906.15951305979
500_UCR_id_198_Facility_tr_7482_1st_23357.csv,29931,0.0059578000800684094,0.031449200003407896,35572.07611640646
517_UCR_id_215_Facility_tr_7482_1st_24005.csv,29931,0.0072113999631255865,0.03247580002062023,35369.098827536254
525_UCR_id_223_Facility_tr_50000_1st_250720.csv,299790,0.03512350004166365,0.744871599948965,404215.478233009
310_UCR_id_8_HumanActivity_tr_2631_1st_8285.csv,10524,0.0040055999998003244,0.009456500061787665,11542.415223228048
311_UCR_id_9_HumanActivity_tr_16000_1st_38400.csv,64000,0.010804400080814958,0.09836289996746927,97290.18325336854
315_UCR_id_13_HumanActivity_tr_16000_1st_33070.csv,64000,0.00983340002130717,0.08796289993915707,93946.90940828074
334_UCR_id_32_HumanActivity_tr_1671_1st_2764.csv,6684,0.0029601999558508396,0.007059599971398711,8210.712131827944
341_UCR_id_39_HumanActivity_tr_48812_1st_128430.csv,195250,0.0338236999232322,0.23836980003397912,235513.31189985506
355_UCR_id_53_HumanActivity_tr_48750_1st_143411.csv,195000,0.03001310001127422,0.24760200001765043,233990.9609449075
381_UCR_id_79_HumanActivity_tr_16000_1st_31200.csv,64000,0.01157559989951551,0.07346179999876767,78004.26621264574
401_UCR_id_99_HumanActivity_tr_1671_1st_5920.csv,6684,0.00330250000115484,0.005741900065913796,8153.560645394477
421_UCR_id_119_HumanActivity_tr_48750_1st_130700.csv,195000,0.027904200018383563,0.21310389996506274,235648.71917111462
430_UCR_id_128_HumanActivity_tr_12500_1st_46500.csv,50000,0.0086731999181211,0.049098400049842894,67564.03745963892
439_UCR_id_137_HumanActivity_tr_48750_1st_110800.csv,195000,0.027089199982583523,0.2143854999449104,237370.7000287691
459_UCR_id_157_HumanActivity_tr_50000_1st_110260.csv,200000,0.026206100010313094,0.4110011999728158,255338.34132265748
473_UCR_id_171_HumanActivity_tr_2617_1st_7290.csv,10468,0.0033796000061556697,0.008235899964347482,11537.097479924007
516_UCR_id_214_HumanActivity_tr_2108_1st_4702.csv,8432,0.0031186999985948205,0.0065391999669373035,9498.504753279614
530_UCR_id_228_HumanActivity_tr_16250_1st_38500.csv,65000,0.007344399928115308,0.06886020000092685,97328.61103817215
319_UCR_id_17_Environment_tr_6166_1st_19280.csv,24667,0.005782000022009015,0.023022299981676042,33652.64393563701
385_UCR_id_83_Environment_tr_2046_1st_6006.csv,8184,0.002823099959641695,0.00678719999268651,9731.02108580729
387_UCR_id_85_Environment_tr_2046_1st_5549.csv,8184,0.0020255999406799674,0.00591900001745671,9153.999401102166
393_UCR_id_91_Environment_tr_2046_1st_4852.csv,8184,0.001497299992479384,0.007752300007268786,9291.158961895702
400_UCR_id_98_Environment_tr_2046_1st_5391.csv,8184,0.001865800004452467,0.0067070999648422,9557.659977184561
411_UCR_id_109_Environment_tr_2046_1st_4852.csv,8184,0.0032605999149382114,0.006280200090259314,9862.450145831197
445_UCR_id_143_Environment_tr_6166_1st_19280.csv,24667,0.0048253999557346106,0.026896300027146935,34815.060515120305
463_UCR_id_161_Environment_tr_2046_1st_6006.csv,8184,0.002492200001142919,0.007035900023765862,9175.297898086186
467_UCR_id_165_Environment_tr_6166_1st_19280.csv,24667,0.009127800003625453,0.026343200006522238,31716.09100868606
474_UCR_id_172_Environment_tr_2046_1st_6520.csv,8184,0.003851099987514317,0.00819329998921603,9903.270305894433
495_UCR_id_193_Environment_tr_2046_1st_6520.csv,8184,0.003059899900108576,0.010252500069327652,9118.847092155327
496_UCR_id_194_Environment_tr_2046_1st_5391.csv,8184,0.0031712999334558845,0.009059500065632164,9751.810233561402
499_UCR_id_197_Environment_tr_2046_1st_5703.csv,8184,0.0025174999609589577,0.00902160000987351,9047.31662342672
504_UCR_id_202_Environment_tr_2046_1st_5549.csv,8184,0.0024744000984355807,0.006322599947452545,9553.95825646153
506_UCR_id_204_Environment_tr_2046_1st_5549.csv,8184,0.0020113999489694834,0.00817990000359714,9824.18418786177
313_UCR_id_11_Sensor_tr_2827_1st_4711.csv,11308,0.004224600037559867,0.013005099957808852,13590.918628691139
316_UCR_id_14_Sensor_tr_2833_1st_5988.csv,11334,0.0035845000529661775,0.013275599922053516,12060.589741330288
339_UCR_id_37_Sensor_tr_2750_1st_5400.csv,11000,0.004119600052945316,0.008902200032025576,12800.523674316075
344_UCR_id_42_Sensor_tr_2851_1st_5365.csv,11406,0.004421000019647181,0.010643500019796193,14066.58060541366
364_UCR_id_62_Sensor_tr_2833_1st_5988.csv,11334,0.0039076999528333545,0.011437600012868643,13029.514314954666
369_UCR_id_67_Sensor_tr_2750_1st_5400.csv,11000,0.0035555000649765134,0.010136099997907877,12717.933007076508
373_UCR_id_71_Sensor_tr_2827_1st_5988.csv,11308,0.003985099960118532,0.01138759998138994,14113.523509827704
405_UCR_id_103_Sensor_tr_2827_1st_5988.csv,11308,0.0033202999038621783,0.010902900015935302,11897.325783328026
417_UCR_id_115_Sensor_tr_2750_1st_5400.csv,11000,0.0032182999420911074,0.012491000001318753,12930.319119456377
426_UCR_id_124_Sensor_tr_2827_1st_4711.csv,11308,0.003598000039346516,0.011955900001339614,13273.64884258349
449_UCR_id_147_Sensor_tr_2847_1st_9330.csv,11388,0.0033054000232368708,0.010369500028900802,13890.188515851147
493_UCR_id_191_Sensor_tr_2847_1st_9330.csv,11388,0.0035697000566869974,0.010341699933633208,12855.534121460285
526_UCR_id_224_Sensor_tr_2827_1st_4711.csv,11308,0.003974599996581674,0.011152699938975275,13579.45862945875
531_SMAP_id_1_Sensor_tr_1811_1st_4510.csv,7244,0.0020902000833302736,0.0024555999552831054,2265.477592029609
532_SMAP_id_2_Sensor_tr_2075_1st_5550.csv,8302,0.0036558000138029456,0.005065600038506091,8828.470988696281
533_SMAP_id_3_Sensor_tr_2052_1st_5300.csv,8209,0.003604800091125071,0.011399599956348538,24358.937616768417
534_SMAP_id_4_Sensor_tr_1968_1st_4370.csv,7874,0.0037045000353828073,0.00185929995495826,2461.9796195336544
536_SMAP_id_6_Sensor_tr_2160_1st_5600.csv,8640,0.004093099967576563,0.0032030000584200025,6176.694842951292
537_SMAP_id_7_Sensor_tr_2077_1st_5394.csv,8310,0.003005899954587221,0.007056800066493452,11817.860967789566
538_SMAP_id_8_Sensor_tr_2007_1st_3650.csv,8029,0.0035258999560028315,0.0029303000774234533,5988.275253900769
539_SMAP_id_9_Sensor_tr_1857_1st_4270.csv,7431,0.003077200031839311,0.0024631000123918056,132810.77645731153
540_SMAP_id_10_Sensor_tr_2051_1st_4575.csv,8205,0.0027538000140339136,0.007334399968385696,10224.42746426179
541_SMAP_id_11_Sensor_tr_1832_1st_5300.csv,7331,0.0029875999316573143,0.008313800091855228,8362.224136356874
542_SMAP_id_12_Sensor_tr_1908_1st_4690.csv,7632,0.0024634000146761537,0.0030939000425860286,15418.317107893992
544_SMAP_id_14_Sensor_tr_1978_1st_4450.csv,7914,0.0029294000705704093,0.005526799941435456,9422.211749048192
545_SMAP_id_15_Sensor_tr_1173_1st_2750.csv,4693,0.0022839000448584557,0.0042935999808833,411634.0659862242
546_SMAP_id_16_Sensor_tr_2117_1st_4770.csv,8469,0.0034199999645352364,0.00794879999011755,9529.393592629327
547_SMAP_id_17_Sensor_tr_2133_1st_5400.csv,8532,0.003221799968741834,0.005180899985134602,10097.783448579012
548_SMAP_id_18_Sensor_tr_2094_1st_5600.csv,8376,0.0031728000612929463,0.00636210001539439,3676578520526.72
549_SMAP_id_19_Sensor_tr_1998_1st_2098.csv,8579,0.003729799995198846,0.006022999994456768,28503.377631149484
550_SWaT_id_1_Sensor_tr_43700_1st_43800.csv,419919,0.04848090000450611,0.25466430000960827,595434.1087103072
551_YAHOO_id_1_Synthetic_tr_500_1st_893.csv,1421,0.0021357000805437565,0.0020936999935656786,1573.536855482265
552_YAHOO_id_2_Synthetic_tr_500_1st_893.csv,1421,0.0024000999983400106,0.002295500016771257,1669.9206447801284
555_YAHOO_id_5_WebService_tr_500_1st_730.csv,1680,0.0016060000052675605,0.0018264000536873937,1966.4707434129105
558_YAHOO_id_8_WebService_tr_500_1st_1125.csv,1427,0.0016002999618649483,0.001943000010214746,1639.8018598313934
562_YAHOO_id_12_Synthetic_tr_500_1st_893.csv,1421,0.0014194000978022814,0.0020852999296039343,1647.1616308478679
570_YAHOO_id_20_Synthetic_tr_500_1st_658.csv,1421,0.0012514999834820628,0.0025101000210270286,1840.2140689908158
571_YAHOO_id_21_Synthetic_tr_500_1st_623.csv,1421,0.001995100057683885,0.0018328999867662787,2184.973973625659
579_YAHOO_id_29_WebService_tr_500_1st_1342.csv,1680,0.0014768000692129135,0.00178980000782758,1860.870277978395
603_YAHOO_id_53_Synthetic_tr_500_1st_893.csv,1421,0.0012648000847548246,0.001713500008918345,1601.060837321101
644_YAHOO_id_94_WebService_tr_500_1st_1078.csv,1435,0.0011168000055477023,0.001617699977941811,1929.9155602996752
645_YAHOO_id_95_WebService_tr_500_1st_1047.csv,1680,0.0014639999717473984,0.0025560000212863088,1939.1501959023344
649_YAHOO_id_99_WebService_tr_500_1st_1386.csv,1680,0.001854600035585463,0.0012879999121651053,1738.9658599410204
657_YAHOO_id_107_WebService_tr_500_1st_1260.csv,1440,0.0013312000082805753,0.0018835000228136778,1608.28781375476
658_YAHOO_id_108_Synthetic_tr_500_1st_893.csv,1421,0.0013447999954223633,0.0012224999954923987,1826.6586991706824
672_YAHOO_id_122_WebService_tr_500_1st_857.csv,1680,0.0013274999801069498,0.00209500000346452,1966.6689914062076
680_YAHOO_id_130_Synthetic_tr_500_1st_893.csv,1421,0.0013933000154793262,0.002848200034350157,1637.7818713145516
689_YAHOO_id_139_WebService_tr_500_1st_1073.csv,1680,0.0019456000300124288,0.0022281999699771404,1771.856868703408
693_YAHOO_id_143_WebService_tr_500_1st_1003.csv,1427,0.0014793999725952744,0.0020210000220686197,1851.7538407710408
701_YAHOO_id_151_Synthetic_tr_500_1st_893.csv,1421,0.0013691000640392303,0.0020761999767273664,1603.751492858704
723_YAHOO_id_173_WebService_tr_500_1st_1214.csv,1420,0.0036432999186217785,0.002619100036099553,1688.8147361451702
724_YAHOO_id_174_WebService_tr_500_1st_1030.csv,1680,0.0018087999196723104,0.0020266000647097826,1923.3515415700447
734_YAHOO_id_184_WebService_tr_500_1st_768.csv,1424,0.0014248000225052238,0.001842500059865415,1674.2458393485028
741_YAHOO_id_191_WebService_tr_500_1st_1114.csv,1680,0.0014820999931544065,0.0018870000494644046,1951.9435508156434
755_YAHOO_id_205_Synthetic_tr_500_1st_893.csv,1421,0.0013229000614956021,0.002712499932385981,1777.1793863746002
762_YAHOO_id_212_WebService_tr_500_1st_1055.csv,1680,0.003154600039124489,0.0017688999650999904,1815.8564600945856
780_YAHOO_id_230_Synthetic_tr_500_1st_893.csv,1421,0.001420399989001453,0.0017584000015631318,1672.0429446343392
788_YAHOO_id_238_WebService_tr_500_1st_973.csv,1680,0.001589599996805191,0.001831799978390336,1700.6549857448729
797_YAHOO_id_247_Synthetic_tr_500_1st_893.csv,1421,0.001167600043118,0.0017234999686479568,1542.3637582789984
806_YAHOO_id_256_Synthetic_tr_500_1st_893.csv,1421,0.0014056999934837222,0.003250999958254397,1586.7537631779762
807_YAHOO_id_257_WebService_tr_500_1st_1210.csv,1424,0.002156800008378923,0.0015657999319955707,1762.2488232189812
810_Exathlon_id_1_Facility_tr_10766_1st_12590.csv,43066,0.006691399961709976,0.04966899997089058,49864.58387827821
811_Exathlon_id_2_Facility_tr_10766_1st_12590.csv,43066,0.006488700048066676,0.05252119991928339,50339.24833280213
812_Exathlon_id_3_Facility_tr_10766_1st_12590.csv,43066,0.005161500070244074,0.0363062999676913,47688.08215167066
814_Exathlon_id_5_Facility_tr_10766_1st_12590.csv,43066,0.0065885999938473105,0.04671180003788322,50339.24833280213
815_Exathlon_id_6_Facility_tr_10766_1st_12590.csv,43066,0.0072098999517038465,0.03679879999253899,47688.08215167066
816_Exathlon_id_7_Facility_tr_10766_1st_12590.csv,43066,0.007150299963541329,0.048895100015215576,78922.64496596271
817_Exathlon_id_8_Facility_tr_10766_1st_12590.csv,43066,0.005710899946279824,0.047059700009413064,63409.35462431828
818_Exathlon_id_9_Facility_tr_11665_1st_13484.csv,46660,0.006631699972786009,0.07173590001184493,148644.42030350363
819_Exathlon_id_10_Facility_tr_10766_1st_12590.csv,43066,0.00777229992672801,0.04995999997481704,71320.49807350528
820_Exathlon_id_11_Facility_tr_11665_1st_13484.csv,46660,0.00711749994661659,0.02552949998062104,63324.393747735085
821_Exathlon_id_12_Facility_tr_6985_1st_7085.csv,46649,0.006509600090794265,0.033124899957329035,57789.28141665699
822_Exathlon_id_13_Facility_tr_10766_1st_12590.csv,43066,0.006623899913392961,0.04959210008382797,63409.35462431828
823_Exathlon_id_14_Facility_tr_10766_1st_12590.csv,43066,0.00617529998999089,0.06398159998934716,120504.67563864979
824_Exathlon_id_15_Facility_tr_10766_1st_12590.csv,43066,0.005911399959586561,0.04595050006173551,46306.04658761241
826_Exathlon_id_17_Facility_tr_11665_1st_13484.csv,46660,0.008691900060512125,0.03265329997520894,63324.393747735085
827_Exathlon_id_18_Facility_tr_10766_1st_12590.csv,43066,0.007619700045324862,0.05319359991699457,46306.04658761241
828_Exathlon_id_19_Facility_tr_11663_1st_13482.csv,46655,0.009588400018401444,0.033695599995553493,60971.30382151453
829_Exathlon_id_20_Facility_tr_10766_1st_12590.csv,43066,0.008597400039434433,0.05247979995328933,78922.64496596271
830_Exathlon_id_21_Facility_tr_10766_1st_12590.csv,43066,0.008635299978777766,0.03459570009727031,58684.07124347489
831_Exathlon_id_22_Facility_tr_11665_1st_13484.csv,46660,0.008964200038462877,0.029258999973535538,63324.393747735085
832_Exathlon_id_23_Facility_tr_10766_1st_12590.csv,43066,0.008637599996291101,0.049434800050221384,78922.64496596271
833_Exathlon_id_24_Facility_tr_10766_1st_12590.csv,43066,0.006039900006726384,0.04077630001120269,47688.08215167066
834_Exathlon_id_25_Facility_tr_11665_1st_13484.csv,46660,0.008778999908827245,0.03404689999297261,63324.393747735085
835_Exathlon_id_26_Facility_tr_10766_1st_12590.csv,43066,0.006880100001581013,0.05671350006014109,53749.720737398515
836_Exathlon_id_27_Facility_tr_10766_1st_12590.csv,43066,0.005815800046548247,0.04277099994942546,47688.08215167066
837_Exathlon_id_28_Facility_tr_8898_1st_8998.csv,46650,0.008464400074444711,0.031048999982886016,58238.412432156176
838_Exathlon_id_29_Facility_tr_10766_1st_12590.csv,43066,0.006640900042839348,0.049490700010210276,63409.35462431828
839_Exathlon_id_30_Facility_tr_10766_1st_12590.csv,43066,0.007380299968644977,0.05132099997717887,78922.64496596271
840_Exathlon_id_31_Facility_tr_10766_1st_12590.csv,43066,0.007211000076495111,0.04190459998790175,46306.04658761241
841_Exathlon_id_32_Facility_tr_11663_1st_13482.csv,46655,0.007739700027741492,0.07444619992747903,92343.30362428745
842_OPPORTUNITY_id_1_HumanActivity_tr_7295_1st_27516.csv,29182,0.005598500021733344,0.030523600056767464,35779.389270299034
843_OPPORTUNITY_id_2_HumanActivity_tr_808_1st_908.csv,9057,0.0028295000083744526,0.00837260007392615,10313.88664476259
844_OPPORTUNITY_id_3_HumanActivity_tr_500_1st_566.csv,15653,0.003473100019618869,0.01179339992813766,19663.667133820076
845_OPPORTUNITY_id_4_HumanActivity_tr_7295_1st_27516.csv,29182,0.0051663999911397696,0.03196829999797046,34305.52310573069
846_OPPORTUNITY_id_5_HumanActivity_tr_2085_1st_2185.csv,22194,0.0036776000633835793,0.02342119999229908,27033.94597892686
847_OPPORTUNITY_id_6_HumanActivity_tr_808_1st_908.csv,9057,0.0029839000198990107,0.008526100078597665,10256.137998188187
848_OPPORTUNITY_id_7_HumanActivity_tr_1477_1st_1577.csv,18011,0.003389099962078035,0.018980100052431226,21230.8596164462
849_OPPORTUNITY_id_8_HumanActivity_tr_1100_1st_1200.csv,24892,0.0051188000943511724,0.02948099991772324,32052.57920717301
850_OPPORTUNITY_id_9_HumanActivity_tr_895_1st_995.csv,14751,0.0031774999806657434,0.016903300071135163,17810.659589956733
851_OPPORTUNITY_id_10_HumanActivity_tr_6213_1st_7311.csv,24852,0.005695799947716296,0.028017900069244206,26785.87749170269
853_OPPORTUNITY_id_12_HumanActivity_tr_808_1st_908.csv,9057,0.0030370999593287706,0.011028900044038892,11248.281415384983
854_OPPORTUNITY_id_13_HumanActivity_tr_1477_1st_1577.csv,18011,0.0033521000295877457,0.023112099966965616,23814.497930735415
855_OPPORTUNITY_id_14_HumanActivity_tr_808_1st_908.csv,9057,0.003136000013910234,0.00885720003861934,10329.181407250688
856_OPPORTUNITY_id_15_HumanActivity_tr_808_1st_908.csv,9057,0.0025195999769493937,0.010574000072665513,10507.315562782624
857_OPPORTUNITY_id_16_HumanActivity_tr_500_1st_566.csv,15653,0.0035228999331593513,0.017209800076670945,20310.886250760035
858_OPPORTUNITY_id_17_HumanActivity_tr_808_1st_908.csv,9057,0.002783500007353723,0.010559599963016808,11571.78650628216
859_OPPORTUNITY_id_18_HumanActivity_tr_895_1st_995.csv,14751,0.0030280998907983303,0.015578699996694922,17380.52162240541
860_OPPORTUNITY_id_19_HumanActivity_tr_808_1st_908.csv,9057,0.002655999967828393,0.010016000014729798,11047.466165174792
861_OPPORTUNITY_id_20_HumanActivity_tr_2085_1st_2185.csv,22194,0.00483900005929172,0.022280999924987555,26772.929526264958
862_OPPORTUNITY_id_21_HumanActivity_tr_500_1st_566.csv,15653,0.003914800006896257,0.01706980005837977,21202.80638140678
863_OPPORTUNITY_id_22_HumanActivity_tr_808_1st_908.csv,9057,0.002232500002719462,0.005940999952144921,11137.722433595402
865_OPPORTUNITY_id_24_HumanActivity_tr_2085_1st_2185.csv,22194,0.0038750999374315143,0.026613699970766902,25724.500231214555
866_OPPORTUNITY_id_25_HumanActivity_tr_6213_1st_7311.csv,24852,0.005128900054842234,0.028260599938221276,27980.578521710406
867_OPPORTUNITY_id_26_HumanActivity_tr_808_1st_908.csv,9057,0.0026922000106424093,0.008583700051531196,11888.429352422963
868_OPPORTUNITY_id_27_HumanActivity_tr_2085_1st_2185.csv,22194,0.0036669999826699495,0.025416100048460066,25521.230641646005
869_OPPORTUNITY_id_28_HumanActivity_tr_500_1st_566.csv,15653,0.004419400007463992,0.015834199963137507,20460.828177601452
870_OPPORTUNITY_id_29_HumanActivity_tr_1477_1st_1577.csv,18011,0.003415800048969686,0.02087999996729195,20970.270193681656
