noise_sigma,regularization,latent_index,repetition,baseline_mse,guide_mse,target_knot_f1,knot_count
0.01,0.3,0,0,0.13047406331900316,0.6766436573518702,0.2857142857142857,9
0.01,0.3,0,1,0.13042225843004243,0.6770539051358696,0.2857142857142857,9
0.01,0.3,0,2,0.13184024870541156,0.6771420349926197,0.2857142857142857,9
0.01,0.3,0,3,0.1315588162808263,0.676050935516305,0.2857142857142857,9
0.01,0.3,0,4,0.13102632696756278,0.6769346761958136,0.2857142857142857,9
0.01,0.3,1,0,0.028691238638921816,0.8142110743514605,0.7142857142857143,9
0.01,0.3,1,1,0.02851499029771479,0.8188019477298769,0.7142857142857143,9
0.01,0.3,1,2,0.02851481268085936,0.8176353561176515,0.7142857142857143,9
0.01,0.3,1,3,0.029973356067929294,0.8170013488395698,0.7142857142857143,9
0.01,0.3,1,4,0.02992079128042656,0.816808951317087,0.7142857142857143,9
0.01,0.3,2,0,0.06983293436277888,0.6407293740307944,0.42857142857142855,9
0.01,0.3,2,1,0.07005930637239188,0.6428383661096857,0.42857142857142855,9
0.01,0.3,2,2,0.0693333491632601,0.6415081878977069,0.42857142857142855,9
0.01,0.3,2,3,0.06942790780264792,0.6416928093777791,0.42857142857142855,9
0.01,0.3,2,4,0.06963176796153192,0.6404733015471472,0.42857142857142855,9
0.01,0.3,3,0,0.1592760775387442,0.9123212949342923,0.14285714285714285,9
0.01,0.3,3,1,0.1687620610691423,0.910456472560001,0.0,9
0.01,0.3,3,2,0.15900338208672116,0.9119439097938142,0.14285714285714285,9
0.01,0.3,3,3,0.15901804506444195,0.9132760779674056,0.14285714285714285,9
0.01,0.3,3,4,0.14978823528514992,0.9130462694872612,0.2857142857142857,9
0.01,0.3,4,0,0.03956266790206721,0.743645457774463,0.7142857142857143,9
0.01,0.3,4,1,0.03563111591225944,0.7437922601824385,0.7142857142857143,9
0.01,0.3,4,2,0.03588448542789556,0.7440607998825938,0.7142857142857143,9
0.01,0.3,4,3,0.04055487264094084,0.7434377229962891,0.7142857142857143,9
0.01,0.3,4,4,0.04449985416375994,0.7439143553069345,0.5714285714285714,9
0.01,0.3,5,0,0.14273628923412596,0.7471606296564295,0.42857142857142855,9
0.01,0.3,5,1,0.11981821071439161,0.7495710385122245,0.42857142857142855,9
0.01,0.3,5,2,0.14287592763731707,0.750174513424217,0.42857142857142855,9
0.01,0.3,5,3,0.12024812145559458,0.7488060026751532,0.42857142857142855,9
0.01,0.3,5,4,0.11909383046282887,0.7489085978256824,0.42857142857142855,9
0.01,0.3,6,0,0.06711047856859977,0.7228562916444703,0.5714285714285714,9
0.01,0.3,6,1,0.06674185662526888,0.7220734505195294,0.5714285714285714,9
0.01,0.3,6,2,0.06645394736822274,0.7216867465173648,0.5714285714285714,9
0.01,0.3,6,3,0.06717929253960424,0.722990742986516,0.5714285714285714,9
0.01,0.3,6,4,0.06679085872733675,0.7221074924042161,0.5714285714285714,9
0.01,0.3,7,0,0.03653006941756723,0.7503146241649536,0.7142857142857143,9
0.01,0.3,7,1,0.039136924378932736,0.749490048467757,0.7142857142857143,9
0.01,0.3,7,2,0.036480891438003794,0.7510751930192332,0.7142857142857143,9
0.01,0.3,7,3,0.038603490825680896,0.7517088011003968,0.7142857142857143,9
0.01,0.3,7,4,0.037220405139447875,0.7500600523034788,0.7142857142857143,9
0.01,1.0,0,0,0.12022766944617035,0.6023011338530647,0.2857142857142857,9
0.01,1.0,0,1,0.12073275238409391,0.6025999284548885,0.2857142857142857,9
0.01,1.0,0,2,0.10583500106329452,0.6027027175122286,0.2857142857142857,9
0.01,1.0,0,3,0.10561176803405145,0.6017754841349122,0.2857142857142857,9
0.01,1.0,0,4,0.10558464027778947,0.6024192423978396,0.2857142857142857,9
0.01,1.0,1,0,0.03398331395627982,0.7284445657856983,0.8571428571428571,9
0.01,1.0,1,1,0.033755770386143844,0.732421320471151,0.8571428571428571,9
0.01,1.0,1,2,0.03387286111744303,0.7313594145903576,0.8571428571428571,9
0.01,1.0,1,3,0.03386101700900684,0.730819873765863,0.8571428571428571,9
0.01,1.0,1,4,0.03394290638386454,0.7307368059037257,0.8571428571428571,9
0.01,1.0,2,0,0.05294717193895038,0.5718376908499287,0.5714285714285714,9
0.01,1.0,2,1,0.0531888495058373,0.5738050524589218,0.5714285714285714,9
0.01,1.0,2,2,0.05270552732486237,0.5724876247470208,0.5714285714285714,9
0.01,1.0,2,3,0.05287297584671602,0.5727370504634892,0.5714285714285714,9
0.01,1.0,2,4,0.052863107041849745,0.5716229347075912,0.5714285714285714,9
0.01,1.0,3,0,0.15580461566111214,0.8191197589906805,0.42857142857142855,9
0.01,1.0,3,1,0.15473509117384057,0.8173544919590395,0.42857142857142855,9
0.01,1.0,3,2,0.15525334902495083,0.818514970913418,0.42857142857142855,9
0.01,1.0,3,3,0.15586497758041498,0.819939101850801,0.42857142857142855,9
0.01,1.0,3,4,0.1562996804990288,0.8197228194533737,0.42857142857142855,9
0.01,1.0,4,0,0.029455784871737202,0.6631469429725049,0.8571428571428571,9
0.01,1.0,4,1,0.029823586627593112,0.663282615061465,0.8571428571428571,9
0.01,1.0,4,2,0.030047397602676214,0.663558352839206,0.8571428571428571,9
0.01,1.0,4,3,0.03011052646859521,0.6631242218368074,0.8571428571428571,9
0.01,1.0,4,4,0.030111052216664522,0.6634774184231804,0.8571428571428571,9
0.01,1.0,5,0,0.11770354261993801,0.6660885504036641,0.5714285714285714,9
0.01,1.0,5,1,0.11853649592502455,0.6682874167066756,0.5714285714285714,9
0.01,1.0,5,2,0.11783805112007618,0.6686611280884415,0.5714285714285714,9
0.01,1.0,5,3,0.11866339707562927,0.6675176589210007,0.5714285714285714,9
0.01,1.0,5,4,0.11748711993146298,0.6676146346364014,0.5714285714285714,9
0.01,1.0,6,0,0.07025483863283215,0.6449196859903299,0.5714285714285714,9
0.01,1.0,6,1,0.0703982347805454,0.6443679309473015,0.5714285714285714,9
0.01,1.0,6,2,0.06991920394560616,0.6438357221454637,0.5714285714285714,9
0.01,1.0,6,3,0.07077218433951141,0.6452277947744267,0.5714285714285714,9
0.01,1.0,6,4,0.07012838196653295,0.6443066097582041,0.5714285714285714,9
0.01,1.0,7,0,0.03985216741921653,0.6678465980960552,0.7142857142857143,9
0.01,1.0,7,1,0.040542203652031615,0.667262358128403,0.7142857142857143,9
0.01,1.0,7,2,0.03998861065127609,0.6685878918995111,0.7142857142857143,9
0.01,1.0,7,3,0.04004620776035406,0.6691225970534597,0.7142857142857143,9
0.01,1.0,7,4,0.040713941388493775,0.6678752343720794,0.7142857142857143,9
0.01,3.0,0,0,0.09864224697876242,0.46129049230623664,0.2857142857142857,9
0.01,3.0,0,1,0.09837159020709807,0.4614128179038713,0.2857142857142857,9
0.01,3.0,0,2,0.0986969833093131,0.461496742807121,0.2857142857142857,9
0.01,3.0,0,3,0.09884342488548181,0.4608953837996968,0.2857142857142857,9
0.01,3.0,0,4,0.0984355660819618,0.4610958929914678,0.2857142857142857,9
0.01,3.0,1,0,0.05168178492437927,0.5694119537522598,1.0,9
0.01,3.0,1,1,0.05148541839550582,0.5722577658789216,1.0,9
0.01,3.0,1,2,0.05431411691732972,0.5713930555891629,0.8571428571428571,9
0.01,3.0,1,3,0.05138873354257598,0.5710137034491504,1.0,9
0.01,3.0,1,4,0.054461961108865274,0.5711136770035935,0.8571428571428571,9
0.01,3.0,2,0,0.06232151483373518,0.44405424435674207,0.7142857142857143,9
0.01,3.0,2,1,0.06270785426427478,0.4456873245639717,0.7142857142857143,9
0.01,3.0,2,2,0.061753834055083494,0.4444488459186479,0.7142857142857143,9
0.01,3.0,2,3,0.062374785675060745,0.4447700224206743,0.7142857142857143,9
0.01,3.0,2,4,0.06226318138588406,0.4439484182459118,0.7142857142857143,9
0.01,3.0,3,0,0.14571492768388902,0.6481899665934772,0.5714285714285714,9
0.01,3.0,3,1,0.14519473981438183,0.6467722151013254,0.5714285714285714,9
0.01,3.0,3,2,0.14486248926057124,0.6472734291239944,0.5714285714285714,9
0.01,3.0,3,3,0.1460631687795616,0.6488828681400545,0.5714285714285714,9
0.01,3.0,3,4,0.1462506589615288,0.6486760523570535,0.5714285714285714,9
0.01,3.0,4,0,0.036312863430701406,0.5106406083044498,1.0,9
0.01,3.0,4,1,0.03642116940434574,0.5107657039368279,1.0,9
0.01,3.0,4,2,0.03660307633766878,0.5110359681261941,1.0,9
0.01,3.0,4,3,0.03673737331525494,0.5108690120679028,1.0,9
0.01,3.0,4,4,0.036732405504798955,0.5110514101586296,1.0,9
0.01,3.0,5,0,0.09146884797418349,0.5130849597518116,0.7142857142857143,9
0.01,3.0,5,1,0.09485783832229872,0.514892393372605,0.7142857142857143,9
0.01,3.0,5,2,0.09422499032287425,0.514938788312845,0.7142857142857143,9
0.01,3.0,5,3,0.0946357665829558,0.5141001205119435,0.7142857142857143,9
0.01,3.0,5,4,0.09465713921856057,0.5141500227475374,0.7142857142857143,9
0.01,3.0,6,0,0.07261074007725342,0.49557425613564526,0.5714285714285714,9
0.01,3.0,6,1,0.07325998669448604,0.4955427270044604,0.5714285714285714,9
0.01,3.0,6,2,0.07268491143781758,0.4948400939413919,0.5714285714285714,9
0.01,3.0,6,3,0.07363881476409846,0.4962414579763294,0.5714285714285714,9
0.01,3.0,6,4,0.07267388519855665,0.4952433679142397,0.5714285714285714,9
0.01,3.0,7,0,0.039875764557003944,0.5103486998949046,1.0,9
0.01,3.0,7,1,0.04056578373194002,0.5101942743762095,1.0,9
0.01,3.0,7,2,0.04003443425683335,0.5110132279330768,1.0,9
0.01,3.0,7,3,0.04005027584786133,0.5113535088750788,1.0,9
0.01,3.0,7,4,0.04085679709155941,0.5108522848482149,1.0,9
0.01,10.0,0,0,0.10599090403339949,0.26264473761693213,0.7142857142857143,9
0.01,10.0,0,1,0.10559656809810591,0.26251193597410855,0.7142857142857143,9
0.01,10.0,0,2,0.10564228681325337,0.26257214995621,0.7142857142857143,9
0.01,10.0,0,3,0.10612179156701107,0.26243415717436946,0.7142857142857143,9
0.01,10.0,0,4,0.10550645122867396,0.2621295115407757,0.7142857142857143,9
0.01,10.0,1,0,0.10734174846801559,0.3597318053531568,0.8571428571428571,9
0.01,10.0,1,1,0.10738040103512331,0.3610343349656789,0.8571428571428571,9
0.01,10.0,1,2,0.10711606864835249,0.3605092139471431,0.8571428571428571,9
0.01,10.0,1,3,0.1071204054786999,0.36029200475256035,0.8571428571428571,9
0.01,10.0,1,4,0.10730907828861856,0.3606169262423409,0.8571428571428571,9
0.01,10.0,2,0,0.09094629043142263,0.2723599217168639,0.7142857142857143,9
0.01,10.0,2,1,0.09135027342192155,0.27341830135973705,0.7142857142857143,9
0.01,10.0,2,2,0.09066595738373806,0.27236569516423176,0.7142857142857143,9
0.01,10.0,2,3,0.09102100535023608,0.272733712729699,0.7142857142857143,9
0.01,10.0,2,4,0.09089134707383957,0.27239868754540436,0.7142857142857143,9
0.01,10.0,3,0,0.1885692796709769,0.4163501470273881,0.8571428571428571,9
0.01,10.0,3,1,0.18815882477195137,0.41552383491041067,0.8571428571428571,9
0.01,10.0,3,2,0.18735859765672563,0.4151634163910248,0.8571428571428571,9
0.01,10.0,3,3,0.18907151096393496,0.41696381590385945,0.8571428571428571,9
0.01,10.0,3,4,0.18906145704136937,0.4168221332344618,0.8571428571428571,9
0.01,10.0,4,0,0.0805412446320754,0.3006361858318835,0.5714285714285714,9
0.01,10.0,4,1,0.08055489368231643,0.3007336075434086,0.5714285714285714,9
0.01,10.0,4,2,0.08079703772653866,0.300988487939855,0.5714285714285714,9
0.01,10.0,4,3,0.08082083008159541,0.3010536387656938,0.5714285714285714,9
0.01,10.0,4,4,0.08094554217643915,0.30110787279726264,0.5714285714285714,9
0.01,10.0,5,0,0.09718619614028276,0.2992174489371387,0.7142857142857143,9
0.01,10.0,5,1,0.09814830285580765,0.30054173871134043,0.7142857142857143,9
0.01,10.0,5,2,0.09734760542586043,0.3002096046254834,0.7142857142857143,9
0.01,10.0,5,3,0.09752480046656585,0.2997338354087674,0.7142857142857143,9
0.01,10.0,5,4,0.09704531190160677,0.2996012862378115,0.7142857142857143,9
0.01,10.0,6,0,0.11023926573500643,0.28367373100583165,0.42857142857142855,9
0.01,10.0,6,1,0.11122054295718593,0.2843526204714296,0.42857142857142855,9
0.01,10.0,6,2,0.1105918106713003,0.28359708816928697,0.42857142857142855,9
0.01,10.0,6,3,0.11164592831802284,0.28477959291203214,0.42857142857142855,9
0.01,10.0,6,4,0.11033438704328036,0.28368186233130777,0.42857142857142855,9
0.01,10.0,7,0,0.06025674279979921,0.29015141392229654,0.8571428571428571,9
0.01,10.0,7,1,0.06198570048120479,0.2905200061557591,0.8571428571428571,9
0.01,10.0,7,2,0.061408548430099415,0.29057276497287415,0.8571428571428571,9
0.01,10.0,7,3,0.06125559057693488,0.29066748577918256,0.8571428571428571,9
0.01,10.0,7,4,0.06230270535152931,0.29116034103619476,0.8571428571428571,9
0.03,0.3,0,0,0.13559211937139876,0.675371653385022,0.2857142857142857,9
0.03,0.3,0,1,0.11883249657363555,0.6705774320771742,0.2857142857142857,9
0.03,0.3,0,2,0.13167081706999376,0.6763357282892016,0.2857142857142857,9
0.03,0.3,0,3,0.1295702833487558,0.6712664129002021,0.2857142857142857,9
0.03,0.3,0,4,0.12848488072180447,0.6764559034635362,0.2857142857142857,9
0.03,0.3,1,0,0.03832823300157748,0.8179213907370331,0.7142857142857143,9
0.03,0.3,1,1,0.02999440462623,0.8125904106938848,0.7142857142857143,9
0.03,0.3,1,2,0.024198222391481772,0.8155592417952848,0.8571428571428571,9
0.03,0.3,1,3,0.036789305336887644,0.8167664950390859,0.5714285714285714,9
0.03,0.3,1,4,0.0372547185995944,0.816271706238245,0.5714285714285714,9
0.03,0.3,2,0,0.07181189283739321,0.6439254054854483,0.42857142857142855,9
0.03,0.3,2,1,0.06801956804564158,0.6463814779995437,0.42857142857142855,9
0.03,0.3,2,2,0.06395185229281466,0.6406222043771084,0.42857142857142855,9
0.03,0.3,2,3,0.06466949410621897,0.6435024043411767,0.42857142857142855,9
0.03,0.3,2,4,0.07156407401920338,0.6506534335144742,0.42857142857142855,9
0.03,0.3,3,0,0.1674861460679976,0.910734726731481,0.0,9
0.03,0.3,3,1,0.16366316445515264,0.9175291588316432,0.14285714285714285,9
0.03,0.3,3,2,0.14801108224619688,0.9149327067551482,0.2857142857142857,9
0.03,0.3,3,3,0.14154830653324152,0.918557017330519,0.14285714285714285,9
0.03,0.3,3,4,0.15563960388067014,0.9158948054077621,0.0,9
0.03,0.3,4,0,0.028699600277950002,0.7467396720522719,0.8571428571428571,9
0.03,0.3,4,1,0.04088028000794003,0.7385422191164793,0.7142857142857143,9
0.03,0.3,4,2,0.034836028652334906,0.7400214481206789,0.7142857142857143,9
0.03,0.3,4,3,0.041311982717444046,0.7468282842609759,0.7142857142857143,9
0.03,0.3,4,4,0.03581278158123908,0.7465096260968975,0.7142857142857143,9
0.03,0.3,5,0,0.12107168687409581,0.7512037618186664,0.42857142857142855,9
0.03,0.3,5,1,0.11981623794927021,0.7505498966789484,0.42857142857142855,9
0.03,0.3,5,2,0.1181388827471499,0.745230787577749,0.42857142857142855,9
0.03,0.3,5,3,0.1177224961640132,0.7498299396870903,0.42857142857142855,9
0.03,0.3,5,4,0.12039259331111059,0.7543945344222284,0.42857142857142855,9
0.03,0.3,6,0,0.060387738020897405,0.7229991939086965,0.5714285714285714,9
0.03,0.3,6,1,0.06673740856319936,0.7243601411505326,0.5714285714285714,9
0.03,0.3,6,2,0.06644220192214004,0.7208752574807102,0.5714285714285714,9
0.03,0.3,6,3,0.06707384167360242,0.725881755233835,0.5714285714285714,9
0.03,0.3,6,4,0.06538188843127021,0.7178701766851199,0.5714285714285714,9
0.03,0.3,7,0,0.036427655856282326,0.7488373137545817,0.7142857142857143,9
0.03,0.3,7,1,0.03724692809373957,0.7478357723711181,0.7142857142857143,9
0.03,0.3,7,2,0.038031524218361035,0.7490431798392332,0.7142857142857143,9
0.03,0.3,7,3,0.03495244096600204,0.7469221299213588,0.7142857142857143,9
0.03,0.3,7,4,0.04580427066248946,0.7550269241295136,0.5714285714285714,9
0.03,1.0,0,0,0.10852880548502172,0.6013405410786865,0.2857142857142857,9
0.03,1.0,0,1,0.12002378991204563,0.5968945132014197,0.2857142857142857,9
0.03,1.0,0,2,0.12082450007904448,0.6019214789600048,0.2857142857142857,9
0.03,1.0,0,3,0.11905088678492026,0.5971058856457656,0.2857142857142857,9
0.03,1.0,0,4,0.1026848527289844,0.6019014613728179,0.2857142857142857,9
0.03,1.0,1,0,0.032712961443327575,0.7314064750395584,0.8571428571428571,9
0.03,1.0,1,1,0.033930686432121535,0.7268298205047431,0.8571428571428571,9
0.03,1.0,1,2,0.039694738838611576,0.7292482491421217,0.7142857142857143,9
0.03,1.0,1,3,0.03939431502546416,0.730911902236702,0.7142857142857143,9
0.03,1.0,1,4,0.03990698107552035,0.7305133442238257,0.7142857142857143,9
0.03,1.0,2,0,0.05449461752740559,0.5748091245233399,0.5714285714285714,9
0.03,1.0,2,1,0.05222474314085107,0.5768538536152505,0.5714285714285714,9
0.03,1.0,2,2,0.04827932842479356,0.5717792464183209,0.7142857142857143,9
0.03,1.0,2,3,0.0530429633782552,0.5742637290818629,0.5714285714285714,9
0.03,1.0,2,4,0.05442488591596024,0.5807318800150105,0.5714285714285714,9
0.03,1.0,3,0,0.1533875557470887,0.8172746832736636,0.42857142857142855,9
0.03,1.0,3,1,0.1557446992222284,0.8238524530293683,0.42857142857142855,9
0.03,1.0,3,2,0.15518037172635618,0.8212138158252702,0.42857142857142855,9
0.03,1.0,3,3,0.16076677273680945,0.8245925409421342,0.2857142857142857,9
0.03,1.0,3,4,0.15838270788359105,0.822691761437288,0.42857142857142855,9
0.03,1.0,4,0,0.027239283055151307,0.6657361292556866,0.8571428571428571,9
0.03,1.0,4,1,0.030041897111440563,0.6585737409101688,0.8571428571428571,9
0.03,1.0,4,2,0.027232151934870236,0.6599079083070117,0.8571428571428571,9
0.03,1.0,4,3,0.021690173263539118,0.6660663807460657,1.0,9
0.03,1.0,4,4,0.030633725295801075,0.6659667346832714,0.8571428571428571,9
0.03,1.0,5,0,0.1189094441949504,0.669502814004353,0.5714285714285714,9
0.03,1.0,5,1,0.11843785201731494,0.6691548755165161,0.5714285714285714,9
0.03,1.0,5,2,0.11637631931802586,0.6641232792339196,0.5714285714285714,9
0.03,1.0,5,3,0.11615957530470133,0.6684009156093678,0.5714285714285714,9
0.03,1.0,5,4,0.11909219720946083,0.6726924008117537,0.5714285714285714,9
0.03,1.0,6,0,0.06575314700665279,0.6452069322138327,0.5714285714285714,9
0.03,1.0,6,1,0.070557164924731,0.6461939376464201,0.5714285714285714,9
0.03,1.0,6,2,0.07015217243635913,0.6432738201178113,0.5714285714285714,9
0.03,1.0,6,3,0.07066549333815088,0.6476224539339123,0.5714285714285714,9
0.03,1.0,6,4,0.06889922813723863,0.640350461265381,0.5714285714285714,9
0.03,1.0,7,0,0.04251552742486616,0.6663416477101594,0.7142857142857143,9
0.03,1.0,7,1,0.0402053410509417,0.6654610393917931,0.7142857142857143,9
0.03,1.0,7,2,0.04244799719191801,0.6667218575715493,0.7142857142857143,9
0.03,1.0,7,3,0.04140444516852226,0.6649380590249333,0.7142857142857143,9
0.03,1.0,7,4,0.04402049544932889,0.6721757779022692,0.7142857142857143,9
0.03,3.0,0,0,0.10133628770326056,0.4609517636359762,0.2857142857142857,9
0.03,3.0,0,1,0.09716117242419307,0.45691270028769637,0.2857142857142857,9
0.03,3.0,0,2,0.09823841208195935,0.46090873028095647,0.2857142857142857,9
0.03,3.0,0,3,0.09685754405214923,0.45667229896733724,0.2857142857142857,9
0.03,3.0,0,4,0.0966505445140701,0.46057328055836283,0.2857142857142857,9
0.03,3.0,1,0,0.050416484790705055,0.5711393284846332,1.0,9
0.03,3.0,1,1,0.05404233462212524,0.5678558280646208,0.8571428571428571,9
0.03,3.0,1,2,0.05371766078072598,0.5691107368220171,0.8571428571428571,9
0.03,3.0,1,3,0.05482700577553307,0.5715654453002366,0.8571428571428571,9
0.03,3.0,1,4,0.055333635269776,0.5714617608833471,0.8571428571428571,9
0.03,3.0,2,0,0.06390834792957059,0.44656271770551814,0.8571428571428571,9
0.03,3.0,2,1,0.0659169004192324,0.44820643988371783,0.7142857142857143,9
0.03,3.0,2,2,0.06571357187458636,0.44393892545779473,0.7142857142857143,9
0.03,3.0,2,3,0.06564305086403364,0.4456679121718882,0.7142857142857143,9
0.03,3.0,2,4,0.06352517402078715,0.45080378172441593,0.7142857142857143,9
0.03,3.0,3,0,0.14370337181063567,0.6462340909604595,0.5714285714285714,9
0.03,3.0,3,1,0.14687996586682917,0.6522340886008486,0.5714285714285714,9
0.03,3.0,3,2,0.14522297149718003,0.6495200974514909,0.5714285714285714,9
0.03,3.0,3,3,0.14660447499357485,0.6526443095752806,0.5714285714285714,9
0.03,3.0,3,4,0.14886669476696127,0.6517849312899171,0.5714285714285714,9
0.03,3.0,4,0,0.03551924870496791,0.512355556003445,1.0,9
0.03,3.0,4,1,0.03619757496432161,0.5070412510074648,1.0,9
0.03,3.0,4,2,0.03590446234855956,0.5081037807003626,1.0,9
0.03,3.0,4,3,0.03678534422623259,0.5129320562924835,1.0,9
0.03,3.0,4,4,0.037826196167193384,0.5133753951284751,1.0,9
0.03,3.0,5,0,0.09250735360200091,0.515225215455637,0.7142857142857143,9
0.03,3.0,5,1,0.0959000030674064,0.5157655918064316,0.7142857142857143,9
0.03,3.0,5,2,0.09363604882692554,0.511221143096884,0.7142857142857143,9
0.03,3.0,5,3,0.09301189531206867,0.5148597303948736,0.7142857142857143,9
0.03,3.0,5,4,0.09390767209175482,0.5184017713119491,0.7142857142857143,9
0.03,3.0,6,0,0.07342562337084975,0.4960667260563719,0.5714285714285714,9
0.03,3.0,6,1,0.07253449457993266,0.4965814897915648,0.7142857142857143,9
0.03,3.0,6,2,0.07247937195511635,0.49466501822433995,0.7142857142857143,9
0.03,3.0,6,3,0.07326621090061991,0.49766649409764585,0.5714285714285714,9
0.03,3.0,6,4,0.07351318918443009,0.49208145622141375,0.42857142857142855,9
0.03,3.0,7,0,0.03984260182932626,0.5088668767851156,1.0,9
0.03,3.0,7,1,0.03969627592314076,0.5081046638640848,1.0,9
0.03,3.0,7,2,0.042061146315850804,0.5096328727416968,1.0,9
0.03,3.0,7,3,0.04150293999692387,0.508466057668942,1.0,9
0.03,3.0,7,4,0.041401085903371625,0.5140458042873793,1.0,9
0.03,10.0,0,0,0.10833940242622676,0.2633501746795825,0.7142857142857143,9
0.03,10.0,0,1,0.10457888503075546,0.25968497971649496,0.7142857142857143,9
0.03,10.0,0,2,0.105522732657556,0.26241263554248384,0.7142857142857143,9
0.03,10.0,0,3,0.10379614243735115,0.2591609124299227,0.7142857142857143,9
0.03,10.0,0,4,0.10388117361964296,0.261556482325099,0.7142857142857143,9
0.03,10.0,1,0,0.10597983566567938,0.3599544876507675,0.8571428571428571,9
0.03,10.0,1,1,0.10627108330072738,0.35855878640657673,0.8571428571428571,9
0.03,10.0,1,2,0.10583012342576664,0.35796990203741275,0.8571428571428571,9
0.03,10.0,1,3,0.1084038856300633,0.36125628250784697,0.8571428571428571,9
0.03,10.0,1,4,0.10864889139670035,0.3614131244707346,0.8571428571428571,9
0.03,10.0,2,0,0.09155688030677826,0.2739884702013629,0.7142857142857143,9
0.03,10.0,2,1,0.092288171615493,0.27554900275271665,0.7142857142857143,9
0.03,10.0,2,2,0.090510176337591,0.2720044110008126,0.7142857142857143,9
0.03,10.0,2,3,0.09066305202340849,0.2727914643576018,0.7142857142857143,9
0.03,10.0,2,4,0.09202306805877393,0.27609013245972835,0.7142857142857143,9
0.03,10.0,3,0,0.18660438271290086,0.41443387439016116,0.8571428571428571,9
0.03,10.0,3,1,0.19052007826912287,0.41951951124649445,0.8571428571428571,9
0.03,10.0,3,2,0.18822794145682528,0.4168676321481927,0.8571428571428571,9
0.03,10.0,3,3,0.19037463503736216,0.41971494690327404,0.8571428571428571,9
0.03,10.0,3,4,0.19192793845104666,0.4197643943915468,0.8571428571428571,9
0.03,10.0,4,0,0.07865112967437833,0.3011628379806337,0.5714285714285714,9
0.03,10.0,4,1,0.07985279817485536,0.2983768141030662,0.5714285714285714,9
0.03,10.0,4,2,0.07931242740270558,0.299049957784215,0.5714285714285714,9
0.03,10.0,4,3,0.08105057742637531,0.30197792482272734,0.5714285714285714,9
0.03,10.0,4,4,0.0825508195037356,0.30311190619750833,0.5714285714285714,9
0.03,10.0,5,0,0.09704438538893548,0.2998532433520671,0.7142857142857143,9
0.03,10.0,5,1,0.09868725817741944,0.30129562428470724,0.7142857142857143,9
0.03,10.0,5,2,0.09593434118432104,0.29769973305942304,0.7142857142857143,9
0.03,10.0,5,3,0.09748840478002736,0.30008848560353224,0.5714285714285714,9
0.03,10.0,5,4,0.09946236549521853,0.30266743503997345,0.7142857142857143,9
0.03,10.0,6,0,0.11117576700265516,0.28452090050510337,0.42857142857142855,9
0.03,10.0,6,1,0.11071281286669359,0.2843861098499683,0.42857142857142855,9
0.03,10.0,6,2,0.11041004776405738,0.2835055842274201,0.42857142857142855,9
0.03,10.0,6,3,0.11120516427191879,0.28503649669976494,0.42857142857142855,9
0.03,10.0,6,4,0.10972624387082654,0.2819992861419952,0.42857142857142855,9
0.03,10.0,7,0,0.06049458233898562,0.28882670603869165,0.8571428571428571,9
0.03,10.0,7,1,0.059471216116058497,0.2881788466149827,0.8571428571428571,9
0.03,10.0,7,2,0.06106525740387001,0.29009045298316766,0.8571428571428571,9
0.03,10.0,7,3,0.06047312932063582,0.2894900032605906,0.8571428571428571,9
0.03,10.0,7,4,0.06279799625885876,0.29290300296521926,0.8571428571428571,9
0.05,0.3,0,0,0.12358700875422848,0.6736011588491717,0.2857142857142857,9
0.05,0.3,0,1,0.12297702811227948,0.6776032482775953,0.2857142857142857,9
0.05,0.3,0,2,0.12551411453562097,0.6749648747087146,0.2857142857142857,9
0.05,0.3,0,3,0.12279703542638051,0.678902339745147,0.2857142857142857,9
0.05,0.3,0,4,0.13094370878331438,0.6804005320296743,0.2857142857142857,9
0.05,0.3,1,0,0.03717075003227882,0.8204534503522645,0.5714285714285714,9
0.05,0.3,1,1,0.03689415000159702,0.816134898960557,0.5714285714285714,9
0.05,0.3,1,2,0.03948656233041198,0.8091145207955641,0.5714285714285714,9
0.05,0.3,1,3,0.03256689427835064,0.8176142179340508,0.5714285714285714,9
0.05,0.3,1,4,0.03768285740387743,0.8182283605144056,0.5714285714285714,9
0.05,0.3,2,0,0.05503271032924007,0.640381143977724,0.42857142857142855,9
0.05,0.3,2,1,0.06780843763495398,0.6437760254130883,0.42857142857142855,9
0.05,0.3,2,2,0.06846051127067919,0.641629949448561,0.42857142857142855,9
0.05,0.3,2,3,0.056585805761770885,0.649756527339375,0.42857142857142855,9
0.05,0.3,2,4,0.06499451415377314,0.6489243900634165,0.7142857142857143,9
0.05,0.3,3,0,0.15230367192953118,0.9171210980798967,0.2857142857142857,9
0.05,0.3,3,1,0.16037091811773774,0.9154801349843228,0.14285714285714285,9
0.05,0.3,3,2,0.1461443111937674,0.9167908591462901,0.42857142857142855,9
0.05,0.3,3,3,0.1506314314216588,0.9062113556714577,0.14285714285714285,9
0.05,0.3,3,4,0.15138048958342937,0.9090777795953382,0.2857142857142857,9
0.05,0.3,4,0,0.029133630867129147,0.7374297633758465,0.7142857142857143,9
0.05,0.3,4,1,0.03415487761443054,0.7385885322982535,0.7142857142857143,9
0.05,0.3,4,2,0.0441656683251526,0.7423290484319809,0.5714285714285714,9
0.05,0.3,4,3,0.03791951640126227,0.7392580926357823,0.5714285714285714,9
0.05,0.3,4,4,0.02834287819058651,0.7446704125752097,0.8571428571428571,9
0.05,0.3,5,0,0.12029161122182641,0.7545163400998044,0.42857142857142855,9
0.05,0.3,5,1,0.13628786273324645,0.741233443494515,0.5714285714285714,9
0.05,0.3,5,2,0.1198256715613881,0.7420118634395877,0.42857142857142855,9
0.05,0.3,5,3,0.14225790314086598,0.7557823195736396,0.42857142857142855,9
0.05,0.3,5,4,0.13689605118395226,0.7505193102455274,0.42857142857142855,9
0.05,0.3,6,0,0.06727214169204267,0.7244769724141649,0.5714285714285714,9
0.05,0.3,6,1,0.06395456416481345,0.7273559459868575,0.5714285714285714,9
0.05,0.3,6,2,0.06246972825792511,0.7247775591526157,0.42857142857142855,9
0.05,0.3,6,3,0.08393304418478535,0.7268893776272887,0.42857142857142855,9
0.05,0.3,6,4,0.06697342943814455,0.7366977767395688,0.5714285714285714,9
0.05,0.3,7,0,0.036314407434429506,0.7489178531279541,0.7142857142857143,9
0.05,0.3,7,1,0.04015728565875855,0.7492273057628512,0.7142857142857143,9
0.05,0.3,7,2,0.03328523439953957,0.7498601213271645,0.7142857142857143,9
0.05,0.3,7,3,0.0455778866067965,0.7456941345822977,0.7142857142857143,9
0.05,0.3,7,4,0.056463595835774656,0.7477139941438179,0.5714285714285714,9
0.05,1.0,0,0,0.10540124558067675,0.5995209022044533,0.2857142857142857,9
0.05,1.0,0,1,0.11487463136044158,0.6028762833213605,0.2857142857142857,9
0.05,1.0,0,2,0.0991364183571829,0.600754979596486,0.2857142857142857,9
0.05,1.0,0,3,0.11689081981209558,0.6041556549513226,0.2857142857142857,9
0.05,1.0,0,4,0.13170532511290728,0.6054273954358506,0.2857142857142857,9
0.05,1.0,1,0,0.040530442965771636,0.7343498315920877,0.7142857142857143,9
0.05,1.0,1,1,0.040630342548725155,0.7303386638390271,0.7142857142857143,9
0.05,1.0,1,2,0.03285555453655989,0.7239669412167932,0.8571428571428571,9
0.05,1.0,1,3,0.03649827182712916,0.7308287545493943,0.7142857142857143,9
0.05,1.0,1,4,0.03342860035454944,0.7316360977236591,0.8571428571428571,9
0.05,1.0,2,0,0.04799823489537241,0.5715436859940988,0.7142857142857143,9
0.05,1.0,2,1,0.06518166233656156,0.574244143697555,0.5714285714285714,9
0.05,1.0,2,2,0.04789561256461489,0.572703126447679,0.7142857142857143,9
0.05,1.0,2,3,0.04816919063886382,0.5794754649765879,0.7142857142857143,9
0.05,1.0,2,4,0.04689087916493898,0.5787428008831529,0.7142857142857143,9
0.05,1.0,3,0,0.15521478518772014,0.8232672228454053,0.42857142857142855,9
0.05,1.0,3,1,0.16162686061479348,0.8215149520407569,0.2857142857142857,9
0.05,1.0,3,2,0.1563211249275088,0.8227633262682011,0.42857142857142855,9
0.05,1.0,3,3,0.15704139519760152,0.8134916885853234,0.42857142857142855,9
0.05,1.0,3,4,0.1529939016810286,0.8160351867824392,0.42857142857142855,9
0.05,1.0,4,0,0.027200763599199682,0.6579354085585992,0.8571428571428571,9
0.05,1.0,4,1,0.03491174886329662,0.6586568179393063,0.7142857142857143,9
0.05,1.0,4,2,0.03353483312544137,0.6619519046815533,0.8571428571428571,9
0.05,1.0,4,3,0.03186447415573116,0.6593261707214674,0.7142857142857143,9
0.05,1.0,4,4,0.02840969424091553,0.6636918994825401,0.8571428571428571,9
0.05,1.0,5,0,0.11936100280502558,0.6727401889751395,0.5714285714285714,9
0.05,1.0,5,1,0.11154368097125962,0.6605882206073981,0.7142857142857143,9
0.05,1.0,5,2,0.11864837298297953,0.661739578121001,0.5714285714285714,9
0.05,1.0,5,3,0.11834318234824819,0.6741811440627072,0.5714285714285714,9
0.05,1.0,5,4,0.11224464830439591,0.6682641789882157,0.5714285714285714,9
0.05,1.0,6,0,0.06990907179684534,0.646397420392077,0.5714285714285714,9
0.05,1.0,6,1,0.07270507634094578,0.6492226042425313,0.5714285714285714,9
0.05,1.0,6,2,0.07211160918636508,0.6470665705837154,0.5714285714285714,9
0.05,1.0,6,3,0.07281385480359638,0.6488870582254277,0.42857142857142855,9
0.05,1.0,6,4,0.07048813572449321,0.6571139472914426,0.5714285714285714,9
0.05,1.0,7,0,0.04113333449384047,0.6666477635938475,0.7142857142857143,9
0.05,1.0,7,1,0.03425742036797899,0.6666436912340442,0.8571428571428571,9
0.05,1.0,7,2,0.03932686306489261,0.6674023035093313,0.7142857142857143,9
0.05,1.0,7,3,0.03837746474070647,0.6634521248996685,0.7142857142857143,9
0.05,1.0,7,4,0.04034312934217539,0.6651616454561985,0.7142857142857143,9
0.05,3.0,0,0,0.09736628963893841,0.4587793046279747,0.2857142857142857,9
0.05,3.0,0,1,0.09880508087242404,0.4607889369294997,0.2857142857142857,9
0.05,3.0,0,2,0.09854413777997655,0.4599223737596948,0.2857142857142857,9
0.05,3.0,0,3,0.1007233323044126,0.4621993816380193,0.2857142857142857,9
0.05,3.0,0,4,0.10567095289328689,0.46337356273278457,0.2857142857142857,9
0.05,3.0,1,0,0.05617886313564467,0.574794368114417,0.8571428571428571,9
0.05,3.0,1,1,0.05284578752298532,0.5713239886763066,1.0,9
0.05,3.0,1,2,0.05499614121620079,0.5658600192517704,0.8571428571428571,9
0.05,3.0,1,3,0.05206609341655435,0.5703371256889539,0.8571428571428571,9
0.05,3.0,1,4,0.05102586926761611,0.5713809955188153,1.0,9
0.05,3.0,2,0,0.062329836098886454,0.4438835217361206,0.7142857142857143,9
0.05,3.0,2,1,0.06160104339162329,0.4452891181091434,0.7142857142857143,9
0.05,3.0,2,2,0.06274951929110384,0.44486519268939356,0.7142857142857143,9
0.05,3.0,2,3,0.061509652551371134,0.4489173779668343,0.7142857142857143,9
0.05,3.0,2,4,0.06160533923381862,0.4485901587549076,0.8571428571428571,9
0.05,3.0,3,0,0.14642281152003483,0.6516613703664043,0.5714285714285714,9
0.05,3.0,3,1,0.13818524049652162,0.6499191326711831,0.7142857142857143,9
0.05,3.0,3,2,0.13739271894432675,0.6503505590201396,0.7142857142857143,9
0.05,3.0,3,3,0.14555248559836942,0.6435920972893078,0.5714285714285714,9
0.05,3.0,3,4,0.13578788010755521,0.645535920679305,0.7142857142857143,9
0.05,3.0,4,0,0.03638009804766882,0.5072011632760887,1.0,9
0.05,3.0,4,1,0.040653983965678424,0.5072319813405093,0.8571428571428571,9
0.05,3.0,4,2,0.03684594877016724,0.5098669328819018,1.0,9
0.05,3.0,4,3,0.03655946649359145,0.5079642908487122,1.0,9
0.05,3.0,4,4,0.03480059323072317,0.5105350664022431,1.0,9
0.05,3.0,5,0,0.09606436351350903,0.5185717038441956,0.7142857142857143,9
0.05,3.0,5,1,0.08740787188758942,0.5085341126452827,0.7142857142857143,9
0.05,3.0,5,2,0.09485632838735976,0.5103339425645452,0.7142857142857143,9
0.05,3.0,5,3,0.0913535846369955,0.5203145039458856,0.7142857142857143,9
0.05,3.0,5,4,0.08259961981203548,0.5137525617589134,0.7142857142857143,9
0.05,3.0,6,0,0.0729777599111241,0.49669848026209695,0.5714285714285714,9
0.05,3.0,6,1,0.07491723819989474,0.49950810880746843,0.7142857142857143,9
0.05,3.0,6,2,0.07656792794460544,0.4977601035375438,0.42857142857142855,9
0.05,3.0,6,3,0.08497352647688412,0.49971702052445355,0.42857142857142855,9
0.05,3.0,6,4,0.07789002756749294,0.5048563823529696,0.5714285714285714,9
0.05,3.0,7,0,0.03500018448855758,0.5095071775231527,1.0,9
0.05,3.0,7,1,0.036248410304900815,0.5089957417344493,1.0,9
0.05,3.0,7,2,0.0386496275888186,0.5097088469472708,1.0,9
0.05,3.0,7,3,0.03879540306704233,0.5066824514644892,1.0,9
0.05,3.0,7,4,0.04051301825851855,0.5077989329701976,1.0,9
0.05,10.0,0,0,0.10326911985032503,0.26028162404195215,0.7142857142857143,9
0.05,10.0,0,1,0.10586723677778113,0.26062282939600373,0.7142857142857143,9
0.05,10.0,0,2,0.10528844957995094,0.2613699097452853,0.7142857142857143,9
0.05,10.0,0,3,0.10796600123560604,0.262468312141501,0.7142857142857143,9
0.05,10.0,0,4,0.10374810482582288,0.26298934588298667,0.7142857142857143,9
0.05,10.0,1,0,0.10960264773587716,0.36437322997257277,0.8571428571428571,9
0.05,10.0,1,1,0.1091294059736432,0.3615967963430866,0.8571428571428571,9
0.05,10.0,1,2,0.10717066343130477,0.3569736287452846,0.8571428571428571,9
0.05,10.0,1,3,0.10623126223901527,0.3592753624556164,0.8571428571428571,9
0.05,10.0,1,4,0.10675327002379845,0.36031180134614793,0.8571428571428571,9
0.05,10.0,2,0,0.0905216934590531,0.2724593892041275,0.7142857142857143,9
0.05,10.0,2,1,0.08906060556039669,0.271983014300288,0.7142857142857143,9
0.05,10.0,2,2,0.09143399686374545,0.27300369340043196,0.7142857142857143,9
0.05,10.0,2,3,0.08854491957997805,0.2732883869018704,0.7142857142857143,9
0.05,10.0,2,4,0.09000521044123917,0.2738236887255605,0.7142857142857143,9
0.05,10.0,3,0,0.19600342527995612,0.4189119041575768,0.7142857142857143,9
0.05,10.0,3,1,0.19569413314778283,0.4180844637706515,0.7142857142857143,9
0.05,10.0,3,2,0.1933518498808016,0.4168471971475118,0.7142857142857143,9
0.05,10.0,3,3,0.1870682450968203,0.4130448880889066,0.8571428571428571,9
0.05,10.0,3,4,0.1922979487495904,0.41452209677334323,0.7142857142857143,9
0.05,10.0,4,0,0.08020047090247155,0.2992911733339587,0.5714285714285714,9
0.05,10.0,4,1,0.07978748168493352,0.2986240284903344,0.5714285714285714,9
0.05,10.0,4,2,0.08068313070942387,0.30044876234002504,0.5714285714285714,9
0.05,10.0,4,3,0.0806704069521113,0.299306287624965,0.5714285714285714,9
0.05,10.0,4,4,0.07826274377406395,0.3000095733121066,0.5714285714285714,9
0.05,10.0,5,0,0.10093331559637767,0.30330750630350795,0.8571428571428571,9
0.05,10.0,5,1,0.0968974090778687,0.2961251123973926,0.8571428571428571,9
0.05,10.0,5,2,0.09921839902121177,0.2985211251433909,0.8571428571428571,9
0.05,10.0,5,3,0.10191153541127096,0.30485702883284554,0.7142857142857143,9
0.05,10.0,5,4,0.0941494551706731,0.2984280613240092,0.7142857142857143,9
0.05,10.0,6,0,0.10881888445557854,0.2839071266506614,0.42857142857142855,9
0.05,10.0,6,1,0.11361026445338829,0.2872546496048455,0.42857142857142855,9
0.05,10.0,6,2,0.11213403426155481,0.2853730617355048,0.42857142857142855,9
0.05,10.0,6,3,0.11319347970904697,0.28787066364341785,0.42857142857142855,9
0.05,10.0,6,4,0.11210854769312342,0.28903654954563124,0.42857142857142855,9
0.05,10.0,7,0,0.06173616764872647,0.2898448641833114,0.8571428571428571,9
0.05,10.0,7,1,0.061033961638407,0.2892276548310264,0.8571428571428571,9
0.05,10.0,7,2,0.059907921676720655,0.2887530710779035,0.8571428571428571,9
0.05,10.0,7,3,0.062113757232321765,0.28772513251766463,0.8571428571428571,9
0.05,10.0,7,4,0.059808473844526484,0.28799502773895563,0.8571428571428571,9
0.1,0.3,0,0,0.1018445916456854,0.6628589203290448,0.2857142857142857,9
0.1,0.3,0,1,0.15247494899028163,0.6814993434299735,0.2857142857142857,9
0.1,0.3,0,2,0.1400121621350178,0.6548158151891106,0.2857142857142857,9
0.1,0.3,0,3,0.12612061084599277,0.6722062497293988,0.2857142857142857,9
0.1,0.3,0,4,0.11257854006475515,0.6760445994569877,0.2857142857142857,9
0.1,0.3,1,0,0.032295541265593544,0.8198061846597398,0.7142857142857143,9
0.1,0.3,1,1,0.030308866273057424,0.8317044640720751,0.7142857142857143,9
0.1,0.3,1,2,0.03677915615850297,0.8121728587841417,0.7142857142857143,9
0.1,0.3,1,3,0.03961164867406668,0.7980560494480522,0.5714285714285714,9
0.1,0.3,1,4,0.029062500798317552,0.8204791279639704,0.8571428571428571,9
0.1,0.3,2,0,0.06524622938492917,0.6300123629042077,0.5714285714285714,9
0.1,0.3,2,1,0.06912193002166692,0.6425971484969798,0.2857142857142857,9
0.1,0.3,2,2,0.06883506431338295,0.6314840910808698,0.2857142857142857,9
0.1,0.3,2,3,0.07479986193082797,0.6450743118417586,0.5714285714285714,9
0.1,0.3,2,4,0.039894613873682455,0.6331600616528396,0.7142857142857143,9
0.1,0.3,3,0,0.15665726817032694,0.9189127605793104,0.0,9
0.1,0.3,3,1,0.13627497701942815,0.9134046786188006,0.2857142857142857,9
0.1,0.3,3,2,0.14984642720884853,0.9227612822210899,0.2857142857142857,9
0.1,0.3,3,3,0.16274013664102358,0.9015648729096608,0.14285714285714285,9
0.1,0.3,3,4,0.17276337096043598,0.9084986271786828,0.14285714285714285,9
0.1,0.3,4,0,0.04295386831911449,0.7399329443184713,0.5714285714285714,9
0.1,0.3,4,1,0.03815642720986815,0.7289103355520885,0.7142857142857143,9
0.1,0.3,4,2,0.038325167706747924,0.7142809411335749,0.7142857142857143,9
0.1,0.3,4,3,0.036997884863210616,0.7376389128800103,0.5714285714285714,9
0.1,0.3,4,4,0.04178570259057286,0.756001369602074,0.5714285714285714,9
0.1,0.3,5,0,0.11752577120398844,0.7396386009175274,0.5333333333333333,10
0.1,0.3,5,1,0.13505223802870145,0.7650225000763791,0.42857142857142855,9
0.1,0.3,5,2,0.1477514005336943,0.7638337320310706,0.42857142857142855,9
0.1,0.3,5,3,0.13131069059935047,0.7670784380874307,0.7142857142857143,9
0.1,0.3,5,4,0.12860289848179846,0.7562288620813707,0.39999999999999997,10
0.1,0.3,6,0,0.06839344153926508,0.7106130342301729,0.42857142857142855,9
0.1,0.3,6,1,0.06398329545547403,0.7282368922532185,0.42857142857142855,9
0.1,0.3,6,2,0.06535396555639957,0.7391236894681946,0.5333333333333333,10
0.1,0.3,6,3,0.06814692142221439,0.7268880497704089,0.5714285714285714,9
0.1,0.3,6,4,0.05968330750232137,0.7324674664989762,0.5714285714285714,9
0.1,0.3,7,0,0.05161199660118781,0.765559262072737,0.42857142857142855,9
0.1,0.3,7,1,0.03545207830641226,0.7512482208715995,0.7142857142857143,9
0.1,0.3,7,2,0.048172496103674176,0.7336268459000007,0.5714285714285714,9
0.1,0.3,7,3,0.06186766052692926,0.7493225244124957,0.42857142857142855,9
0.1,0.3,7,4,0.03918185037990747,0.7476635773470974,0.5714285714285714,9
0.1,1.0,0,0,0.08609732507777443,0.5884773477633524,0.2857142857142857,9
0.1,1.0,0,1,0.11594177460072434,0.606311083755514,0.2857142857142857,9
0.1,1.0,0,2,0.12462852811853636,0.582230736939999,0.2857142857142857,9
0.1,1.0,0,3,0.13001071222881797,0.5978495709322729,0.2857142857142857,9
0.1,1.0,0,4,0.11139980817440064,0.6021190857068106,0.2857142857142857,9
0.1,1.0,1,0,0.03707118321134516,0.7334753334627442,0.8571428571428571,9
0.1,1.0,1,1,0.034896655056912654,0.7443306614505999,0.8571428571428571,9
0.1,1.0,1,2,0.04182336312428053,0.7273900914055775,0.7142857142857143,9
0.1,1.0,1,3,0.028137120518685332,0.7151695529509494,1.0,9
0.1,1.0,1,4,0.03357131198312216,0.734728015851562,0.8571428571428571,9
0.1,1.0,2,0,0.04794749945039295,0.5617361195069284,0.7142857142857143,9
0.1,1.0,2,1,0.0719424329639871,0.5740581031086786,0.2857142857142857,9
0.1,1.0,2,2,0.05644601879943831,0.563892488985484,0.5714285714285714,9
0.1,1.0,2,3,0.06093307711173776,0.5755879147904345,0.7142857142857143,9
0.1,1.0,2,4,0.04661838017789162,0.5651403156930186,0.7142857142857143,9
0.1,1.0,3,0,0.15124245067273298,0.8237946287788093,0.2857142857142857,9
0.1,1.0,3,1,0.16480199933643658,0.8199311521998317,0.2857142857142857,9
0.1,1.0,3,2,0.1325746669739498,0.828293061019265,0.5714285714285714,9
0.1,1.0,3,3,0.1558179708780455,0.8089082820762082,0.2857142857142857,9
0.1,1.0,3,4,0.14559296579287642,0.8138342124215855,0.42857142857142855,9
0.1,1.0,4,0,0.034662288071839464,0.6599986990175677,0.7142857142857143,9
0.1,1.0,4,1,0.02899470317463461,0.6503621874046411,0.8571428571428571,9
0.1,1.0,4,2,0.024591018066791308,0.636461549775117,1.0,9
0.1,1.0,4,3,0.03179993547438637,0.6582787070448505,0.7142857142857143,9
0.1,1.0,4,4,0.028349480185767637,0.6743081185519081,0.8571428571428571,9
0.1,1.0,5,0,0.11766216325018708,0.6598750246163921,0.5714285714285714,9
0.1,1.0,5,1,0.1280697382597958,0.6830012815738271,0.5714285714285714,9
0.1,1.0,5,2,0.12278794408266748,0.681591301605961,0.5714285714285714,9
0.1,1.0,5,3,0.09545155264963419,0.6835145060614956,0.7142857142857143,9
0.1,1.0,5,4,0.12226487737158898,0.6753256335601222,0.5714285714285714,9
0.1,1.0,6,0,0.07316801679458157,0.6335580886698363,0.5714285714285714,9
0.1,1.0,6,1,0.0590109756727244,0.6496564169283825,0.5714285714285714,9
0.1,1.0,6,2,0.07192216458785133,0.6593838067544391,0.5714285714285714,9
0.1,1.0,6,3,0.07156150481274608,0.6474245381154673,0.5714285714285714,9
0.1,1.0,6,4,0.07048059303031654,0.6526784175999101,0.5714285714285714,9
0.1,1.0,7,0,0.030906841803673972,0.6809710842706268,0.8571428571428571,9
0.1,1.0,7,1,0.029702658856356166,0.6696648301713723,0.8571428571428571,9
0.1,1.0,7,2,0.035358114906525566,0.6524779829030204,0.7142857142857143,9
0.1,1.0,7,3,0.03886977615685625,0.6659805393635589,0.7142857142857143,9
0.1,1.0,7,4,0.035503605326297774,0.6651507650186549,0.8571428571428571,9
0.1,3.0,0,0,0.0888059583614164,0.44729027473861555,0.2857142857142857,9
0.1,3.0,0,1,0.10636904275883773,0.46451794772148164,0.2857142857142857,9
0.1,3.0,0,2,0.09205938453128985,0.44487728046768843,0.2857142857142857,9
0.1,3.0,0,3,0.10058529680620437,0.4575296204434875,0.2857142857142857,9
0.1,3.0,0,4,0.10356581762212613,0.4618883963752327,0.42857142857142855,9
0.1,3.0,1,0,0.04746389642978161,0.5730455182679264,1.0,9
0.1,3.0,1,1,0.05296265889768741,0.5820584792799156,1.0,9
0.1,3.0,1,2,0.05468811744779612,0.569953631062928,0.8571428571428571,9
0.1,3.0,1,3,0.046110453500027994,0.5612939107406969,1.0,9
0.1,3.0,1,4,0.04929917651586496,0.5753429912983867,0.8571428571428571,9
0.1,3.0,2,0,0.06007252970249607,0.4352711744246025,0.7142857142857143,9
0.1,3.0,2,1,0.06860443029460507,0.4472189609836735,0.5714285714285714,9
0.1,3.0,2,2,0.06929817530361228,0.4391136021876803,0.7142857142857143,9
0.1,3.0,2,3,0.06625420366110552,0.4472180125052139,0.7142857142857143,9
0.1,3.0,2,4,0.052124601619869336,0.43896600266571134,0.7142857142857143,9
0.1,3.0,3,0,0.13647617069127652,0.6508696215831682,0.7142857142857143,9
0.1,3.0,3,1,0.14688197744923234,0.6499433915653747,0.7142857142857143,9
0.1,3.0,3,2,0.14814340104520626,0.6554186349339653,0.5714285714285714,9
0.1,3.0,3,3,0.14391304621915268,0.640563639190234,0.5714285714285714,9
0.1,3.0,3,4,0.137039732613294,0.6415331233019939,0.5714285714285714,9
0.1,3.0,4,0,0.042355219964674215,0.5084417687380084,0.8571428571428571,9
0.1,3.0,4,1,0.037879218846584135,0.5015958890559769,1.0,9
0.1,3.0,4,2,0.03869386594087359,0.4895704180949555,1.0,9
0.1,3.0,4,3,0.0448488686663203,0.5083489328602858,0.7142857142857143,9
0.1,3.0,4,4,0.03736834971191378,0.5196563198958025,1.0,9
0.1,3.0,5,0,0.08954066486392041,0.5093955758740529,0.7142857142857143,9
0.1,3.0,5,1,0.10385120318900871,0.5280348278835059,0.7142857142857143,9
0.1,3.0,5,2,0.10345081132207407,0.5267302322215809,0.5714285714285714,9
0.1,3.0,5,3,0.08752345363090981,0.5261243139967879,0.7142857142857143,9
0.1,3.0,5,4,0.09502387667949265,0.5220018665779467,0.5714285714285714,9
0.1,3.0,6,0,0.07406976568802877,0.4863921670887958,0.5714285714285714,9
0.1,3.0,6,1,0.07905258863332491,0.49945790436270016,0.42857142857142855,9
0.1,3.0,6,2,0.07625608339654373,0.5070195454075916,0.7142857142857143,9
0.1,3.0,6,3,0.0780647039024847,0.4959562930273762,0.42857142857142855,9
0.1,3.0,6,4,0.07961351073052927,0.5006226485908626,0.7142857142857143,9
0.1,3.0,7,0,0.032232385116017934,0.5198129187481884,1.0,9
0.1,3.0,7,1,0.035747015749490255,0.5139079291852254,1.0,9
0.1,3.0,7,2,0.036910793256622956,0.49819600629901223,1.0,9
0.1,3.0,7,3,0.03199960501026253,0.5069302710691208,1.0,9
0.1,3.0,7,4,0.0396236092491123,0.5082613268871349,1.0,9
0.1,10.0,0,0,0.09960565914069792,0.24961529164480145,0.5714285714285714,9
0.1,10.0,0,1,0.1069148268566501,0.265283888671017,0.7142857142857143,9
0.1,10.0,0,2,0.10146993373556988,0.25143077604947933,0.7142857142857143,9
0.1,10.0,0,3,0.10630243405771875,0.2605889275494789,0.7142857142857143,9
0.1,10.0,0,4,0.10680250262713778,0.2637556952108529,0.7142857142857143,9
0.1,10.0,1,0,0.10610958461993486,0.3610656890861824,0.8571428571428571,9
0.1,10.0,1,1,0.11027045495359059,0.3673801454852849,0.8571428571428571,9
0.1,10.0,1,2,0.1105499394059922,0.36172046066203145,0.8571428571428571,9
0.1,10.0,1,3,0.10922313395019367,0.3581345301612458,0.8571428571428571,9
0.1,10.0,1,4,0.10378846473644256,0.3649287052769239,0.8571428571428571,9
0.1,10.0,2,0,0.086137316412046,0.26593723541185244,0.8571428571428571,9
0.1,10.0,2,1,0.09633271764103561,0.2771181516481675,0.7142857142857143,9
0.1,10.0,2,2,0.09419826838659529,0.2719515163679538,0.7142857142857143,9
0.1,10.0,2,3,0.09134530230318204,0.27505316934890933,0.7142857142857143,9
0.1,10.0,2,4,0.09114431823010254,0.2697069875913349,0.7142857142857143,9
0.1,10.0,3,0,0.19673795747353942,0.4172978275314818,0.5714285714285714,9
0.1,10.0,3,1,0.20567255180165886,0.4205431060005159,0.5714285714285714,9
0.1,10.0,3,2,0.19192141768856547,0.4219025752386507,0.8571428571428571,9
0.1,10.0,3,3,0.19952810851634945,0.4132578917277095,0.5714285714285714,9
0.1,10.0,3,4,0.18517670455122154,0.40830779679242096,0.7142857142857143,9
0.1,10.0,4,0,0.07976965270498279,0.2987902553675821,0.5714285714285714,9
0.1,10.0,4,1,0.08154720809402739,0.2968703700909582,0.5714285714285714,9
0.1,10.0,4,2,0.07597376989372324,0.28780403815830985,0.8571428571428571,9
0.1,10.0,4,3,0.08303514085593851,0.3023554479424991,0.5714285714285714,9
0.1,10.0,4,4,0.08138218236721054,0.3068638099084038,0.5714285714285714,9
0.1,10.0,5,0,0.09290230229475265,0.2990518505030633,0.8571428571428571,9
0.1,10.0,5,1,0.09659895517387872,0.3111367580824798,0.8571428571428571,9
0.1,10.0,5,2,0.1058325419564611,0.3096709178309085,0.8571428571428571,9
0.1,10.0,5,3,0.09881864517360511,0.3059868465646345,0.7142857142857143,9
0.1,10.0,5,4,0.10293800023485135,0.3066873195530859,0.7142857142857143,9
0.1,10.0,6,0,0.10829266772379735,0.2780153864241238,0.42857142857142855,9
0.1,10.0,6,1,0.1110593811108556,0.2856305946785526,0.42857142857142855,9
0.1,10.0,6,2,0.11435843731029682,0.2917764023889516,0.42857142857142855,9
0.1,10.0,6,3,0.10623317827062562,0.2817910065071281,0.42857142857142855,9
0.1,10.0,6,4,0.1121027194589289,0.28496776323209616,0.42857142857142855,9
0.1,10.0,7,0,0.05987683378836471,0.29470918326835205,0.8571428571428571,9
0.1,10.0,7,1,0.06621524213652183,0.2953719197332858,0.8571428571428571,9
0.1,10.0,7,2,0.05956668097658844,0.2831716885618084,0.8571428571428571,9
0.1,10.0,7,3,0.057598670787513004,0.28491632348506984,0.8571428571428571,9
0.1,10.0,7,4,0.06443328418499863,0.28970486629080666,0.8571428571428571,9
