suite,noise_sigma,trial,seed,method,parameter,baseline_mse,baseline_nmse
exact,0.0,0,20261001,hcrd_centered,none,0.0,0.0
exact,0.0,0,20261001,hcrd_thresholded,z=3.5,1.8524898142121584e-32,1.919662460529927e-32
exact,0.0,0,20261001,hcrd_adaptive_guided,pilot-calibrated,0.008481196597276055,0.008788731038226584
exact,0.0,0,20261001,emd_residue,default,0.008552578109675866,0.008862700896888422
exact,0.0,0,20261001,vmd_low_mode,K=5;alpha=2000,0.03766883616434857,0.03903473593311241
exact,0.0,0,20261001,l1_trend_oracle,lambda=30,0.3240929310910961,0.33584477969358345
exact,0.0,0,20261001,gaussian_oracle,sigma=32,0.044773079183331496,0.04639658404120756
exact,0.0,1,20261002,hcrd_centered,none,0.0,0.0
exact,0.0,1,20261002,hcrd_thresholded,z=3.5,1.6870247045932083e-32,1.2000111096206248e-32
exact,0.0,1,20261002,hcrd_adaptive_guided,pilot-calibrated,0.010442316163970863,0.007427807887352564
exact,0.0,1,20261002,emd_residue,default,0.013552689505909746,0.009640272562725828
exact,0.0,1,20261002,vmd_low_mode,K=5;alpha=2000,0.05126658463896729,0.03646684660370829
exact,0.0,1,20261002,l1_trend_oracle,lambda=30,0.3990699168894743,0.2838656318896188
exact,0.0,1,20261002,gaussian_oracle,sigma=32,0.061306981276184266,0.04360876188026211
exact,0.0,2,20261003,hcrd_centered,none,0.0,0.0
exact,0.0,2,20261003,hcrd_thresholded,z=3.5,1.1654499025334744e-32,9.326546734275814e-33
exact,0.0,2,20261003,hcrd_adaptive_guided,pilot-calibrated,0.011755957242076549,0.009407738967246252
exact,0.0,2,20261003,emd_residue,default,0.003628672605593332,0.002903855804173492
exact,0.0,2,20261003,vmd_low_mode,K=5;alpha=2000,0.2820696873252435,0.22572708749150966
exact,0.0,2,20261003,l1_trend_oracle,lambda=30,0.4547188971494761,0.36389011968715973
exact,0.0,2,20261003,gaussian_oracle,sigma=32,0.007461335529327229,0.0059709554536072585
exact,0.0,3,20261004,hcrd_centered,none,0.0,0.0
exact,0.0,3,20261004,hcrd_thresholded,z=3.5,2.3644724360041272e-32,1.3260407433750461e-32
exact,0.0,3,20261004,hcrd_adaptive_guided,pilot-calibrated,0.015777398857087746,0.00884826288959992
exact,0.0,3,20261004,emd_residue,default,0.005620603027911336,0.0031521402000114387
exact,0.0,3,20261004,vmd_low_mode,K=5;alpha=2000,0.4786888024815322,0.2684577099831388
exact,0.0,3,20261004,l1_trend_oracle,lambda=30,0.6107885999539299,0.34254176821645094
exact,0.0,3,20261004,gaussian_oracle,sigma=32,0.00904334735787571,0.0050716797838007595
exact,0.0,4,20261005,hcrd_centered,none,0.0,0.0
exact,0.0,4,20261005,hcrd_thresholded,z=3.5,1.2678258186920741e-33,2.351930282979104e-33
exact,0.0,4,20261005,hcrd_adaptive_guided,pilot-calibrated,0.0020498167772204216,0.003802593449214382
exact,0.0,4,20261005,emd_residue,default,0.0009130014852207059,0.0016936994103107245
exact,0.0,4,20261005,vmd_low_mode,K=5;alpha=2000,0.023712161777612237,0.043988180819033273
exact,0.0,4,20261005,l1_trend_oracle,lambda=30,0.3856910643281437,0.7154914190055008
exact,0.0,4,20261005,gaussian_oracle,sigma=32,0.026690668108823045,0.04951357644920469
exact,0.0,5,20261006,hcrd_centered,none,0.0,0.0
exact,0.0,5,20261006,hcrd_thresholded,z=3.5,5.64020199744595e-32,2.1576185467153803e-32
exact,0.0,5,20261006,hcrd_adaptive_guided,pilot-calibrated,0.022063418499358393,0.008440201428905489
exact,0.0,5,20261006,emd_residue,default,0.023698976587035393,0.00906587236512377
exact,0.0,5,20261006,vmd_low_mode,K=5;alpha=2000,0.10040861939771348,0.03841059230869655
exact,0.0,5,20261006,l1_trend_oracle,lambda=30,0.8431445081494512,0.32253884331948635
exact,0.0,5,20261006,gaussian_oracle,sigma=32,0.11952622265662906,0.04572389338884601
exact,0.0,6,20261007,hcrd_centered,none,0.0,0.0
exact,0.0,6,20261007,hcrd_thresholded,z=3.5,5.103039902451098e-32,1.751886441219987e-32
exact,0.0,6,20261007,hcrd_adaptive_guided,pilot-calibrated,0.013966956847035661,0.004794891435921104
exact,0.0,6,20261007,emd_residue,default,0.013820606808336118,0.00474464909931962
exact,0.0,6,20261007,vmd_low_mode,K=5;alpha=2000,1.5400048929788117,0.5286875554561414
exact,0.0,6,20261007,l1_trend_oracle,lambda=30,0.5437264595149336,0.1866626619359241
exact,0.0,6,20261007,gaussian_oracle,sigma=32,0.0023470780460570616,0.000805757800051196
exact,0.0,7,20261008,hcrd_centered,none,0.0,0.0
exact,0.0,7,20261008,hcrd_thresholded,z=3.5,5.486727113161707e-32,1.854542936893762e-32
exact,0.0,7,20261008,hcrd_adaptive_guided,pilot-calibrated,0.022011056568207205,0.007439854151706677
exact,0.0,7,20261008,emd_residue,default,0.02850126640243368,0.009633579583786208
exact,0.0,7,20261008,vmd_low_mode,K=5;alpha=2000,0.1079621285857204,0.036491773491043475
exact,0.0,7,20261008,l1_trend_oracle,lambda=30,0.8411878954272682,0.2843259812070758
exact,0.0,7,20261008,gaussian_oracle,sigma=32,0.12909670827790373,0.04363537379847174
exact,0.0,8,20261009,hcrd_centered,none,0.0,0.0
exact,0.0,8,20261009,hcrd_thresholded,z=3.5,2.326103714933066e-32,1.521608864358033e-32
exact,0.0,8,20261009,hcrd_adaptive_guided,pilot-calibrated,0.015729130838702126,0.010289130600311665
exact,0.0,8,20261009,emd_residue,default,0.003860281451778539,0.002525183394976927
exact,0.0,8,20261009,vmd_low_mode,K=5;alpha=2000,0.012605581836441485,0.008245876974265483
exact,0.0,8,20261009,l1_trend_oracle,lambda=30,0.6075700153401247,0.39743882232107686
exact,0.0,8,20261009,gaussian_oracle,sigma=64,0.008196464946246582,0.005361675680470491
exact,0.0,9,20261010,hcrd_centered,none,0.0,0.0
exact,0.0,9,20261010,hcrd_thresholded,z=3.5,2.7913244579196794e-32,1.96471706367726e-32
exact,0.0,9,20261010,hcrd_adaptive_guided,pilot-calibrated,0.008155498483447243,0.005740374246985473
exact,0.0,9,20261010,emd_residue,default,0.006112777793335444,0.004302573569675346
exact,0.0,9,20261010,vmd_low_mode,K=5;alpha=2000,0.6651208961339883,0.4681556708089289
exact,0.0,9,20261010,l1_trend_oracle,lambda=30,0.3170779916450301,0.22318026803870475
exact,0.0,9,20261010,gaussian_oracle,sigma=32,0.0019933087269275885,0.0014030212997489238
exact,0.03,0,20261301,hcrd_centered,none,0.6170650444557871,0.9064565511050987
exact,0.03,0,20261301,hcrd_thresholded,z=3.5,0.00042015610251457304,0.0006172011444061119
exact,0.03,0,20261301,hcrd_adaptive_guided,pilot-calibrated,0.015723500194956656,0.02309751603348513
exact,0.03,0,20261301,emd_residue,default,0.00788763608512974,0.01158678402923391
exact,0.03,0,20261301,vmd_low_mode,K=5;alpha=2000,0.018354277576639717,0.026962076850131085
exact,0.03,0,20261301,l1_trend_oracle,lambda=30,0.441255468556179,0.6481957028313843
exact,0.03,0,20261301,gaussian_oracle,sigma=64,0.003856135778759151,0.005664588474120643
exact,0.03,1,20261302,hcrd_centered,none,0.9516246380767437,0.3521888483250398
exact,0.03,1,20261302,hcrd_thresholded,z=3.5,8.402841234790696e-05,3.109825932123913e-05
exact,0.03,1,20261302,hcrd_adaptive_guided,pilot-calibrated,0.013493792559944031,0.00499394726772556
exact,0.03,1,20261302,emd_residue,default,0.07683110835504134,0.02843459330959039
exact,0.03,1,20261302,vmd_low_mode,K=5;alpha=2000,0.08855027531314168,0.032771765498242116
exact,0.03,1,20261302,l1_trend_oracle,lambda=30,0.6845412586601406,0.2533433749737001
exact,0.03,1,20261302,gaussian_oracle,sigma=32,0.11337670597117315,0.04195983364152241
exact,0.03,2,20261303,hcrd_centered,none,0.7607332545903724,1.0252037636002382
exact,0.03,2,20261303,hcrd_thresholded,z=3.5,0.00017174941822695956,0.00023145846313402202
exact,0.03,2,20261303,hcrd_adaptive_guided,pilot-calibrated,0.017160205183833672,0.02312598645117945
exact,0.03,2,20261303,emd_residue,default,0.025317037329425297,0.03411855837340835
exact,0.03,2,20261303,vmd_low_mode,K=5;alpha=2000,0.03003183095147102,0.040472459871407684
exact,0.03,2,20261303,l1_trend_oracle,lambda=30,0.5456687214839816,0.7353715951927678
exact,0.03,2,20261303,gaussian_oracle,sigma=64,0.023490331965585955,0.031656795064526524
exact,0.03,3,20261304,hcrd_centered,none,0.542021615572068,0.7992540938630277
exact,0.03,3,20261304,hcrd_thresholded,z=3.5,0.0001768913610760233,0.00026084041751692173
exact,0.03,3,20261304,hcrd_adaptive_guided,pilot-calibrated,0.01264093285534362,0.018640063504142095
exact,0.03,3,20261304,emd_residue,default,0.0060656040775251075,0.008944216893633505
exact,0.03,3,20261304,vmd_low_mode,K=5;alpha=2000,0.014511166026886688,0.021397871451075315
exact,0.03,3,20261304,l1_trend_oracle,lambda=30,0.3883793937600345,0.5726963861157588
exact,0.03,3,20261304,gaussian_oracle,sigma=64,0.0011617154587145,0.0017130420809907236
exact,0.03,4,20261305,hcrd_centered,none,0.5774959878557268,0.5817250474493769
exact,0.03,4,20261305,hcrd_thresholded,z=3.5,0.0013921038457775376,0.001402298358377015
exact,0.03,4,20261305,hcrd_adaptive_guided,pilot-calibrated,0.010227162788244513,0.010302057301479215
exact,0.03,4,20261305,emd_residue,default,0.006744865684797079,0.006794258995801864
exact,0.03,4,20261305,vmd_low_mode,K=5;alpha=2000,0.040752316821718516,0.04105075002306124
exact,0.03,4,20261305,l1_trend_oracle,lambda=30,0.41304090561387535,0.41606564455785
exact,0.03,4,20261305,gaussian_oracle,sigma=32,0.04988153308020512,0.05024682042497455
exact,0.03,5,20261306,hcrd_centered,none,0.769720755170121,0.33304316295525077
exact,0.03,5,20261306,hcrd_thresholded,z=3.5,0.0003897460958748525,0.00016863553652120614
exact,0.03,5,20261306,hcrd_adaptive_guided,pilot-calibrated,0.01942923438046317,0.008406650890475481
exact,0.03,5,20261306,emd_residue,default,0.010031052236524328,0.004340240720003762
exact,0.03,5,20261306,vmd_low_mode,K=5;alpha=2000,0.008703805134742068,0.0037659667773671784
exact,0.03,5,20261306,l1_trend_oracle,lambda=30,0.554709172716609,0.24001184346523036
exact,0.03,5,20261306,gaussian_oracle,sigma=32,0.004042766981128661,0.0017492264479584674
exact,0.03,6,20261307,hcrd_centered,none,0.8995020179324267,0.9436910583867457
exact,0.03,6,20261307,hcrd_thresholded,z=3.5,0.00044768215565242663,0.00046967504115175406
exact,0.03,6,20261307,hcrd_adaptive_guided,pilot-calibrated,0.019293020965534948,0.02024081215103076
exact,0.03,6,20261307,emd_residue,default,0.05575267682955067,0.05849158929749654
exact,0.03,6,20261307,vmd_low_mode,K=5;alpha=2000,0.04485825972614186,0.047061971795965975
exact,0.03,6,20261307,l1_trend_oracle,lambda=30,0.6434653999025083,0.6750763557651805
exact,0.03,6,20261307,gaussian_oracle,sigma=32,0.05062730237847538,0.05311442510671317
exact,0.03,7,20261308,hcrd_centered,none,1.1816409848153704,0.5047823494860402
exact,0.03,7,20261308,hcrd_thresholded,z=3.5,0.00013068903253599673,5.582873118258133e-05
exact,0.03,7,20261308,hcrd_adaptive_guided,pilot-calibrated,0.012853718162606146,0.005490948720575657
exact,0.03,7,20261308,emd_residue,default,0.015505150202674059,0.006623607550023053
exact,0.03,7,20261308,vmd_low_mode,K=5;alpha=2000,0.0187145121499855,0.007994607104822762
exact,0.03,7,20261308,l1_trend_oracle,lambda=30,0.8466332142507913,0.3616711916176534
exact,0.03,7,20261308,gaussian_oracle,sigma=32,0.01360425458417219,0.005811568556144536
exact,0.03,8,20261309,hcrd_centered,none,1.077891803619692,0.8822632738869141
exact,0.03,8,20261309,hcrd_thresholded,z=3.5,0.00022276500135090603,0.00018233497902041439
exact,0.03,8,20261309,hcrd_adaptive_guided,pilot-calibrated,0.015692489218543236,0.012844431015148433
exact,0.03,8,20261309,emd_residue,default,0.05628833321122725,0.04607246197977083
exact,0.03,8,20261309,vmd_low_mode,K=5;alpha=2000,0.056893167958967705,0.046567524177024845
exact,0.03,8,20261309,l1_trend_oracle,lambda=30,0.7721080549175935,0.631976769874761
exact,0.03,8,20261309,gaussian_oracle,sigma=32,0.06533637428897225,0.05347835774473307
exact,0.03,9,20261310,hcrd_centered,none,0.6121641382592483,0.783109335008065
exact,0.03,9,20261310,hcrd_thresholded,z=3.5,0.00030844610439924254,0.00039457885329379606
exact,0.03,9,20261310,hcrd_adaptive_guided,pilot-calibrated,0.010572362962809017,0.013524667016288069
exact,0.03,9,20261310,emd_residue,default,0.0007772096416246652,0.0009942433533353962
exact,0.03,9,20261310,vmd_low_mode,K=5;alpha=2000,0.015403122811526726,0.019704403620053153
exact,0.03,9,20261310,l1_trend_oracle,lambda=30,0.4339552690866908,0.5551361162123585
exact,0.03,9,20261310,gaussian_oracle,sigma=64,0.0010039470196418216,0.0012842965371520733
exact,0.1,0,20262001,hcrd_centered,none,0.8444071318510229,0.9993145759672065
exact,0.1,0,20262001,hcrd_thresholded,z=3.5,4.853729383983096e-06,5.744151533374762e-06
exact,0.1,0,20262001,hcrd_adaptive_guided,pilot-calibrated,0.06585825872279559,0.07794003082996265
exact,0.1,0,20262001,emd_residue,default,0.0019505520989716951,0.0023083830893433767
exact,0.1,0,20262001,vmd_low_mode,K=5;alpha=2000,0.049574285571762945,0.05866874437266571
exact,0.1,0,20262001,l1_trend_oracle,lambda=30,0.6011221772697134,0.7113987210955364
exact,0.1,0,20262001,gaussian_oracle,sigma=32,0.044672440803192534,0.05286765063293965
exact,0.1,1,20262002,hcrd_centered,none,1.134822423184181,0.7920354450979785
exact,0.1,1,20262002,hcrd_thresholded,z=3.5,0.0017102235702414236,0.0011936296454845218
exact,0.1,1,20262002,hcrd_adaptive_guided,pilot-calibrated,0.06660375715025249,0.04648527854400371
exact,0.1,1,20262002,emd_residue,default,0.008946675388318007,0.006244222777560957
exact,0.1,1,20262002,vmd_low_mode,K=5;alpha=2000,0.0740093816865406,0.051653943707818055
exact,0.1,1,20262002,l1_trend_oracle,lambda=30,0.7959513495886997,0.5555245195798404
exact,0.1,1,20262002,gaussian_oracle,sigma=32,0.07738928795760902,0.05401290799430418
exact,0.1,2,20262003,hcrd_centered,none,1.1660610298815857,0.743722228769016
exact,0.1,2,20262003,hcrd_thresholded,z=3.5,0.004246973703562295,0.0027087508006827968
exact,0.1,2,20262003,hcrd_adaptive_guided,pilot-calibrated,0.05905480055492291,0.03766558247185152
exact,0.1,2,20262003,emd_residue,default,0.030228149769229846,0.01927973437223799
exact,0.1,2,20262003,vmd_low_mode,K=5;alpha=2000,0.04452319920327367,0.028397221152951322
exact,0.1,2,20262003,l1_trend_oracle,lambda=30,0.8234787399825962,0.5252207458694946
exact,0.1,2,20262003,gaussian_oracle,sigma=64,0.0017871794357098036,0.0011398760777308757
exact,0.1,3,20262004,hcrd_centered,none,0.6661198857226014,0.40620993540637046
exact,0.1,3,20262004,hcrd_thresholded,z=3.5,0.001274535442614791,0.0007772309022962975
exact,0.1,3,20262004,hcrd_adaptive_guided,pilot-calibrated,0.03507925390972424,0.02139185718696112
exact,0.1,3,20262004,emd_residue,default,0.012550183117687639,0.007653290620567105
exact,0.1,3,20262004,vmd_low_mode,K=5;alpha=2000,0.05163561025117115,0.03148817255627095
exact,0.1,3,20262004,l1_trend_oracle,lambda=30,0.4655358763981716,0.2838907865299795
exact,0.1,3,20262004,gaussian_oracle,sigma=32,0.06785199359081442,0.04137716727045161
exact,0.1,4,20262005,hcrd_centered,none,0.7135995703835725,0.8516979057866084
exact,0.1,4,20262005,hcrd_thresholded,z=3.5,0.005825627220896076,0.00695302338994355
exact,0.1,4,20262005,hcrd_adaptive_guided,pilot-calibrated,0.04369350054203192,0.0521492226909997
exact,0.1,4,20262005,emd_residue,default,0.024154972982240834,0.028829529552895347
exact,0.1,4,20262005,vmd_low_mode,K=5;alpha=2000,0.03156741397550854,0.03767645257912346
exact,0.1,4,20262005,l1_trend_oracle,lambda=30,0.5102507599243947,0.608996307859376
exact,0.1,4,20262005,gaussian_oracle,sigma=64,0.002841246868180012,0.0033910951013478683
exact,0.1,5,20262006,hcrd_centered,none,1.1250393333979214,0.3238132690941128
exact,0.1,5,20262006,hcrd_thresholded,z=3.5,0.004411462222271561,0.0012697244987555322
exact,0.1,5,20262006,hcrd_adaptive_guided,pilot-calibrated,0.03293321548640452,0.009478968291912712
exact,0.1,5,20262006,emd_residue,default,0.030871389306947584,0.008885525328938873
exact,0.1,5,20262006,vmd_low_mode,K=5;alpha=2000,0.030852795462968933,0.00888017357524901
exact,0.1,5,20262006,l1_trend_oracle,lambda=30,0.8281257107561634,0.2383544162948769
exact,0.1,5,20262006,gaussian_oracle,sigma=32,0.006505027867114551,0.0018723028401475786
exact,0.1,6,20262007,hcrd_centered,none,0.5932267990478117,0.976511467425317
exact,0.1,6,20262007,hcrd_thresholded,z=3.5,0.024677044841307505,0.040620918185733185
exact,0.1,6,20262007,hcrd_adaptive_guided,pilot-calibrated,0.040904004679578845,0.06733213957518515
exact,0.1,6,20262007,emd_residue,default,0.01888340313517035,0.031083996432910394
exact,0.1,6,20262007,vmd_low_mode,K=5;alpha=2000,0.02967765231832075,0.04885242517974317
exact,0.1,6,20262007,l1_trend_oracle,lambda=30,0.4174342114456912,0.687139041976269
exact,0.1,6,20262007,gaussian_oracle,sigma=64,0.008515958993298066,0.014018132064207519
exact,0.1,7,20262008,hcrd_centered,none,0.8823201684254678,0.18667041356236524
exact,0.1,7,20262008,hcrd_thresholded,z=3.5,0.02750971018196134,0.005820165015395229
exact,0.1,7,20262008,hcrd_adaptive_guided,pilot-calibrated,0.020305923651757783,0.004296076754772307
exact,0.1,7,20262008,emd_residue,default,0.36641174261801995,0.07752087504774127
exact,0.1,7,20262008,vmd_low_mode,K=5;alpha=2000,0.01673110210548858,0.003539760124671274
exact,0.1,7,20262008,l1_trend_oracle,lambda=30,0.634052774729702,0.1341450619794563
exact,0.1,7,20262008,gaussian_oracle,sigma=32,0.002335376894534929,0.0004940902252124514
exact,0.1,8,20262009,hcrd_centered,none,0.9835147282844279,0.9501090299051017
exact,0.1,8,20262009,hcrd_thresholded,z=3.5,0.0017301992048410217,0.0016714318970307068
exact,0.1,8,20262009,hcrd_adaptive_guided,pilot-calibrated,0.05888000499440834,0.05688010846937369
exact,0.1,8,20262009,emd_residue,default,0.0003284516546553629,0.0003172955869401934
exact,0.1,8,20262009,vmd_low_mode,K=5;alpha=2000,0.04321103068696321,0.04174334076196694
exact,0.1,8,20262009,l1_trend_oracle,lambda=30,0.6953870096451948,0.6717677510483973
exact,0.1,8,20262009,gaussian_oracle,sigma=64,0.009091698725030958,0.008782893440646589
exact,0.1,9,20262010,hcrd_centered,none,1.024392369721978,0.08289410822657109
exact,0.1,9,20262010,hcrd_thresholded,z=3.5,0.0065372966816696736,0.0005289998194603925
exact,0.1,9,20262010,hcrd_adaptive_guided,pilot-calibrated,0.01365060546487437,0.001104610694309081
exact,0.1,9,20262010,emd_residue,default,0.46197721269189207,0.03738332127316093
exact,0.1,9,20262010,vmd_low_mode,K=5;alpha=2000,0.016019173815631515,0.001296275887269256
exact,0.1,9,20262010,l1_trend_oracle,lambda=30,0.7357069510806752,0.05953360589992855
exact,0.1,9,20262010,gaussian_oracle,sigma=32,0.02490084397866656,0.0020149830443004536
variable,0.0,0,120261001,hcrd_centered,none,0.018731705663777222,0.01973592848430819
variable,0.0,0,120261001,hcrd_thresholded,z=3.5,0.07065160627458682,0.07443929953656829
variable,0.0,0,120261001,hcrd_adaptive_guided,pilot-calibrated,0.03832954246180161,0.040384422136485236
variable,0.0,0,120261001,emd_residue,default,0.053705589416693136,0.05658479216791949
variable,0.0,0,120261001,vmd_low_mode,K=5;alpha=2000,0.04913080965473584,0.05176475453578625
variable,0.0,0,120261001,l1_trend_oracle,lambda=30,0.6659415381755956,0.701643235702727
variable,0.0,0,120261001,gaussian_oracle,sigma=32,0.05244127372956537,0.05525269543147574
variable,0.0,1,120261002,hcrd_centered,none,0.02125195276081695,0.020017499447955334
variable,0.0,1,120261002,hcrd_thresholded,z=3.5,0.04842429006266581,0.04561148853032645
variable,0.0,1,120261002,hcrd_adaptive_guided,pilot-calibrated,0.05875715331950182,0.05534415107044221
variable,0.0,1,120261002,emd_residue,default,0.06659162529556532,0.06272354534168395
variable,0.0,1,120261002,vmd_low_mode,K=5;alpha=2000,0.039585859111916796,0.03728645183047033
variable,0.0,1,120261002,l1_trend_oracle,lambda=30,0.6468439877386387,0.6092710309117817
variable,0.0,1,120261002,gaussian_oracle,sigma=64,0.03317295969522395,0.031246055826479425
variable,0.0,2,120261003,hcrd_centered,none,0.01795348455281596,0.024233883225892195
variable,0.0,2,120261003,hcrd_thresholded,z=3.5,0.045025998607407816,0.06077676949959894
variable,0.0,2,120261003,hcrd_adaptive_guided,pilot-calibrated,0.04070117382568042,0.05493905602261334
variable,0.0,2,120261003,emd_residue,default,0.08692379588281175,0.11733104583560908
variable,0.0,2,120261003,vmd_low_mode,K=5;alpha=2000,0.01812881181645788,0.024470542600896202
variable,0.0,2,120261003,l1_trend_oracle,lambda=30,0.5234076544708356,0.70650351694512
variable,0.0,2,120261003,gaussian_oracle,sigma=32,0.0196220671886522,0.026486161140558327
variable,0.0,3,120261004,hcrd_centered,none,0.019539337792527003,0.01693947217650548
variable,0.0,3,120261004,hcrd_thresholded,z=3.5,0.1330719117391786,0.11536562652815878
variable,0.0,3,120261004,hcrd_adaptive_guided,pilot-calibrated,0.06007909489110707,0.05208508942850522
variable,0.0,3,120261004,emd_residue,default,0.08661838255923877,0.07509311200389315
variable,0.0,3,120261004,vmd_low_mode,K=5;alpha=2000,0.06836129749226513,0.059265278543008164
variable,0.0,3,120261004,l1_trend_oracle,lambda=30,0.5943928323764778,0.5153040984739256
variable,0.0,3,120261004,gaussian_oracle,sigma=64,0.046481534402351345,0.04029679342720871
variable,0.0,4,120261005,hcrd_centered,none,0.021962006461051353,0.015179931489639656
variable,0.0,4,120261005,hcrd_thresholded,z=3.5,0.5537798659208449,0.3827674142582798
variable,0.0,4,120261005,hcrd_adaptive_guided,pilot-calibrated,0.08043434624318754,0.05559546062200236
variable,0.0,4,120261005,emd_residue,default,0.07422838920014387,0.051305961713597976
variable,0.0,4,120261005,vmd_low_mode,K=5;alpha=2000,0.08334934079751975,0.05761027733312162
variable,0.0,4,120261005,l1_trend_oracle,lambda=30,0.6433068881694173,0.44464764667761386
variable,0.0,4,120261005,gaussian_oracle,sigma=32,0.08592610582554437,0.05939131298938928
variable,0.0,5,120261006,hcrd_centered,none,0.01996702277790523,0.02307301588883133
variable,0.0,5,120261006,hcrd_thresholded,z=3.5,0.21266508684842977,0.2457464481526623
variable,0.0,5,120261006,hcrd_adaptive_guided,pilot-calibrated,0.06155775386795424,0.0711334408176142
variable,0.0,5,120261006,emd_residue,default,0.050133574830023085,0.05793216051704187
variable,0.0,5,120261006,vmd_low_mode,K=5;alpha=2000,0.04537721624135246,0.05243592111720431
variable,0.0,5,120261006,l1_trend_oracle,lambda=30,0.5816711442509361,0.6721536657046152
variable,0.0,5,120261006,gaussian_oracle,sigma=32,0.04567140075348816,0.05277586783826812
variable,0.0,6,120261007,hcrd_centered,none,0.01494449246185599,0.013111087832002913
variable,0.0,6,120261007,hcrd_thresholded,z=3.5,0.11890711939263826,0.10431948024909514
variable,0.0,6,120261007,hcrd_adaptive_guided,pilot-calibrated,0.062136962891156944,0.05451394084872703
variable,0.0,6,120261007,emd_residue,default,0.07804889586495144,0.06847378266529237
variable,0.0,6,120261007,vmd_low_mode,K=5;alpha=2000,0.0353469011130586,0.031010509474664195
variable,0.0,6,120261007,l1_trend_oracle,lambda=30,0.6000261230845925,0.5264143443705323
variable,0.0,6,120261007,gaussian_oracle,sigma=32,0.0383329025779694,0.03363018542370427
variable,0.0,7,120261008,hcrd_centered,none,0.01649686707861864,0.0245082102486332
variable,0.0,7,120261008,hcrd_thresholded,z=3.5,0.8543443489845743,1.2692380213685324
variable,0.0,7,120261008,hcrd_adaptive_guided,pilot-calibrated,0.04801751911444541,0.07133617846747738
variable,0.0,7,120261008,emd_residue,default,0.13338393305391424,0.19815892675233182
variable,0.0,7,120261008,vmd_low_mode,K=5;alpha=2000,0.04448972971177473,0.06609519519583469
variable,0.0,7,120261008,l1_trend_oracle,lambda=30,0.3847879068990956,0.571651749297127
variable,0.0,7,120261008,gaussian_oracle,sigma=32,0.044188560092012906,0.06564776912842156
variable,0.0,8,120261009,hcrd_centered,none,0.013533965188187481,0.012129211935475814
variable,0.0,8,120261009,hcrd_thresholded,z=3.5,0.1381123784120835,0.12377705169028468
variable,0.0,8,120261009,hcrd_adaptive_guided,pilot-calibrated,0.04198337703202703,0.03762572688105464
variable,0.0,8,120261009,emd_residue,default,0.05998713778431652,0.05376079349041141
variable,0.0,8,120261009,vmd_low_mode,K=5;alpha=2000,0.05047054379534974,0.045231971094976245
variable,0.0,8,120261009,l1_trend_oracle,lambda=30,0.7392819812751895,0.6625484627957816
variable,0.0,8,120261009,gaussian_oracle,sigma=32,0.04995599423166012,0.044770829025928716
variable,0.0,9,120261010,hcrd_centered,none,0.018606796249396523,0.02625073065661739
variable,0.0,9,120261010,hcrd_thresholded,z=3.5,0.17726432534000797,0.2500870110661027
variable,0.0,9,120261010,hcrd_adaptive_guided,pilot-calibrated,0.0764611306478373,0.10787244184510854
variable,0.0,9,120261010,emd_residue,default,0.14606390459398283,0.20606901729656232
variable,0.0,9,120261010,vmd_low_mode,K=5;alpha=2000,0.06538775850719973,0.09224997220400655
variable,0.0,9,120261010,l1_trend_oracle,lambda=30,0.46140054594787533,0.6509503997436811
variable,0.0,9,120261010,gaussian_oracle,sigma=32,0.06790753082205744,0.0958049025352008
variable,0.03,0,120261301,hcrd_centered,none,0.9780605604955757,0.8812736618225786
variable,0.03,0,120261301,hcrd_thresholded,z=3.5,0.363765544162117,0.32776804023893763
variable,0.03,0,120261301,hcrd_adaptive_guided,pilot-calibrated,0.0470046235573134,0.04235314089748822
variable,0.03,0,120261301,emd_residue,default,0.14516166749812037,0.13079676191781053
variable,0.03,0,120261301,vmd_low_mode,K=5;alpha=2000,0.06592051065601418,0.05939714999407004
variable,0.03,0,120261301,l1_trend_oracle,lambda=30,0.6865360694181191,0.6185978458867861
variable,0.03,0,120261301,gaussian_oracle,sigma=32,0.06269596850002193,0.05649170202050827
variable,0.03,1,120261302,hcrd_centered,none,0.8503583763141865,0.9483552163391351
variable,0.03,1,120261302,hcrd_thresholded,z=3.5,0.1744222335160532,0.19452296773678784
variable,0.03,1,120261302,hcrd_adaptive_guided,pilot-calibrated,0.07322949972004456,0.08166859995008777
variable,0.03,1,120261302,emd_residue,default,0.04937386308178423,0.05506379652233121
variable,0.03,1,120261302,vmd_low_mode,K=5;alpha=2000,0.06402481784854046,0.07140315386202817
variable,0.03,1,120261302,l1_trend_oracle,lambda=30,0.6232049216556383,0.695024185993294
variable,0.03,1,120261302,gaussian_oracle,sigma=64,0.05032731965726426,0.056127131161108554
variable,0.03,2,120261303,hcrd_centered,none,0.8821819377545533,0.8184676399126155
variable,0.03,2,120261303,hcrd_thresholded,z=3.5,0.12662621015525138,0.11748081766516823
variable,0.03,2,120261303,hcrd_adaptive_guided,pilot-calibrated,0.09154492301187658,0.08493322508305456
variable,0.03,2,120261303,emd_residue,default,0.0723573934624691,0.06713148674092757
variable,0.03,2,120261303,vmd_low_mode,K=5;alpha=2000,0.08694562238445079,0.08066610220434386
variable,0.03,2,120261303,l1_trend_oracle,lambda=30,0.6294309707158021,0.5839712411262301
variable,0.03,2,120261303,gaussian_oracle,sigma=32,0.09967161546772633,0.0924729790838734
variable,0.03,3,120261304,hcrd_centered,none,0.8620826754908146,0.9420962276729193
variable,0.03,3,120261304,hcrd_thresholded,z=3.5,0.21746988021882696,0.2376541828427237
variable,0.03,3,120261304,hcrd_adaptive_guided,pilot-calibrated,0.15383649167559454,0.16811470941983717
variable,0.03,3,120261304,emd_residue,default,0.14839536236636233,0.16216856580479494
variable,0.03,3,120261304,vmd_low_mode,K=5;alpha=2000,0.05969598595803727,0.06523662379163736
variable,0.03,3,120261304,l1_trend_oracle,lambda=100,0.6229183432473884,0.6807340386321011
variable,0.03,3,120261304,gaussian_oracle,sigma=64,0.05434535699388452,0.05938938024282594
variable,0.03,4,120261305,hcrd_centered,none,0.8614640073420965,0.983750770515982
variable,0.03,4,120261305,hcrd_thresholded,z=3.5,0.05573847502685481,0.06365067755324057
variable,0.03,4,120261305,hcrd_adaptive_guided,pilot-calibrated,0.0724849166776508,0.08277431445154845
variable,0.03,4,120261305,emd_residue,default,0.07895575008192685,0.09016369728482244
variable,0.03,4,120261305,vmd_low_mode,K=5;alpha=2000,0.031732206336964004,0.03623666475686434
variable,0.03,4,120261305,l1_trend_oracle,lambda=30,0.6122913434930298,0.6992074837809649
variable,0.03,4,120261305,gaussian_oracle,sigma=32,0.03344151819441607,0.03818861729636587
variable,0.03,5,120261306,hcrd_centered,none,0.931039050616965,0.9128548442202653
variable,0.03,5,120261306,hcrd_thresholded,z=3.5,0.5169013453379331,0.5068056992486223
variable,0.03,5,120261306,hcrd_adaptive_guided,pilot-calibrated,0.06719940553752586,0.06588692797901728
variable,0.03,5,120261306,emd_residue,default,0.14201600581998433,0.1392422785958102
variable,0.03,5,120261306,vmd_low_mode,K=5;alpha=2000,0.11865474982115108,0.1163372933629426
variable,0.03,5,120261306,l1_trend_oracle,lambda=30,0.655184290214369,0.6423878276457599
variable,0.03,5,120261306,gaussian_oracle,sigma=32,0.049739119541697054,0.04876766037987459
variable,0.03,6,120261307,hcrd_centered,none,0.6762886965159617,0.7726298548228918
variable,0.03,6,120261307,hcrd_thresholded,z=3.5,0.19991725985649964,0.22839660673801024
variable,0.03,6,120261307,hcrd_adaptive_guided,pilot-calibrated,0.06516422382152005,0.07444723688307153
variable,0.03,6,120261307,emd_residue,default,0.03885168549318556,0.04438632831935278
variable,0.03,6,120261307,vmd_low_mode,K=5;alpha=2000,0.06968119116631094,0.07960767183019496
variable,0.03,6,120261307,l1_trend_oracle,lambda=30,0.48321078449373606,0.5520468997864425
variable,0.03,6,120261307,gaussian_oracle,sigma=32,0.07641877155646616,0.08730505873836182
variable,0.03,7,120261308,hcrd_centered,none,0.9064150494436374,0.9591024909000274
variable,0.03,7,120261308,hcrd_thresholded,z=3.5,0.027512131959715545,0.02911133735999848
variable,0.03,7,120261308,hcrd_adaptive_guided,pilot-calibrated,0.0738431501352211,0.07813545160582548
variable,0.03,7,120261308,emd_residue,default,0.021477834978928044,0.022726283108465244
variable,0.03,7,120261308,vmd_low_mode,K=5;alpha=2000,0.032830730289267175,0.03473909134433575
variable,0.03,7,120261308,l1_trend_oracle,lambda=30,0.6548353131527793,0.6928991088129365
variable,0.03,7,120261308,gaussian_oracle,sigma=64,0.022921762542374657,0.024254142253821335
variable,0.03,8,120261309,hcrd_centered,none,0.6756039915211064,0.6055860191640781
variable,0.03,8,120261309,hcrd_thresholded,z=3.5,0.18073434366041796,0.162003471082402
variable,0.03,8,120261309,hcrd_adaptive_guided,pilot-calibrated,0.089227752327615,0.0799804027347144
variable,0.03,8,120261309,emd_residue,default,0.051520996944233705,0.04618148476680276
variable,0.03,8,120261309,vmd_low_mode,K=5;alpha=2000,0.09577968692688073,0.0858533105943311
variable,0.03,8,120261309,l1_trend_oracle,lambda=30,0.4902649358989183,0.43945505738990664
variable,0.03,8,120261309,gaussian_oracle,sigma=64,0.08250869583134789,0.07395769308945054
variable,0.03,9,120261310,hcrd_centered,none,0.8464614674917894,0.7566629689287406
variable,0.03,9,120261310,hcrd_thresholded,z=3.5,0.10486755555456306,0.09374247851510738
variable,0.03,9,120261310,hcrd_adaptive_guided,pilot-calibrated,0.04747605251922183,0.04243946385257006
variable,0.03,9,120261310,emd_residue,default,0.037473750118697684,0.03349827500799093
variable,0.03,9,120261310,vmd_low_mode,K=5;alpha=2000,0.02885841946485188,0.025796918335302236
variable,0.03,9,120261310,l1_trend_oracle,lambda=30,0.6055340529529482,0.541294804183482
variable,0.03,9,120261310,gaussian_oracle,sigma=32,0.026029837341831178,0.02326841180634513
variable,0.1,0,120262001,hcrd_centered,none,0.9714616658082037,0.8669026916569753
variable,0.1,0,120262001,hcrd_thresholded,z=3.5,0.1824291686313163,0.16279421297767985
variable,0.1,0,120262001,hcrd_adaptive_guided,pilot-calibrated,0.09501716009958729,0.08479040886848176
variable,0.1,0,120262001,emd_residue,default,0.06731820315980241,0.06007270649037173
variable,0.1,0,120262001,vmd_low_mode,K=5;alpha=2000,0.07204855822482217,0.06429393073697875
variable,0.1,0,120262001,l1_trend_oracle,lambda=100,0.6853202942377843,0.611558879400168
variable,0.1,0,120262001,gaussian_oracle,sigma=64,0.06745047987461428,0.06019074618678996
variable,0.1,1,120262002,hcrd_centered,none,0.8295715492454222,0.8195202352015408
variable,0.1,1,120262002,hcrd_thresholded,z=3.5,0.7919893088338869,0.7823933514149917
variable,0.1,1,120262002,hcrd_adaptive_guided,pilot-calibrated,0.07402562661148088,0.07312871202823137
variable,0.1,1,120262002,emd_residue,default,0.16236975112848034,0.1604024351551882
variable,0.1,1,120262002,vmd_low_mode,K=5;alpha=2000,0.055550208654321045,0.054877147249436084
variable,0.1,1,120262002,l1_trend_oracle,lambda=30,0.5948330054970866,0.5876258473594246
variable,0.1,1,120262002,gaussian_oracle,sigma=32,0.05320001784833964,0.05255543199312299
variable,0.1,2,120262003,hcrd_centered,none,0.9043997861220309,0.3611778585522122
variable,0.1,2,120262003,hcrd_thresholded,z=3.5,0.4452510105219725,0.17781384843984888
variable,0.1,2,120262003,hcrd_adaptive_guided,pilot-calibrated,0.09668756832865837,0.038612800902247855
variable,0.1,2,120262003,emd_residue,default,0.05803551710926784,0.023176856199153655
variable,0.1,2,120262003,vmd_low_mode,K=5;alpha=2000,0.11218371691993906,0.044801287288345315
variable,0.1,2,120262003,l1_trend_oracle,lambda=30,0.65803148725481,0.2627890973368178
variable,0.1,2,120262003,gaussian_oracle,sigma=64,0.08000022746748803,0.03194860423872156
variable,0.1,3,120262004,hcrd_centered,none,0.7225000168755799,0.26857088067666735
variable,0.1,3,120262004,hcrd_thresholded,z=3.5,0.4926605065442765,0.18313392806466178
variable,0.1,3,120262004,hcrd_adaptive_guided,pilot-calibrated,0.03691200166093219,0.01372109143538241
variable,0.1,3,120262004,emd_residue,default,0.054618816441903334,0.0203031464231029
variable,0.1,3,120262004,vmd_low_mode,K=5;alpha=2000,0.038031269954780386,0.014137150763231599
variable,0.1,3,120262004,l1_trend_oracle,lambda=100,0.5215800287954266,0.19388401993777712
variable,0.1,3,120262004,gaussian_oracle,sigma=32,0.03017068496023727,0.01121517957249349
variable,0.1,4,120262005,hcrd_centered,none,0.8143662882593329,0.9066455089245243
variable,0.1,4,120262005,hcrd_thresholded,z=3.5,0.3009400151061647,0.3350407759816251
variable,0.1,4,120262005,hcrd_adaptive_guided,pilot-calibrated,0.09819846352814339,0.10932573858303936
variable,0.1,4,120262005,emd_residue,default,0.38475055159950666,0.4283482318620259
variable,0.1,4,120262005,vmd_low_mode,K=5;alpha=2000,0.07249477572569663,0.08070945934252972
variable,0.1,4,120262005,l1_trend_oracle,lambda=30,0.5776843516726484,0.6431441607676099
variable,0.1,4,120262005,gaussian_oracle,sigma=32,0.08568816478409065,0.09539784601783585
variable,0.1,5,120262006,hcrd_centered,none,0.7622723296544842,0.8676316437663182
variable,0.1,5,120262006,hcrd_thresholded,z=3.5,0.06306234750872601,0.07177866242837305
variable,0.1,5,120262006,hcrd_adaptive_guided,pilot-calibrated,0.0687379879627941,0.07823877525815631
variable,0.1,5,120262006,emd_residue,default,0.0786684006852177,0.08954174399839605
variable,0.1,5,120262006,vmd_low_mode,K=5;alpha=2000,0.049221234063347115,0.056024466004093165
variable,0.1,5,120262006,l1_trend_oracle,lambda=30,0.5466191220117025,0.6221714063267718
variable,0.1,5,120262006,gaussian_oracle,sigma=32,0.040239017682397564,0.04580075085651531
variable,0.1,6,120262007,hcrd_centered,none,0.7505462620054499,0.9961631808147587
variable,0.1,6,120262007,hcrd_thresholded,z=3.5,0.07084253009494966,0.09402580985186212
variable,0.1,6,120262007,hcrd_adaptive_guided,pilot-calibrated,0.12116033442776968,0.16081015953586958
variable,0.1,6,120262007,emd_residue,default,0.07682734476258186,0.10196916033896646
variable,0.1,6,120262007,vmd_low_mode,K=5;alpha=2000,0.09759991816233184,0.12953957650000614
variable,0.1,6,120262007,l1_trend_oracle,lambda=30,0.5594510100987867,0.7425318410632367
variable,0.1,6,120262007,gaussian_oracle,sigma=32,0.09481104068900315,0.1258380364412888
variable,0.1,7,120262008,hcrd_centered,none,0.8714941621038309,0.7944468853996446
variable,0.1,7,120262008,hcrd_thresholded,z=3.5,0.5013857390589739,0.45705910159813995
variable,0.1,7,120262008,hcrd_adaptive_guided,pilot-calibrated,0.05615746662078078,0.05119268308248106
variable,0.1,7,120262008,emd_residue,default,0.20578933680425168,0.18759586097275308
variable,0.1,7,120262008,vmd_low_mode,K=5;alpha=2000,0.03623017084027005,0.033027124716551254
variable,0.1,7,120262008,l1_trend_oracle,lambda=30,0.6153797304061697,0.5609750832742904
variable,0.1,7,120262008,gaussian_oracle,sigma=32,0.03656142513286337,0.03332909339571112
variable,0.1,8,120262009,hcrd_centered,none,0.7777153362280853,0.8487699551621943
variable,0.1,8,120262009,hcrd_thresholded,z=3.5,0.11860426632863803,0.12944034034617471
variable,0.1,8,120262009,hcrd_adaptive_guided,pilot-calibrated,0.040818586371640535,0.04454790604036741
variable,0.1,8,120262009,emd_residue,default,0.08374651675357316,0.09139787266465031
variable,0.1,8,120262009,vmd_low_mode,K=5;alpha=2000,0.029806035272832425,0.03252921222407954
variable,0.1,8,120262009,l1_trend_oracle,lambda=30,0.5620459218891051,0.6133962771450391
variable,0.1,8,120262009,gaussian_oracle,sigma=32,0.02136182697725319,0.02331351341687863
variable,0.1,9,120262010,hcrd_centered,none,0.7586394069771089,0.7440924381559163
variable,0.1,9,120262010,hcrd_thresholded,z=3.5,0.273034560262033,0.26779910162554316
variable,0.1,9,120262010,hcrd_adaptive_guided,pilot-calibrated,0.079382840756688,0.07786066869601613
variable,0.1,9,120262010,emd_residue,default,0.11806975533570467,0.11580575872045086
variable,0.1,9,120262010,vmd_low_mode,K=5;alpha=2000,0.059357335609500364,0.05821915414610781
variable,0.1,9,120262010,l1_trend_oracle,lambda=30,0.5396545969881422,0.5293066786959981
variable,0.1,9,120262010,gaussian_oracle,sigma=32,0.036312120066596884,0.03561583237895225
