dataset,assignment,train_size,length,class_count,cv_folds,raw_cv_accuracy,wavelet_cv_accuracy,raw_transform_seconds,wavelet_transform_seconds,wall_seconds,manifest_sha256
BirdChicken,discovery,20,512,2,5,0.85,0.95,0.4529418000020087,0.17751179996412247,14.46330439997837,e3ef3733f789c262433172566555870076e1fb59bb8be64bdcd42909fa54175e
Chinatown,discovery,20,24,2,5,1.0,1.0,0.027444200008176267,0.025575699983164668,0.16015060001518577,e3ef3733f789c262433172566555870076e1fb59bb8be64bdcd42909fa54175e
ChlorineConcentration,discovery,467,166,3,5,0.7257835735529627,0.7621596888583848,0.07404350000433624,0.4039992999751121,1.9803209999809042,e3ef3733f789c262433172566555870076e1fb59bb8be64bdcd42909fa54175e
CinCECGTorso,discovery,40,1639,4,5,0.825,0.85,0.15849609998986125,0.5865306999767199,1.1467855999944732,e3ef3733f789c262433172566555870076e1fb59bb8be64bdcd42909fa54175e
Computers,discovery,250,720,2,5,0.8400000000000001,0.8240000000000001,0.16189750004559755,0.5242459999863058,1.4788102000020444,e3ef3733f789c262433172566555870076e1fb59bb8be64bdcd42909fa54175e
CricketX,discovery,390,300,12,5,0.8333333333333334,0.7999999999999999,0.12972299999091774,0.41662509995512664,1.606670800014399,e3ef3733f789c262433172566555870076e1fb59bb8be64bdcd42909fa54175e
CricketZ,discovery,390,300,12,5,0.8256410256410257,0.7769230769230769,0.11437969992402941,0.3612005999311805,1.7742216000333428,e3ef3733f789c262433172566555870076e1fb59bb8be64bdcd42909fa54175e
DistalPhalanxOutlineCorrect,discovery,600,80,2,5,0.8699999999999999,0.8583333333333334,0.06342490005772561,0.14888110000174493,1.7989037000807002,e3ef3733f789c262433172566555870076e1fb59bb8be64bdcd42909fa54175e
DistalPhalanxTW,discovery,400,80,6,5,0.805,0.8074999999999999,0.04624980001244694,0.14365859993267804,1.0955429999157786,e3ef3733f789c262433172566555870076e1fb59bb8be64bdcd42909fa54175e
ECG5000,discovery,500,140,5,2,0.952,0.952,0.07655270001851022,0.2484740000218153,1.4404146000742912,e3ef3733f789c262433172566555870076e1fb59bb8be64bdcd42909fa54175e
EOGHorizontalSignal,discovery,362,1250,12,5,0.8701293759512938,0.8592085235920852,0.329536100034602,2.526715600048192,3.8887187000364065,e3ef3733f789c262433172566555870076e1fb59bb8be64bdcd42909fa54175e
EthanolLevel,discovery,504,1751,4,5,0.7063960396039604,0.7341980198019803,0.5557080999715254,5.643119300017133,7.657017600024119,e3ef3733f789c262433172566555870076e1fb59bb8be64bdcd42909fa54175e
FiftyWords,discovery,450,270,50,1,,,0.10823390004225075,0.3925260999239981,0.6895523000275716,e3ef3733f789c262433172566555870076e1fb59bb8be64bdcd42909fa54175e
Fish,discovery,175,463,7,5,0.9657142857142856,0.9199999999999999,0.1614500000141561,0.3628061000490561,1.2792281999718398,e3ef3733f789c262433172566555870076e1fb59bb8be64bdcd42909fa54175e
FordB,discovery,3636,500,2,5,0.9515950693048355,0.952418489351089,0.7954879999160767,4.456089899991639,37.39968249993399,e3ef3733f789c262433172566555870076e1fb59bb8be64bdcd42909fa54175e
FreezerRegularTrain,discovery,150,301,2,5,0.9933333333333334,0.9933333333333334,0.07302050001453608,0.19170319999102503,0.7667386999819428,e3ef3733f789c262433172566555870076e1fb59bb8be64bdcd42909fa54175e
FreezerSmallTrain,discovery,28,301,2,5,1.0,1.0,0.0592923000222072,0.1096473999787122,0.49762070004362613,e3ef3733f789c262433172566555870076e1fb59bb8be64bdcd42909fa54175e
GunPointAgeSpan,discovery,135,150,2,5,0.9851851851851852,0.9925925925925926,0.09087910002563149,0.14291419996879995,0.808752000099048,e3ef3733f789c262433172566555870076e1fb59bb8be64bdcd42909fa54175e
GunPointMaleVersusFemale,discovery,135,150,2,5,1.0,1.0,0.08560650004073977,0.12723650003317744,0.8542330999625847,e3ef3733f789c262433172566555870076e1fb59bb8be64bdcd42909fa54175e
GunPointOldVersusYoung,discovery,136,150,2,5,1.0,1.0,0.06366240000352263,0.11097310006152838,0.6961411000229418,e3ef3733f789c262433172566555870076e1fb59bb8be64bdcd42909fa54175e
Herring,discovery,64,512,2,5,0.5794871794871794,0.5474358974358975,0.08354979997966439,0.1823821000289172,0.6452977999579161,e3ef3733f789c262433172566555870076e1fb59bb8be64bdcd42909fa54175e
InsectEPGRegularTrain,discovery,62,601,3,5,0.9846153846153847,1.0,0.11466359999030828,0.2076001000823453,0.7280062000500038,e3ef3733f789c262433172566555870076e1fb59bb8be64bdcd42909fa54175e
ItalyPowerDemand,discovery,67,24,2,5,0.9703296703296704,0.956043956043956,0.023058899911120534,0.024365299963392317,0.4213615000480786,e3ef3733f789c262433172566555870076e1fb59bb8be64bdcd42909fa54175e
Lightning7,discovery,70,319,7,5,0.7571428571428571,0.7428571428571429,0.08120610006153584,0.16714189993217587,0.764528000028804,e3ef3733f789c262433172566555870076e1fb59bb8be64bdcd42909fa54175e
Mallat,discovery,55,1024,8,2,0.9636243386243386,0.9821428571428572,0.1261928000021726,0.48276980000082403,0.9923296000342816,e3ef3733f789c262433172566555870076e1fb59bb8be64bdcd42909fa54175e
MedicalImages,discovery,381,99,10,5,0.7953178400546822,0.7691387559808612,0.10601639992091805,0.17918819992337376,1.626659799949266,e3ef3733f789c262433172566555870076e1fb59bb8be64bdcd42909fa54175e
MiddlePhalanxOutlineAgeGroup,discovery,400,80,3,5,0.7975,0.8,0.06882709998171777,0.15573009999934584,1.3120672999648377,e3ef3733f789c262433172566555870076e1fb59bb8be64bdcd42909fa54175e
MiddlePhalanxTW,discovery,399,80,6,5,0.6215189873417721,0.6190506329113925,0.05810250004287809,0.125668799970299,1.1617544000037014,e3ef3733f789c262433172566555870076e1fb59bb8be64bdcd42909fa54175e
MixedShapesRegularTrain,discovery,500,1024,5,5,0.97,0.976,0.4071142999455333,4.471069899969734,6.508117999997921,e3ef3733f789c262433172566555870076e1fb59bb8be64bdcd42909fa54175e
MixedShapesSmallTrain,discovery,100,1024,5,5,0.9399999999999998,0.9,0.23041960003320128,0.8933514999225736,1.7296602999558672,e3ef3733f789c262433172566555870076e1fb59bb8be64bdcd42909fa54175e
MoteStrain,discovery,20,84,2,5,0.85,0.8,0.04181880003307015,0.05729949998203665,0.20077890006359667,e3ef3733f789c262433172566555870076e1fb59bb8be64bdcd42909fa54175e
NonInvasiveFetalECGThorax1,discovery,1800,750,42,5,0.9349999999999999,0.9277777777777778,0.7977827000431716,5.021820000023581,15.327453200006858,e3ef3733f789c262433172566555870076e1fb59bb8be64bdcd42909fa54175e
NonInvasiveFetalECGThorax2,discovery,1800,750,42,5,0.9583333333333334,0.9472222222222222,1.1854604999534786,5.387872099992819,17.29105520003941,e3ef3733f789c262433172566555870076e1fb59bb8be64bdcd42909fa54175e
OliveOil,discovery,30,570,4,4,0.8973214285714286,0.8660714285714286,0.18183769995812327,0.22173240000847727,0.8010197000112385,e3ef3733f789c262433172566555870076e1fb59bb8be64bdcd42909fa54175e
Phoneme,discovery,214,1024,39,1,,,0.35642089997418225,2.195011300034821,2.811099899932742,e3ef3733f789c262433172566555870076e1fb59bb8be64bdcd42909fa54175e
PigArtPressure,discovery,104,2000,52,2,0.7692307692307692,0.7019230769230769,0.32320029998663813,2.9087274000048637,3.8181354000698775,e3ef3733f789c262433172566555870076e1fb59bb8be64bdcd42909fa54175e
PigCVP,discovery,104,2000,52,2,0.6634615384615385,0.7115384615384616,0.34394199994858354,2.8347075999481604,3.740449900040403,e3ef3733f789c262433172566555870076e1fb59bb8be64bdcd42909fa54175e
PowerCons,discovery,180,144,2,5,0.8944444444444445,0.9222222222222222,0.08356170007027686,0.17312239995226264,0.8950743000023067,e3ef3733f789c262433172566555870076e1fb59bb8be64bdcd42909fa54175e
ProximalPhalanxOutlineAgeGroup,discovery,400,80,3,5,0.835,0.8299999999999998,0.06686140003148466,0.22023889992851764,1.4125294999685138,e3ef3733f789c262433172566555870076e1fb59bb8be64bdcd42909fa54175e
ProximalPhalanxTW,discovery,400,80,6,5,0.8175000000000001,0.8200000000000001,0.06561920000240207,0.16745810001157224,1.4803088000044227,e3ef3733f789c262433172566555870076e1fb59bb8be64bdcd42909fa54175e
ScreenType,discovery,375,720,3,5,0.5760000000000001,0.6266666666666667,0.34821650001686066,1.5490398000692949,3.3743228000821546,e3ef3733f789c262433172566555870076e1fb59bb8be64bdcd42909fa54175e
SemgHandGenderCh2,discovery,300,1500,2,5,0.9199999999999999,0.9333333333333332,0.529680100036785,5.647104999981821,7.714571799966507,e3ef3733f789c262433172566555870076e1fb59bb8be64bdcd42909fa54175e
SemgHandMovementCh2,discovery,450,1500,6,5,0.6066666666666667,0.6822222222222223,0.6131533000152558,8.904145499924198,11.208182999980636,e3ef3733f789c262433172566555870076e1fb59bb8be64bdcd42909fa54175e
SemgHandSubjectCh2,discovery,450,1500,5,5,0.9177777777777779,0.9266666666666665,0.6594200999243185,9.71603580005467,12.392123800003901,e3ef3733f789c262433172566555870076e1fb59bb8be64bdcd42909fa54175e
SmallKitchenAppliances,discovery,375,720,3,5,0.8373333333333333,0.8266666666666668,0.42277720000129193,1.5060574000235647,3.550435799988918,e3ef3733f789c262433172566555870076e1fb59bb8be64bdcd42909fa54175e
SonyAIBORobotSurface2,discovery,27,65,2,5,0.86,0.8266666666666665,0.05067479994613677,0.059795200009830296,0.6154843999538571,e3ef3733f789c262433172566555870076e1fb59bb8be64bdcd42909fa54175e
SwedishLeaf,discovery,500,128,15,5,0.946,0.95,0.13231879996601492,0.6175996999954805,2.636044600047171,e3ef3733f789c262433172566555870076e1fb59bb8be64bdcd42909fa54175e
ToeSegmentation1,discovery,40,277,2,5,0.85,0.85,0.11084380000829697,0.19255119992885739,0.8420422000344843,e3ef3733f789c262433172566555870076e1fb59bb8be64bdcd42909fa54175e
Trace,discovery,100,275,4,5,1.0,1.0,0.18770680006127805,0.25926419999450445,1.0569394999183714,e3ef3733f789c262433172566555870076e1fb59bb8be64bdcd42909fa54175e
TwoPatterns,discovery,1000,128,4,5,0.991,0.975,0.1711563999997452,0.6257254999363795,6.279850500053726,e3ef3733f789c262433172566555870076e1fb59bb8be64bdcd42909fa54175e
UWaveGestureLibraryAll,discovery,896,945,8,5,0.9720918684047175,0.9709807572936064,0.8706328000407666,7.792875900049694,14.112587599898688,e3ef3733f789c262433172566555870076e1fb59bb8be64bdcd42909fa54175e
UWaveGestureLibraryY,discovery,896,315,8,5,0.7846182495344507,0.7745499689633768,0.3732911000261083,1.725442499970086,7.462103599915281,e3ef3733f789c262433172566555870076e1fb59bb8be64bdcd42909fa54175e
UWaveGestureLibraryZ,discovery,896,315,8,5,0.7812662942271882,0.7790130353817505,0.2984057000139728,2.024764299974777,7.339376699994318,e3ef3733f789c262433172566555870076e1fb59bb8be64bdcd42909fa54175e
Wafer,discovery,1000,152,2,5,0.998,0.999,0.17926760006230325,0.9360977000324056,7.229180499911308,e3ef3733f789c262433172566555870076e1fb59bb8be64bdcd42909fa54175e
Wine,discovery,57,234,2,5,1.0,1.0,0.13027999992482364,0.1629160000011325,1.065211100038141,e3ef3733f789c262433172566555870076e1fb59bb8be64bdcd42909fa54175e
WordSynonyms,discovery,267,270,25,2,0.7041577825159915,0.625490966221524,0.14971969998441637,0.38210659998003393,2.901620000018738,e3ef3733f789c262433172566555870076e1fb59bb8be64bdcd42909fa54175e
Worms,discovery,181,900,5,5,0.7013513513513514,0.7402402402402403,0.37377700000070035,1.977944100042805,3.91538640006911,e3ef3733f789c262433172566555870076e1fb59bb8be64bdcd42909fa54175e
