"range","x_normalized","minus_logratio","sshaped_fitted"
390,0,0.05035573,0.0504381380722895
391,0.00303030303030303,0.06009706,0.0504381380722895
393,0.00909090909090909,0.04190091,0.0504381380722895
394,0.0121212121212121,0.0509847,0.0504381380722895
396,0.0181818181818182,0.05991345,0.0504381380722895
397,0.0212121212121212,0.02842392,0.0504381380722895
399,0.0272727272727273,0.05958421,0.0504862348100498
400,0.0303030303030303,0.03988881,0.0505102831789299
402,0.0363636363636364,0.02939582,0.0505583799166902
403,0.0393939393939394,0.03949445,0.0505824282855704
405,0.0454545454545455,0.04764749,0.0506305250233306
406,0.0484848484848485,0.06038,0.0506545733922108
408,0.0545454545454545,0.03123034,0.050702670129971
409,0.0575757575757576,0.03816584,0.0507267184988512
411,0.0636363636363636,0.07562269,0.0507748152366114
412,0.0666666666666667,0.05001751,0.0507988636054916
414,0.0727272727272727,0.0457295,0.0508469603432519
415,0.0757575757575758,0.07766966,0.050871008712132
417,0.0818181818181818,0.02460641,0.0509191054498923
418,0.0848484848484849,0.07133184,0.0509431538187724
420,0.0909090909090909,0.01320746,0.0509912505565327
421,0.0939393939393939,0.03162615,0.0510152989254128
423,0.1,0.03247478,0.0510633956631731
424,0.103030303030303,0.08840797,0.0510874440320532
426,0.109090909090909,0.07024166,0.0511355407698135
427,0.112121212121212,0.02877263,0.0511595891386936
429,0.118181818181818,0.03696702,0.0512076858764539
430,0.121212121212121,0.1015625,0.051231734245334
432,0.127272727272727,0.06831373,0.0512798309830943
433,0.13030303030303,0.03175751,0.0513038793519744
435,0.136363636363636,0.05336819,0.0513519760897347
436,0.139393939393939,0.05726381,0.0513760244586149
438,0.145454545454545,0.02295515,0.0514241211963751
439,0.148484848484848,0.01479166,0.0514481695652553
441,0.154545454545455,0.02531884,0.0514962663030155
442,0.157575757575758,0.09538944,0.0515203146718957
444,0.163636363636364,0.08126108,0.0515684114096559
445,0.166666666666667,0.06473801,0.0515924597785361
447,0.172727272727273,0.04940004,0.0516405565162964
448,0.175757575757576,0.02453983,0.0516646048851765
450,0.181818181818182,0.004223316,0.0517127016229368
451,0.184848484848485,0.04692908,0.0517367499918169
453,0.190909090909091,0.0726426,0.0517848467295772
454,0.193939393939394,0.06375497,0.0518088950984573
456,0.2,0.04867571,0.0518569918362176
457,0.203030303030303,0.07902194,0.0518810402050977
459,0.209090909090909,0.05508392,0.051929136942858
460,0.212121212121212,0.03600915,0.0519531853117381
462,0.218181818181818,0.00819836,0.0520012820494984
463,0.221212121212121,0.02991638,0.0520253304183785
465,0.227272727272727,0.05904417,0.0520734271561388
466,0.23030303030303,0.04349076,0.0520974755250189
468,0.236363636363636,0.1083667,0.0521455722627792
469,0.239393939393939,0.07164495,0.0521696206316594
471,0.245454545454545,0.1080431,0.0522177173694196
472,0.248484848484848,0.01144756,0.0522417657382998
474,0.254545454545455,0.09066497,0.05228986247606
475,0.257575757575758,0.07438849,0.0523139108449402
477,0.263636363636364,0.08880716,0.0523620075827005
478,0.266666666666667,0.0724013,0.0523860559515806
480,0.272727272727273,0.03941208,0.0524341526893409
481,0.275757575757576,0.08413698,0.052458201058221
483,0.281818181818182,0.04477778,0.0525062977959813
484,0.284848484848485,0.1486651,0.0525303461648614
486,0.290909090909091,0.08027266,0.0525784429026217
487,0.293939393939394,0.05482479,0.0526024912715018
489,0.3,0.01202489,0.0526505880092621
490,0.303030303030303,-0.0193486,0.0526746363781422
492,0.309090909090909,0.08389427,0.0527227331159025
493,0.312121212121212,0.04157477,0.0527467814847826
495,0.318181818181818,0.06109121,0.0527948782225429
496,0.321212121212121,0.06044325,0.052818926591423
498,0.327272727272727,0.08220186,0.0528670233291833
499,0.33030303030303,0.07530349,0.0528910716980635
501,0.336363636363636,0.04480991,0.0529391684358237
502,0.339393939393939,-0.008222156,0.0529632168047039
504,0.345454545454545,0.06758809,0.0530113135424641
505,0.348484848484849,0.03249946,0.0530353619113443
507,0.354545454545455,0.02198146,0.0530834586491045
508,0.357575757575758,0.04232621,0.0531075070179847
510,0.363636363636364,0.07785213,0.053155603755745
511,0.366666666666667,0.07806195,0.0531796521246251
513,0.372727272727273,-0.02690717,0.0532277488623854
514,0.375757575757576,0.09226096,0.0532517972312655
516,0.381818181818182,0.09159045,0.0532998939690258
517,0.384848484848485,0.004001756,0.0533239423379059
519,0.390909090909091,0.01818933,0.0533720390756662
520,0.393939393939394,0.02527617,0.0533960874445463
522,0.4,0.05842499,0.0534441841823066
523,0.403030303030303,0.05257305,0.0534682325511867
525,0.409090909090909,0.02606248,0.053516329288947
526,0.412121212121212,0.1180877,0.0535403776578271
528,0.418181818181818,0.0526311,0.0535884743955874
529,0.421212121212121,0.04135148,0.0536125227644675
531,0.427272727272727,0.009199134,0.0536606195022278
532,0.43030303030303,0.08336644,0.0552564293849932
534,0.436363636363636,0.01253334,0.0584480491505239
535,0.439393939393939,0.06290332,0.0600438590332893
537,0.445454545454545,0.06018018,0.06323547879882
538,0.448484848484848,0.1035686,0.0648312886815854
540,0.454545454545455,0.1261166,0.0680229084471161
541,0.457575757575758,0.03887012,0.0696187183298815
543,0.463636363636364,0.05654984,0.0728103380954122
544,0.466666666666667,0.07444842,0.0744061479781776
546,0.472727272727273,0.003788664,0.0775977677437083
547,0.475757575757576,0.09203971,0.0793948553098675
549,0.481818181818182,0.05517356,0.0829890304421858
550,0.484848484848485,0.1004337,0.084786118008345
552,0.490909090909091,0.169438,0.0883802931406634
553,0.493939393939394,0.06414184,0.0901773807068226
555,0.5,0.1867348,0.093771555839141
556,0.503030303030303,0.09086006,0.0955686434053001
558,0.509090909090909,0.05918714,0.0991628185376185
559,0.512121212121212,0.0810351,0.100959906103778
561,0.518181818181818,0.1034776,0.104554081236096
562,0.521212121212121,0.06567394,0.106351168802255
564,0.527272727272727,0.1821245,0.122078766829088
565,0.53030303030303,0.0857127,0.129942565842504
567,0.536363636363636,0.1216041,0.147792980763535
568,0.539393939393939,0.1342692,0.156718188224051
570,0.545454545454545,0.1933908,0.174568603145083
571,0.548484848484848,0.1178639,0.183493810605599
573,0.554545454545455,0.287109,0.201344225526631
574,0.557575757575758,0.2739447,0.210269432987146
576,0.563636363636364,0.1867194,0.228119847908178
577,0.566666666666667,0.1891953,0.237045055368694
579,0.572727272727273,0.2948625,0.254895470289726
580,0.575757575757576,0.3711984,0.263820677750242
582,0.581818181818182,0.2326753,0.281671092671273
583,0.584848484848485,0.2719736,0.290596300131789
585,0.590909090909091,0.2750204,0.308446715052821
586,0.593939393939394,0.3105271,0.317371922513337
588,0.6,0.3991572,0.384453818268043
589,0.603030303030303,0.4256722,0.390946224887792
591,0.609090909090909,0.5190272,0.403931038127289
592,0.612121212121212,0.4245844,0.410423444747038
594,0.618181818181818,0.3982711,0.423408257986535
595,0.621212121212121,0.3463767,0.429900664606284
597,0.627272727272727,0.4404651,0.442885477845781
598,0.63030303030303,0.4169474,0.449377884465529
600,0.636363636363636,0.3663678,0.462362697705027
601,0.639393939393939,0.4121902,0.468855104324775
603,0.645454545454546,0.5258849,0.481839917564273
604,0.648484848484848,0.4581079,0.488332324184021
606,0.654545454545455,0.4604081,0.501317137423519
607,0.657575757575758,0.5218792,0.507809544043267
609,0.663636363636364,0.5664269,0.520794357282765
610,0.666666666666667,0.7089956,0.527286763902513
612,0.672727272727273,0.6505402,0.531760122394534
613,0.675757575757576,0.5719829,0.533996801640544
615,0.681818181818182,0.4014736,0.538470160132564
616,0.684848484848485,0.5251362,0.540706839378575
618,0.690909090909091,0.5635558,0.545180197870595
619,0.693939393939394,0.5900392,0.547416877116605
621,0.7,0.4241413,0.551890235608626
622,0.703030303030303,0.4893619,0.554126914854636
624,0.709090909090909,0.5423047,0.558600273346656
625,0.712121212121212,0.6555049,0.560836952592667
627,0.718181818181818,0.509341,0.565310311084687
628,0.721212121212121,0.4830832,0.567546990330697
630,0.727272727272727,0.6007552,0.572020348822718
631,0.73030303030303,0.6836965,0.574257028068728
633,0.736363636363636,0.5153322,0.578730386560748
634,0.739393939393939,0.4857863,0.580967065806759
636,0.745454545454545,0.6638135,0.585440424298779
637,0.748484848484849,0.7692632,0.587677103544789
639,0.754545454545455,0.4796891,0.59215046203681
640,0.757575757575758,0.7720272,0.59438714128282
642,0.763636363636364,0.5406614,0.59886049977484
643,0.766666666666667,0.5651009,0.601097179020851
645,0.772727272727273,0.4565217,0.605570537512871
646,0.775757575757576,0.4199023,0.607807216758881
648,0.781818181818182,0.5397169,0.612280575250902
649,0.784848484848485,0.9238232,0.614517254496912
651,0.790909090909091,0.640224,0.618990612988933
652,0.793939393939394,0.8252677,0.621227292234943
654,0.8,0.5966183,0.625700650726963
655,0.803030303030303,0.5465871,0.627937329972973
657,0.809090909090909,0.4236746,0.632410688464994
658,0.812121212121212,0.7076495,0.634647367711004
660,0.818181818181818,0.4554013,0.639120726203025
661,0.821212121212121,0.6759382,0.641357405449035
663,0.827272727272727,0.6588688,0.645830763941055
664,0.83030303030303,0.7198635,0.648067443187065
666,0.836363636363636,0.5682055,0.652540801679086
667,0.839393939393939,0.6394204,0.654777480925096
669,0.845454545454545,0.7310237,0.659250839417117
670,0.848484848484849,0.6116481,0.661487518663127
672,0.854545454545454,0.6172596,0.665960877155147
673,0.857575757575758,0.7559637,0.668197556401158
675,0.863636363636364,0.7663848,0.672670914893178
676,0.866666666666667,0.7123093,0.674907594139188
678,0.872727272727273,0.7086443,0.679380952631209
679,0.875757575757576,0.5377112,0.681617631877219
681,0.881818181818182,0.72429,0.686090990369239
682,0.884848484848485,0.6214564,0.68832766961525
684,0.890909090909091,0.6324121,0.69280102810727
685,0.893939393939394,0.9495535,0.69503770735328
687,0.9,0.6757631,0.698139976755837
688,0.903030303030303,0.5887097,0.699691111457115
690,0.909090909090909,0.9114353,0.702793380859671
691,0.912121212121212,0.4326794,0.704344515560949
693,0.918181818181818,0.8590017,0.707446784963506
694,0.921212121212121,0.7987653,0.707446784963506
696,0.927272727272727,0.6931472,0.707446784963506
697,0.93030303030303,0.886574,0.707446784963506
699,0.936363636363636,0.7968261,0.707446784963506
700,0.939393939393939,0.5025268,0.707446784963506
702,0.945454545454545,0.4716702,0.707446784963506
703,0.948484848484848,0.7801088,0.707446784963506
705,0.954545454545455,0.6668431,0.707446784963506
706,0.957575757575758,0.5783479,0.707446784963506
708,0.963636363636364,0.7874522,0.707446784963506
709,0.966666666666667,0.6156956,0.707446784963506
711,0.972727272727273,0.8967602,0.707446784963506
712,0.975757575757576,0.7077379,0.707446784963506
714,0.981818181818182,0.672567,0.707446784963506
715,0.984848484848485,0.6218413,0.707446784963506
717,0.990909090909091,0.8657611,0.707446784963506
718,0.993939393939394,0.557754,0.707446784963506
720,1,0.8026684,0.707446784963506
