cell,signal,design,variance_profile,n,method,kappa,coverage,mean_width,median_width,empty_count,unexplained_empty_count,joint_contrast_coverage,scale_coverage,mean_scale_ratio_to_true_max
paper_f1_cusp__uniform__constant__n500,paper_f1_cusp,uniform,constant,500,oracle_variances,1.0,0.97,0.16864732074312908,0.17365269461077842,5,0,0.945,1.0,1.0
paper_f1_cusp__uniform__constant__n500,paper_f1_cusp,uniform,constant,500,unknown_heteroskedastic,1.0,1.0,0.19928143712574845,0.2055888223552894,0,0,0.99,1.0,1.174112252905114
paper_f1_cusp__uniform__linear__n500,paper_f1_cusp,uniform,linear,500,oracle_variances,1.6474051896207582,0.98,0.14751208243411654,0.15768463073852296,3,0,0.955,1.0,1.0
paper_f1_cusp__uniform__linear__n500,paper_f1_cusp,uniform,linear,500,unknown_heteroskedastic,1.6474051896207582,1.0,0.2550099800399201,0.25349301397205587,0,0,1.0,1.0,1.2436042453624463
paper_f1_cusp__uniform__plume_peak__n500,paper_f1_cusp,uniform,plume_peak,500,oracle_variances,3.588015608535772,0.98,0.09268772100469114,0.09381237524950103,3,0,0.955,1.0,1.0
paper_f1_cusp__uniform__plume_peak__n500,paper_f1_cusp,uniform,plume_peak,500,unknown_heteroskedastic,3.588015608535772,1.0,0.4610778443113773,0.4131736526946108,0,0,1.0,1.0,1.4260780591259976
paper_f2_onset__uniform__constant__n500,paper_f2_onset,uniform,constant,500,oracle_variances,1.0,0.985,0.7184630738522952,0.7325349301397206,0,0,0.97,1.0,1.0
paper_f2_onset__uniform__constant__n500,paper_f2_onset,uniform,constant,500,unknown_heteroskedastic,1.0,0.995,0.771317365269461,0.7644710578842315,0,0,0.995,1.0,1.1742757715573378
paper_f2_onset__uniform__linear__n500,paper_f2_onset,uniform,linear,500,oracle_variances,1.6474051896207582,0.975,0.7085525917861246,0.7005988023952096,2,0,0.955,1.0,1.0
paper_f2_onset__uniform__linear__n500,paper_f2_onset,uniform,linear,500,unknown_heteroskedastic,1.6474051896207582,1.0,0.8970658682634729,0.9321357285429142,0,0,1.0,1.0,1.2442634543083224
paper_f2_onset__uniform__plume_peak__n500,paper_f2_onset,uniform,plume_peak,500,oracle_variances,3.588015608535772,0.97,0.7469707050545373,0.7644710578842315,2,0,0.95,1.0,1.0
paper_f2_onset__uniform__plume_peak__n500,paper_f2_onset,uniform,plume_peak,500,unknown_heteroskedastic,3.588015608535772,1.0,0.9964071856287425,0.998003992015968,0,0,1.0,1.0,1.4216754118337669
paper_f3_jump__uniform__constant__n500,paper_f3_jump,uniform,constant,500,oracle_variances,1.0,0.97,0.01130728234253147,0.009980039920159722,6,0,0.93,1.0,1.0
paper_f3_jump__uniform__constant__n500,paper_f3_jump,uniform,constant,500,unknown_heteroskedastic,1.0,1.0,0.01597804391217568,0.013972055888223589,0,0,1.0,1.0,1.1686167377250822
paper_f3_jump__uniform__linear__n500,paper_f3_jump,uniform,linear,500,oracle_variances,1.6474051896207582,0.965,0.007787533740808583,0.005988023952095856,7,0,0.955,1.0,1.0
paper_f3_jump__uniform__linear__n500,paper_f3_jump,uniform,linear,500,unknown_heteroskedastic,1.6474051896207582,1.0,0.04659680638722555,0.053892215568862256,0,0,1.0,1.0,1.234179366577655
paper_f3_jump__uniform__plume_peak__n500,paper_f3_jump,uniform,plume_peak,500,oracle_variances,3.588015608535772,0.995,0.0059880239520958565,0.005988023952095856,1,0,0.975,1.0,1.0
paper_f3_jump__uniform__plume_peak__n500,paper_f3_jump,uniform,plume_peak,500,unknown_heteroskedastic,3.588015608535772,1.0,0.16886227544910176,0.17365269461077842,0,0,1.0,1.0,1.4279401754158882
paper_f4_logistic__uniform__constant__n500,paper_f4_logistic,uniform,constant,500,oracle_variances,1.0,0.97,0.9738922155688623,1.0,0,0,0.96,1.0,1.0
paper_f4_logistic__uniform__constant__n500,paper_f4_logistic,uniform,constant,500,unknown_heteroskedastic,1.0,1.0,0.9994211576846307,1.0,0,0,1.0,1.0,1.172190124085751
paper_f4_logistic__uniform__linear__n500,paper_f4_logistic,uniform,linear,500,oracle_variances,1.6474051896207582,0.985,0.9825049900199601,1.0,0,0,0.975,1.0,1.0
paper_f4_logistic__uniform__linear__n500,paper_f4_logistic,uniform,linear,500,unknown_heteroskedastic,1.6474051896207582,1.0,1.0,1.0,0,0,1.0,1.0,1.2464046219095615
paper_f4_logistic__uniform__plume_peak__n500,paper_f4_logistic,uniform,plume_peak,500,oracle_variances,3.588015608535772,0.99,0.985748502994012,1.0,0,0,0.955,1.0,1.0
paper_f4_logistic__uniform__plume_peak__n500,paper_f4_logistic,uniform,plume_peak,500,unknown_heteroskedastic,3.588015608535772,1.0,1.0,1.0,0,0,1.0,1.0,1.4256556960077484
paper_f1_cusp__beta_4_8__constant__n500,paper_f1_cusp,beta_4_8,constant,500,oracle_variances,1.0,0.985,0.09535774776897543,0.08774231249826636,2,0,0.97,1.0,1.0
paper_f1_cusp__beta_4_8__constant__n500,paper_f1_cusp,beta_4_8,constant,500,unknown_heteroskedastic,1.0,1.0,0.11741500264753622,0.12358188016936544,0,0,1.0,0.995,1.1733658339934463
paper_f1_cusp__beta_4_8__linear__n500,paper_f1_cusp,beta_4_8,linear,500,oracle_variances,1.6605267461488853,0.98,0.09231874759893077,0.08774231249826636,4,0,0.965,1.0,1.0
paper_f1_cusp__beta_4_8__linear__n500,paper_f1_cusp,beta_4_8,linear,500,unknown_heteroskedastic,1.6605267461488853,1.0,0.16490280403973614,0.15980185423812054,0,0,1.0,1.0,1.2373489540483948
paper_f1_cusp__beta_4_8__plume_peak__n500,paper_f1_cusp,beta_4_8,plume_peak,500,oracle_variances,4.378688300458551,0.99,0.06034764413969429,0.06514966239361131,1,0,0.97,1.0,1.0
paper_f1_cusp__beta_4_8__plume_peak__n500,paper_f1_cusp,beta_4_8,plume_peak,500,unknown_heteroskedastic,4.378688300458551,1.0,0.36867439770968813,0.3584958795579063,0,0,1.0,1.0,1.5161881979408418
paper_f2_onset__beta_4_8__constant__n500,paper_f2_onset,beta_4_8,constant,500,oracle_variances,1.0,0.98,0.7836066325410687,0.8148959245379948,0,0,0.96,1.0,1.0
paper_f2_onset__beta_4_8__constant__n500,paper_f2_onset,beta_4_8,constant,500,unknown_heteroskedastic,1.0,1.0,0.8339202380374673,0.8148959245379948,0,0,0.995,1.0,1.1686713819901369
paper_f2_onset__beta_4_8__linear__n500,paper_f2_onset,beta_4_8,linear,500,oracle_variances,1.6605267461488853,0.99,0.7910209332872736,0.8148959245379948,0,0,0.99,1.0,1.0
paper_f2_onset__beta_4_8__linear__n500,paper_f2_onset,beta_4_8,linear,500,unknown_heteroskedastic,1.6605267461488853,1.0,0.9534602621278405,0.946485218899765,0,0,1.0,1.0,1.2372529173242928
paper_f2_onset__beta_4_8__plume_peak__n500,paper_f2_onset,beta_4_8,plume_peak,500,oracle_variances,4.378688300458551,0.965,0.7492730233215624,0.7607758772828368,3,0,0.94,1.0,1.0
paper_f2_onset__beta_4_8__plume_peak__n500,paper_f2_onset,beta_4_8,plume_peak,500,unknown_heteroskedastic,4.378688300458551,1.0,1.0,1.0,0,0,1.0,1.0,1.5157210320487686
paper_f3_jump__beta_4_8__constant__n500,paper_f3_jump,beta_4_8,constant,500,oracle_variances,1.0,0.965,0.004193370372882142,0.0034003578114527033,7,0,0.95,1.0,1.0
paper_f3_jump__beta_4_8__constant__n500,paper_f3_jump,beta_4_8,constant,500,unknown_heteroskedastic,1.0,1.0,0.00978217285171376,0.008841972311301072,0,0,1.0,1.0,1.2749159103666756
paper_f3_jump__beta_4_8__linear__n500,paper_f3_jump,beta_4_8,linear,500,oracle_variances,1.6605267461488853,0.985,0.003966635897886351,0.0034003578114527033,3,0,0.965,1.0,1.0
paper_f3_jump__beta_4_8__linear__n500,paper_f3_jump,beta_4_8,linear,500,unknown_heteroskedastic,1.6605267461488853,1.0,0.01914330002420952,0.018373849970266865,0,0,1.0,1.0,1.3611388726563909
paper_f3_jump__beta_4_8__plume_peak__n500,paper_f3_jump,beta_4_8,plume_peak,500,oracle_variances,4.378688300458551,0.98,0.0020539646648161467,0.002040155394034293,3,0,0.96,1.0,1.0
paper_f3_jump__beta_4_8__plume_peak__n500,paper_f3_jump,beta_4_8,plume_peak,500,unknown_heteroskedastic,4.378688300458551,1.0,0.0839524975591196,0.07636130621086468,0,0,1.0,1.0,1.6557935136320914
paper_f4_logistic__beta_4_8__constant__n500,paper_f4_logistic,beta_4_8,constant,500,oracle_variances,1.0,0.97,0.9780578274682441,1.0,0,0,0.955,1.0,1.0
paper_f4_logistic__beta_4_8__constant__n500,paper_f4_logistic,beta_4_8,constant,500,unknown_heteroskedastic,1.0,1.0,1.0,1.0,0,0,1.0,1.0,1.1728251841871684
paper_f4_logistic__beta_4_8__linear__n500,paper_f4_logistic,beta_4_8,linear,500,oracle_variances,1.6605267461488853,0.965,0.9648693062646703,1.0,0,0,0.95,1.0,1.0
paper_f4_logistic__beta_4_8__linear__n500,paper_f4_logistic,beta_4_8,linear,500,unknown_heteroskedastic,1.6605267461488853,1.0,1.0,1.0,0,0,1.0,1.0,1.2386383039591282
paper_f4_logistic__beta_4_8__plume_peak__n500,paper_f4_logistic,beta_4_8,plume_peak,500,oracle_variances,4.378688300458551,0.95,0.9524046384789016,1.0,1,0,0.91,1.0,1.0
paper_f4_logistic__beta_4_8__plume_peak__n500,paper_f4_logistic,beta_4_8,plume_peak,500,unknown_heteroskedastic,4.378688300458551,1.0,1.0,1.0,0,0,1.0,1.0,1.5259787758414796
paper_f1_cusp__uniform__constant__n1000,paper_f1_cusp,uniform,constant,1000,oracle_variances,1.0,0.98,0.12045097759383475,0.1108891108891109,4,0,0.96,1.0,1.0
paper_f1_cusp__uniform__constant__n1000,paper_f1_cusp,uniform,constant,1000,unknown_heteroskedastic,1.0,0.995,0.14351979678612845,0.15084915084915088,1,0,0.995,1.0,1.1112435297722352
paper_f1_cusp__uniform__linear__n1000,paper_f1_cusp,uniform,linear,1000,oracle_variances,1.648701298701299,0.985,0.10374904283533724,0.10289710289710285,3,0,0.95,1.0,1.0
paper_f1_cusp__uniform__linear__n1000,paper_f1_cusp,uniform,linear,1000,unknown_heteroskedastic,1.648701298701299,1.0,0.19804195804195807,0.2067932067932068,0,0,1.0,1.0,1.1542722868782602
paper_f1_cusp__uniform__plume_peak__n1000,paper_f1_cusp,uniform,plume_peak,1000,oracle_variances,3.590647857754493,0.99,0.06354251808797265,0.06293706293706297,2,0,0.965,1.0,1.0
paper_f1_cusp__uniform__plume_peak__n1000,paper_f1_cusp,uniform,plume_peak,1000,unknown_heteroskedastic,3.590647857754493,1.0,0.27136863136863143,0.2547452547452548,0,0,1.0,1.0,1.251709630971447
paper_f2_onset__uniform__constant__n1000,paper_f2_onset,uniform,constant,1000,oracle_variances,1.0,0.965,0.6469510389108379,0.6703296703296704,1,0,0.935,1.0,1.0
paper_f2_onset__uniform__constant__n1000,paper_f2_onset,uniform,constant,1000,unknown_heteroskedastic,1.0,1.0,0.6935064935064935,0.7022977022977023,0,0,1.0,1.0,1.1099387877186306
paper_f2_onset__uniform__linear__n1000,paper_f2_onset,uniform,linear,1000,oracle_variances,1.648701298701299,0.975,0.6479500399098389,0.6703296703296704,1,0,0.96,1.0,1.0
paper_f2_onset__uniform__linear__n1000,paper_f2_onset,uniform,linear,1000,unknown_heteroskedastic,1.648701298701299,1.0,0.7617582417582418,0.7662337662337663,0,0,1.0,1.0,1.151930421607372
paper_f2_onset__uniform__plume_peak__n1000,paper_f2_onset,uniform,plume_peak,1000,oracle_variances,3.590647857754493,0.98,0.669411396684124,0.6703296703296704,2,0,0.93,1.0,1.0
paper_f2_onset__uniform__plume_peak__n1000,paper_f2_onset,uniform,plume_peak,1000,unknown_heteroskedastic,3.590647857754493,1.0,0.9247952047952048,0.9340659340659341,0,0,1.0,1.0,1.2541752245054107
paper_f3_jump__uniform__constant__n1000,paper_f3_jump,uniform,constant,1000,oracle_variances,1.0,0.97,0.005906464669351261,0.005994005994005958,6,0,0.955,1.0,1.0
paper_f3_jump__uniform__constant__n1000,paper_f3_jump,uniform,constant,1000,unknown_heteroskedastic,1.0,0.995,0.007244012269137888,0.006993006993006978,1,0,0.99,1.0,1.1114425836994886
paper_f3_jump__uniform__linear__n1000,paper_f3_jump,uniform,linear,1000,oracle_variances,1.648701298701299,0.98,0.00438846867418296,0.00449550449550451,4,0,0.95,1.0,1.0
paper_f3_jump__uniform__linear__n1000,paper_f3_jump,uniform,linear,1000,unknown_heteroskedastic,1.648701298701299,1.0,0.013816183816183807,0.014985014985014977,0,0,1.0,1.0,1.1459511473532271
paper_f3_jump__uniform__plume_peak__n1000,paper_f3_jump,uniform,plume_peak,1000,oracle_variances,3.590647857754493,0.98,0.0030173907724928223,0.0029970029970030065,4,0,0.94,1.0,1.0
paper_f3_jump__uniform__plume_peak__n1000,paper_f3_jump,uniform,plume_peak,1000,unknown_heteroskedastic,3.590647857754493,1.0,0.05950049950049952,0.05494505494505497,0,0,1.0,1.0,1.2525172355942227
paper_f4_logistic__uniform__constant__n1000,paper_f4_logistic,uniform,constant,1000,oracle_variances,1.0,0.975,0.9691508491508491,0.999000999000999,0,0,0.955,1.0,1.0
paper_f4_logistic__uniform__constant__n1000,paper_f4_logistic,uniform,constant,1000,unknown_heteroskedastic,1.0,1.0,0.9973576423576423,1.0,0,0,1.0,1.0,1.1127516192078009
paper_f4_logistic__uniform__linear__n1000,paper_f4_logistic,uniform,linear,1000,oracle_variances,1.648701298701299,0.98,0.974955044955045,1.0,0,0,0.97,1.0,1.0
paper_f4_logistic__uniform__linear__n1000,paper_f4_logistic,uniform,linear,1000,unknown_heteroskedastic,1.648701298701299,1.0,0.999985014985015,1.0,0,0,1.0,1.0,1.1517967651091054
paper_f4_logistic__uniform__plume_peak__n1000,paper_f4_logistic,uniform,plume_peak,1000,oracle_variances,3.590647857754493,0.975,0.9796253746253746,1.0,0,0,0.96,1.0,1.0
paper_f4_logistic__uniform__plume_peak__n1000,paper_f4_logistic,uniform,plume_peak,1000,unknown_heteroskedastic,3.590647857754493,1.0,1.0,1.0,0,0,1.0,1.0,1.2514102551453603
paper_f1_cusp__beta_4_8__constant__n1000,paper_f1_cusp,beta_4_8,constant,1000,oracle_variances,1.0,0.98,0.06947379211213091,0.07117608785083024,3,0,0.97,1.0,1.0
paper_f1_cusp__beta_4_8__constant__n1000,paper_f1_cusp,beta_4_8,constant,1000,unknown_heteroskedastic,1.0,0.995,0.07732943149084238,0.07679194269831452,0,0,0.99,0.995,1.1092619036769156
paper_f1_cusp__beta_4_8__linear__n1000,paper_f1_cusp,beta_4_8,linear,1000,oracle_variances,1.701658018061236,0.985,0.06877312106131368,0.07117608785083024,3,0,0.97,1.0,1.0
paper_f1_cusp__beta_4_8__linear__n1000,paper_f1_cusp,beta_4_8,linear,1000,unknown_heteroskedastic,1.701658018061236,1.0,0.11130235993797565,0.11195223461352904,0,0,1.0,1.0,1.1543687952771253
paper_f1_cusp__beta_4_8__plume_peak__n1000,paper_f1_cusp,beta_4_8,plume_peak,1000,oracle_variances,4.3808591953222535,0.98,0.044046585348026114,0.04277064799916111,4,0,0.96,1.0,1.0
paper_f1_cusp__beta_4_8__plume_peak__n1000,paper_f1_cusp,beta_4_8,plume_peak,1000,unknown_heteroskedastic,4.3808591953222535,1.0,0.24590245498722585,0.2489266816286979,0,0,1.0,1.0,1.294073664109963
paper_f2_onset__beta_4_8__constant__n1000,paper_f2_onset,beta_4_8,constant,1000,oracle_variances,1.0,0.975,0.7436844520466923,0.7610542889260773,1,0,0.93,1.0,1.0
paper_f2_onset__beta_4_8__constant__n1000,paper_f2_onset,beta_4_8,constant,1000,unknown_heteroskedastic,1.0,1.0,0.7847296949945437,0.7862684058123803,0,0,1.0,1.0,1.1131432456808705
paper_f2_onset__beta_4_8__linear__n1000,paper_f2_onset,beta_4_8,linear,1000,oracle_variances,1.701658018061236,0.975,0.7569573185731001,0.7610542889260773,2,0,0.95,1.0,1.0
paper_f2_onset__beta_4_8__linear__n1000,paper_f2_onset,beta_4_8,linear,1000,unknown_heteroskedastic,1.701658018061236,1.0,0.8185283758577181,0.8153318376683569,0,0,1.0,1.0,1.1541467199230748
paper_f2_onset__beta_4_8__plume_peak__n1000,paper_f2_onset,beta_4_8,plume_peak,1000,oracle_variances,4.3808591953222535,0.99,0.742525730807045,0.7610542889260773,1,0,0.97,1.0,1.0
paper_f2_onset__beta_4_8__plume_peak__n1000,paper_f2_onset,beta_4_8,plume_peak,1000,unknown_heteroskedastic,4.3808591953222535,1.0,0.9997778708989435,1.0,0,0,1.0,1.0,1.296255607720206
paper_f3_jump__beta_4_8__constant__n1000,paper_f3_jump,beta_4_8,constant,1000,oracle_variances,1.0,0.98,0.002068260651410209,0.002042193132494874,4,0,0.95,1.0,1.0
paper_f3_jump__beta_4_8__constant__n1000,paper_f3_jump,beta_4_8,constant,1000,unknown_heteroskedastic,1.0,1.0,0.0026566159634722887,0.0023825665667110973,0,0,0.995,0.995,1.1148154812992885
paper_f3_jump__beta_4_8__linear__n1000,paper_f3_jump,beta_4_8,linear,1000,oracle_variances,1.701658018061236,0.955,0.001965579905918158,0.002042193132494874,9,0,0.94,1.0,1.0
paper_f3_jump__beta_4_8__linear__n1000,paper_f3_jump,beta_4_8,linear,1000,unknown_heteroskedastic,1.701658018061236,1.0,0.007606684913975771,0.008510298451210652,0,0,1.0,1.0,1.1524835935411195
paper_f3_jump__beta_4_8__plume_peak__n1000,paper_f3_jump,beta_4_8,plume_peak,1000,oracle_variances,4.3808591953222535,0.985,0.0010383681007797576,0.0010210905642749624,3,0,0.95,1.0,1.0
paper_f3_jump__beta_4_8__plume_peak__n1000,paper_f3_jump,beta_4_8,plume_peak,1000,unknown_heteroskedastic,4.3808591953222535,1.0,0.02505225743457651,0.0214625717321702,0,0,1.0,1.0,1.2879790281992445
paper_f4_logistic__beta_4_8__constant__n1000,paper_f4_logistic,beta_4_8,constant,1000,oracle_variances,1.0,0.99,0.9888762793814704,1.0,0,0,0.975,1.0,1.0
paper_f4_logistic__beta_4_8__constant__n1000,paper_f4_logistic,beta_4_8,constant,1000,unknown_heteroskedastic,1.0,0.995,0.9983973305120334,1.0,0,0,0.995,1.0,1.109151912408749
paper_f4_logistic__beta_4_8__linear__n1000,paper_f4_logistic,beta_4_8,linear,1000,oracle_variances,1.701658018061236,0.975,0.9685268691786527,1.0,0,0,0.945,1.0,1.0
paper_f4_logistic__beta_4_8__linear__n1000,paper_f4_logistic,beta_4_8,linear,1000,unknown_heteroskedastic,1.701658018061236,1.0,1.0,1.0,0,0,1.0,1.0,1.1545956901446233
paper_f4_logistic__beta_4_8__plume_peak__n1000,paper_f4_logistic,beta_4_8,plume_peak,1000,oracle_variances,4.3808591953222535,0.975,0.9765033259988948,1.0,0,0,0.96,1.0,1.0
paper_f4_logistic__beta_4_8__plume_peak__n1000,paper_f4_logistic,beta_4_8,plume_peak,1000,unknown_heteroskedastic,4.3808591953222535,1.0,1.0,1.0,0,0,1.0,1.0,1.2902614270262394
