noise_sigma,trial,signal_seed,ceemdan_noise_seed,method,parameter,baseline_mse,ceemdan_reconstruction_error,ceemdan_seconds
0.0,0,20261201,120261201,ceemdan_final,tail=1,0.0013257744511477037,0.0,9.000425799982622
0.0,0,20261201,120261201,ceemdan_oracle_tail,tail=1,0.0013257744511477037,0.0,9.000425799982622
0.0,0,20261201,120261201,hcrd_centered,none,0.0,0.0,9.000425799982622
0.0,0,20261201,120261201,hcrd_thresholded,z=3.5,1.8477710048275034e-33,0.0,9.000425799982622
0.0,1,20261202,120261202,ceemdan_final,tail=1,0.0020418409391371028,0.0,8.870850499952212
0.0,1,20261202,120261202,ceemdan_oracle_tail,tail=1,0.0020418409391371028,0.0,8.870850499952212
0.0,1,20261202,120261202,hcrd_centered,none,0.0,0.0,8.870850499952212
0.0,1,20261202,120261202,hcrd_thresholded,z=3.5,3.288319298043265e-33,0.0,8.870850499952212
0.0,2,20261203,120261203,ceemdan_final,tail=1,0.03025847538599909,0.0,9.321369700017385
0.0,2,20261203,120261203,ceemdan_oracle_tail,tail=1,0.03025847538599909,0.0,9.321369700017385
0.0,2,20261203,120261203,hcrd_centered,none,0.0,0.0,9.321369700017385
0.0,2,20261203,120261203,hcrd_thresholded,z=3.5,2.5668674396539733e-31,0.0,9.321369700017385
0.0,3,20261204,120261204,ceemdan_final,tail=1,0.036540266650257655,0.0,9.074127600062639
0.0,3,20261204,120261204,ceemdan_oracle_tail,tail=1,0.036540266650257655,0.0,9.074127600062639
0.0,3,20261204,120261204,hcrd_centered,none,0.0,0.0,9.074127600062639
0.0,3,20261204,120261204,hcrd_thresholded,z=3.5,1.2633744475365643e-31,0.0,9.074127600062639
0.0,4,20261205,120261205,ceemdan_final,tail=1,0.00077702405183179,0.0,8.635814400040545
0.0,4,20261205,120261205,ceemdan_oracle_tail,tail=1,0.00077702405183179,0.0,8.635814400040545
0.0,4,20261205,120261205,hcrd_centered,none,0.0,0.0,8.635814400040545
0.0,4,20261205,120261205,hcrd_thresholded,z=3.5,3.41721422039136e-33,0.0,8.635814400040545
0.0,5,20261206,120261206,ceemdan_final,tail=1,0.0010895122190542142,0.0,8.821452700067312
0.0,5,20261206,120261206,ceemdan_oracle_tail,tail=1,0.0010895122190542142,0.0,8.821452700067312
0.0,5,20261206,120261206,hcrd_centered,none,0.0,0.0,8.821452700067312
0.0,5,20261206,120261206,hcrd_thresholded,z=3.5,1.4917058073635476e-33,0.0,8.821452700067312
0.0,6,20261207,120261207,ceemdan_final,tail=1,0.005175802865503493,0.0,8.430669900029898
0.0,6,20261207,120261207,ceemdan_oracle_tail,tail=1,0.005175802865503493,0.0,8.430669900029898
0.0,6,20261207,120261207,hcrd_centered,none,0.0,0.0,8.430669900029898
0.0,6,20261207,120261207,hcrd_thresholded,z=3.5,1.0815183251905287e-32,0.0,8.430669900029898
0.0,7,20261208,120261208,ceemdan_final,tail=1,0.016159387277974637,0.0,8.940182400052436
0.0,7,20261208,120261208,ceemdan_oracle_tail,tail=1,0.016159387277974637,0.0,8.940182400052436
0.0,7,20261208,120261208,hcrd_centered,none,0.0,0.0,8.940182400052436
0.0,7,20261208,120261208,hcrd_thresholded,z=3.5,2.2014053714521184e-32,0.0,8.940182400052436
0.0,8,20261209,120261209,ceemdan_final,tail=1,0.000705197998092096,0.0,1.71844389999751
0.0,8,20261209,120261209,ceemdan_oracle_tail,tail=2,0.0005985322514995251,0.0,1.71844389999751
0.0,8,20261209,120261209,hcrd_centered,none,0.0,0.0,1.71844389999751
0.0,8,20261209,120261209,hcrd_thresholded,z=3.5,9.784023873120525e-33,0.0,1.71844389999751
0.0,9,20261210,120261210,ceemdan_final,tail=1,0.0019646847488083473,0.0,1.8799125000368804
0.0,9,20261210,120261210,ceemdan_oracle_tail,tail=1,0.0019646847488083473,0.0,1.8799125000368804
0.0,9,20261210,120261210,hcrd_centered,none,0.0,0.0,1.8799125000368804
0.0,9,20261210,120261210,hcrd_thresholded,z=3.5,6.726516412770361e-33,0.0,1.8799125000368804
0.0,10,20261211,120261211,ceemdan_final,tail=1,0.005911923147945364,0.0,1.5324240999761969
0.0,10,20261211,120261211,ceemdan_oracle_tail,tail=1,0.005911923147945364,0.0,1.5324240999761969
0.0,10,20261211,120261211,hcrd_centered,none,0.0,0.0,1.5324240999761969
0.0,10,20261211,120261211,hcrd_thresholded,z=3.5,1.2149095820391389e-32,0.0,1.5324240999761969
0.0,11,20261212,120261212,ceemdan_final,tail=1,0.0001942690223213428,0.0,1.9252104999031872
0.0,11,20261212,120261212,ceemdan_oracle_tail,tail=1,0.0001942690223213428,0.0,1.9252104999031872
0.0,11,20261212,120261212,hcrd_centered,none,0.0,0.0,1.9252104999031872
0.0,11,20261212,120261212,hcrd_thresholded,z=3.5,1.1780396391349162e-33,0.0,1.9252104999031872
0.0,12,20261213,120261213,ceemdan_final,tail=1,6.719023133714433e-05,0.0,1.5660793000133708
0.0,12,20261213,120261213,ceemdan_oracle_tail,tail=1,6.719023133714433e-05,0.0,1.5660793000133708
0.0,12,20261213,120261213,hcrd_centered,none,0.0,0.0,1.5660793000133708
0.0,12,20261213,120261213,hcrd_thresholded,z=3.5,6.594623934088589e-34,0.0,1.5660793000133708
0.0,13,20261214,120261214,ceemdan_final,tail=1,0.0010212819561671359,0.0,1.571893799933605
0.0,13,20261214,120261214,ceemdan_oracle_tail,tail=1,0.0010212819561671359,0.0,1.571893799933605
0.0,13,20261214,120261214,hcrd_centered,none,0.0,0.0,1.571893799933605
0.0,13,20261214,120261214,hcrd_thresholded,z=3.5,1.4195302712667398e-33,0.0,1.571893799933605
0.0,14,20261215,120261215,ceemdan_final,tail=1,0.042517735878384866,0.0,2.049647800042294
0.0,14,20261215,120261215,ceemdan_oracle_tail,tail=1,0.042517735878384866,0.0,2.049647800042294
0.0,14,20261215,120261215,hcrd_centered,none,0.0,0.0,2.049647800042294
0.0,14,20261215,120261215,hcrd_thresholded,z=3.5,1.563525383645731e-31,0.0,2.049647800042294
0.0,15,20261216,120261216,ceemdan_final,tail=1,0.004959658961445914,0.0,1.6242712000384927
0.0,15,20261216,120261216,ceemdan_oracle_tail,tail=1,0.004959658961445914,0.0,1.6242712000384927
0.0,15,20261216,120261216,hcrd_centered,none,0.0,0.0,1.6242712000384927
0.0,15,20261216,120261216,hcrd_thresholded,z=3.5,4.933228336148317e-33,0.0,1.6242712000384927
0.0,16,20261217,120261217,ceemdan_final,tail=1,0.002563204412010189,0.0,1.7879426999716088
0.0,16,20261217,120261217,ceemdan_oracle_tail,tail=1,0.002563204412010189,0.0,1.7879426999716088
0.0,16,20261217,120261217,hcrd_centered,none,0.0,0.0,1.7879426999716088
0.0,16,20261217,120261217,hcrd_thresholded,z=3.5,6.990301370133905e-33,0.0,1.7879426999716088
0.0,17,20261218,120261218,ceemdan_final,tail=1,0.00784037772002817,0.0,1.7951541999354959
0.0,17,20261218,120261218,ceemdan_oracle_tail,tail=1,0.00784037772002817,0.0,1.7951541999354959
0.0,17,20261218,120261218,hcrd_centered,none,0.0,0.0,1.7951541999354959
0.0,17,20261218,120261218,hcrd_thresholded,z=3.5,1.1673795794232787e-32,0.0,1.7951541999354959
0.0,18,20261219,120261219,ceemdan_final,tail=1,0.043927189023376584,0.0,2.0490093999542296
0.0,18,20261219,120261219,ceemdan_oracle_tail,tail=1,0.043927189023376584,0.0,2.0490093999542296
0.0,18,20261219,120261219,hcrd_centered,none,0.0,0.0,2.0490093999542296
0.0,18,20261219,120261219,hcrd_thresholded,z=3.5,6.776875359176129e-32,0.0,2.0490093999542296
0.0,19,20261220,120261220,ceemdan_final,tail=1,0.0026372630867212104,0.0,1.7394784999778494
0.0,19,20261220,120261220,ceemdan_oracle_tail,tail=1,0.0026372630867212104,0.0,1.7394784999778494
0.0,19,20261220,120261220,hcrd_centered,none,0.0,0.0,1.7394784999778494
0.0,19,20261220,120261220,hcrd_thresholded,z=3.5,2.2670518551596364e-32,0.0,1.7394784999778494
0.0,20,20261221,120261221,ceemdan_final,tail=1,0.0028500804772645916,0.0,1.7763891000067815
0.0,20,20261221,120261221,ceemdan_oracle_tail,tail=1,0.0028500804772645916,0.0,1.7763891000067815
0.0,20,20261221,120261221,hcrd_centered,none,0.0,0.0,1.7763891000067815
0.0,20,20261221,120261221,hcrd_thresholded,z=3.5,2.842432793408866e-33,0.0,1.7763891000067815
0.0,21,20261222,120261222,ceemdan_final,tail=1,0.021014184316421915,0.0,1.769372999900952
0.0,21,20261222,120261222,ceemdan_oracle_tail,tail=2,0.016692014734101108,0.0,1.769372999900952
0.0,21,20261222,120261222,hcrd_centered,none,0.0,0.0,1.769372999900952
0.0,21,20261222,120261222,hcrd_thresholded,z=3.5,9.340385535736384e-33,0.0,1.769372999900952
0.0,22,20261223,120261223,ceemdan_final,tail=1,0.024978685751101754,0.0,1.5212543999077752
0.0,22,20261223,120261223,ceemdan_oracle_tail,tail=1,0.024978685751101754,0.0,1.5212543999077752
0.0,22,20261223,120261223,hcrd_centered,none,0.0,0.0,1.5212543999077752
0.0,22,20261223,120261223,hcrd_thresholded,z=3.5,3.3992288823893003e-32,0.0,1.5212543999077752
0.0,23,20261224,120261224,ceemdan_final,tail=1,0.03193283522212108,0.0,2.028779999935068
0.0,23,20261224,120261224,ceemdan_oracle_tail,tail=1,0.03193283522212108,0.0,2.028779999935068
0.0,23,20261224,120261224,hcrd_centered,none,0.0,0.0,2.028779999935068
0.0,23,20261224,120261224,hcrd_thresholded,z=3.5,7.788850377425359e-32,0.0,2.028779999935068
0.0,24,20261225,120261225,ceemdan_final,tail=1,0.004401996079031119,0.0,1.7738412999315187
0.0,24,20261225,120261225,ceemdan_oracle_tail,tail=1,0.004401996079031119,0.0,1.7738412999315187
0.0,24,20261225,120261225,hcrd_centered,none,0.0,0.0,1.7738412999315187
0.0,24,20261225,120261225,hcrd_thresholded,z=3.5,6.561051303151411e-32,0.0,1.7738412999315187
0.0,25,20261226,120261226,ceemdan_final,tail=1,0.02677918372072794,0.0,2.174196100095287
0.0,25,20261226,120261226,ceemdan_oracle_tail,tail=1,0.02677918372072794,0.0,2.174196100095287
0.0,25,20261226,120261226,hcrd_centered,none,0.0,0.0,2.174196100095287
0.0,25,20261226,120261226,hcrd_thresholded,z=3.5,8.98307682076213e-32,0.0,2.174196100095287
0.0,26,20261227,120261227,ceemdan_final,tail=1,0.04006878370959855,0.0,2.037046399898827
0.0,26,20261227,120261227,ceemdan_oracle_tail,tail=1,0.04006878370959855,0.0,2.037046399898827
0.0,26,20261227,120261227,hcrd_centered,none,0.0,0.0,2.037046399898827
0.0,26,20261227,120261227,hcrd_thresholded,z=3.5,1.433071732004124e-31,0.0,2.037046399898827
0.0,27,20261228,120261228,ceemdan_final,tail=1,4.830964588861226e-06,0.0,1.8301739000016823
0.0,27,20261228,120261228,ceemdan_oracle_tail,tail=1,4.830964588861226e-06,0.0,1.8301739000016823
0.0,27,20261228,120261228,hcrd_centered,none,0.0,0.0,1.8301739000016823
0.0,27,20261228,120261228,hcrd_thresholded,z=3.5,2.8776540803295665e-33,0.0,1.8301739000016823
0.0,28,20261229,120261229,ceemdan_final,tail=1,0.0025166051991348166,0.0,2.10003820003476
0.0,28,20261229,120261229,ceemdan_oracle_tail,tail=1,0.0025166051991348166,0.0,2.10003820003476
0.0,28,20261229,120261229,hcrd_centered,none,0.0,0.0,2.10003820003476
0.0,28,20261229,120261229,hcrd_thresholded,z=3.5,3.7025815833573754e-32,0.0,2.10003820003476
0.0,29,20261230,120261230,ceemdan_final,tail=1,0.0005289193207786827,0.0,1.9127143000951037
0.0,29,20261230,120261230,ceemdan_oracle_tail,tail=1,0.0005289193207786827,0.0,1.9127143000951037
0.0,29,20261230,120261230,hcrd_centered,none,0.0,0.0,1.9127143000951037
0.0,29,20261230,120261230,hcrd_thresholded,z=3.5,6.933722494335759e-34,0.0,1.9127143000951037
0.0,30,20261231,120261231,ceemdan_final,tail=1,0.021809547504979647,0.0,1.738496399950236
0.0,30,20261231,120261231,ceemdan_oracle_tail,tail=1,0.021809547504979647,0.0,1.738496399950236
0.0,30,20261231,120261231,hcrd_centered,none,0.0,0.0,1.738496399950236
0.0,30,20261231,120261231,hcrd_thresholded,z=3.5,3.880036918311032e-32,0.0,1.738496399950236
0.0,31,20261232,120261232,ceemdan_final,tail=1,0.006478519829897567,0.0,1.5946062000002712
0.0,31,20261232,120261232,ceemdan_oracle_tail,tail=1,0.006478519829897567,0.0,1.5946062000002712
0.0,31,20261232,120261232,hcrd_centered,none,0.0,0.0,1.5946062000002712
0.0,31,20261232,120261232,hcrd_thresholded,z=3.5,2.0335422167662268e-32,0.0,1.5946062000002712
0.0,32,20261233,120261233,ceemdan_final,tail=1,0.048392890598587,0.0,2.1645093999104574
0.0,32,20261233,120261233,ceemdan_oracle_tail,tail=1,0.048392890598587,0.0,2.1645093999104574
0.0,32,20261233,120261233,hcrd_centered,none,0.0,0.0,2.1645093999104574
0.0,32,20261233,120261233,hcrd_thresholded,z=3.5,1.208614713738418e-31,0.0,2.1645093999104574
0.0,33,20261234,120261234,ceemdan_final,tail=1,0.02802327606443056,0.0,1.84360350004863
0.0,33,20261234,120261234,ceemdan_oracle_tail,tail=2,0.027074107820050687,0.0,1.84360350004863
0.0,33,20261234,120261234,hcrd_centered,none,0.0,0.0,1.84360350004863
0.0,33,20261234,120261234,hcrd_thresholded,z=3.5,5.769696431060781e-32,0.0,1.84360350004863
0.0,34,20261235,120261235,ceemdan_final,tail=1,0.02012849139959699,0.0,1.7021375000476837
0.0,34,20261235,120261235,ceemdan_oracle_tail,tail=1,0.02012849139959699,0.0,1.7021375000476837
0.0,34,20261235,120261235,hcrd_centered,none,0.0,0.0,1.7021375000476837
0.0,34,20261235,120261235,hcrd_thresholded,z=3.5,2.224786310854796e-32,0.0,1.7021375000476837
0.0,35,20261236,120261236,ceemdan_final,tail=1,0.0028753596516844834,0.0,1.7334249999839813
0.0,35,20261236,120261236,ceemdan_oracle_tail,tail=1,0.0028753596516844834,0.0,1.7334249999839813
0.0,35,20261236,120261236,hcrd_centered,none,0.0,0.0,1.7334249999839813
0.0,35,20261236,120261236,hcrd_thresholded,z=3.5,4.310486007826996e-33,0.0,1.7334249999839813
0.0,36,20261237,120261237,ceemdan_final,tail=1,0.02027709221024873,0.0,1.7023746999911964
0.0,36,20261237,120261237,ceemdan_oracle_tail,tail=1,0.02027709221024873,0.0,1.7023746999911964
0.0,36,20261237,120261237,hcrd_centered,none,0.0,0.0,1.7023746999911964
0.0,36,20261237,120261237,hcrd_thresholded,z=3.5,3.0539103927497525e-32,0.0,1.7023746999911964
0.0,37,20261238,120261238,ceemdan_final,tail=1,0.0014463744834836677,0.0,1.6965280999429524
0.0,37,20261238,120261238,ceemdan_oracle_tail,tail=1,0.0014463744834836677,0.0,1.6965280999429524
0.0,37,20261238,120261238,hcrd_centered,none,0.0,0.0,1.6965280999429524
0.0,37,20261238,120261238,hcrd_thresholded,z=3.5,1.8524898142121583e-33,0.0,1.6965280999429524
0.0,38,20261239,120261239,ceemdan_final,tail=1,0.019767626764767635,0.0,1.5713605999480933
0.0,38,20261239,120261239,ceemdan_oracle_tail,tail=1,0.019767626764767635,0.0,1.5713605999480933
0.0,38,20261239,120261239,hcrd_centered,none,0.0,0.0,1.5713605999480933
0.0,38,20261239,120261239,hcrd_thresholded,z=3.5,8.479487356704456e-32,0.0,1.5713605999480933
0.0,39,20261240,120261240,ceemdan_final,tail=1,0.007346363514896849,0.0,1.9033704000758007
0.0,39,20261240,120261240,ceemdan_oracle_tail,tail=1,0.007346363514896849,0.0,1.9033704000758007
0.0,39,20261240,120261240,hcrd_centered,none,0.0,0.0,1.9033704000758007
0.0,39,20261240,120261240,hcrd_thresholded,z=3.5,1.7697572594026834e-32,0.0,1.9033704000758007
0.0,40,20261241,120261241,ceemdan_final,tail=1,0.044585612707265014,0.0,1.9886125000193715
0.0,40,20261241,120261241,ceemdan_oracle_tail,tail=1,0.044585612707265014,0.0,1.9886125000193715
0.0,40,20261241,120261241,hcrd_centered,none,0.0,0.0,1.9886125000193715
0.0,40,20261241,120261241,hcrd_thresholded,z=3.5,8.129372776931025e-32,0.0,1.9886125000193715
0.0,41,20261242,120261242,ceemdan_final,tail=1,0.002361520300079204,0.0,1.8004374000011012
0.0,41,20261242,120261242,ceemdan_oracle_tail,tail=1,0.002361520300079204,0.0,1.8004374000011012
0.0,41,20261242,120261242,hcrd_centered,none,0.0,0.0,1.8004374000011012
0.0,41,20261242,120261242,hcrd_thresholded,z=3.5,5.6691284160659294e-33,0.0,1.8004374000011012
0.0,42,20261243,120261243,ceemdan_final,tail=1,4.607882651021906e-06,0.0,1.930475400062278
0.0,42,20261243,120261243,ceemdan_oracle_tail,tail=1,4.607882651021906e-06,0.0,1.930475400062278
0.0,42,20261243,120261243,hcrd_centered,none,0.0,0.0,1.930475400062278
0.0,42,20261243,120261243,hcrd_thresholded,z=3.5,7.0742329474768504e-34,0.0,1.930475400062278
0.0,43,20261244,120261244,ceemdan_final,tail=1,0.0016712116750379358,0.0,1.8318700999952853
0.0,43,20261244,120261244,ceemdan_oracle_tail,tail=1,0.0016712116750379358,0.0,1.8318700999952853
0.0,43,20261244,120261244,hcrd_centered,none,0.0,0.0,1.8318700999952853
0.0,43,20261244,120261244,hcrd_thresholded,z=3.5,4.91224544181258e-34,0.0,1.8318700999952853
0.0,44,20261245,120261245,ceemdan_final,tail=1,0.011441666335885836,0.0,1.5385681999614462
0.0,44,20261245,120261245,ceemdan_oracle_tail,tail=1,0.011441666335885836,0.0,1.5385681999614462
0.0,44,20261245,120261245,hcrd_centered,none,0.0,0.0,1.5385681999614462
0.0,44,20261245,120261245,hcrd_thresholded,z=3.5,2.1150757490422312e-32,0.0,1.5385681999614462
0.0,45,20261246,120261246,ceemdan_final,tail=1,0.05932540528207502,0.0,1.857033200096339
0.0,45,20261246,120261246,ceemdan_oracle_tail,tail=1,0.05932540528207502,0.0,1.857033200096339
0.0,45,20261246,120261246,hcrd_centered,none,0.0,0.0,1.857033200096339
0.0,45,20261246,120261246,hcrd_thresholded,z=3.5,1.846494701544805e-32,0.0,1.857033200096339
0.0,46,20261247,120261247,ceemdan_final,tail=1,0.000985242580947358,0.0,1.7046036999672651
0.0,46,20261247,120261247,ceemdan_oracle_tail,tail=1,0.000985242580947358,0.0,1.7046036999672651
0.0,46,20261247,120261247,hcrd_centered,none,0.0,0.0,1.7046036999672651
0.0,46,20261247,120261247,hcrd_thresholded,z=3.5,8.057431424922786e-33,0.0,1.7046036999672651
0.0,47,20261248,120261248,ceemdan_final,tail=1,0.0006429148657395439,0.0,1.8969654999673367
0.0,47,20261248,120261248,ceemdan_oracle_tail,tail=1,0.0006429148657395439,0.0,1.8969654999673367
0.0,47,20261248,120261248,hcrd_centered,none,0.0,0.0,1.8969654999673367
0.0,47,20261248,120261248,hcrd_thresholded,z=3.5,3.933355951596305e-34,0.0,1.8969654999673367
0.0,48,20261249,120261249,ceemdan_final,tail=1,0.018431540276779165,0.0,1.8805029999930412
0.0,48,20261249,120261249,ceemdan_oracle_tail,tail=1,0.018431540276779165,0.0,1.8805029999930412
0.0,48,20261249,120261249,hcrd_centered,none,0.0,0.0,1.8805029999930412
0.0,48,20261249,120261249,hcrd_thresholded,z=3.5,2.8248970888568575e-32,0.0,1.8805029999930412
0.0,49,20261250,120261250,ceemdan_final,tail=1,0.0007819038795441537,0.0,1.5401698999339715
0.0,49,20261250,120261250,ceemdan_oracle_tail,tail=1,0.0007819038795441537,0.0,1.5401698999339715
0.0,49,20261250,120261250,hcrd_centered,none,0.0,0.0,1.5401698999339715
0.0,49,20261250,120261250,hcrd_thresholded,z=3.5,8.445626679338338e-33,0.0,1.5401698999339715
0.03,0,20271201,120271201,ceemdan_final,tail=1,0.0004518142828736631,0.0,2.2930592000484467
0.03,0,20271201,120271201,ceemdan_oracle_tail,tail=1,0.0004518142828736631,0.0,2.2930592000484467
0.03,0,20271201,120271201,hcrd_centered,none,0.8831777501888893,0.0,2.2930592000484467
0.03,0,20271201,120271201,hcrd_thresholded,z=3.5,0.00012207695026561851,0.0,2.2930592000484467
0.03,1,20271202,120271202,ceemdan_final,tail=1,0.00563879493423006,0.0,1.9756760000018403
0.03,1,20271202,120271202,ceemdan_oracle_tail,tail=1,0.00563879493423006,0.0,1.9756760000018403
0.03,1,20271202,120271202,hcrd_centered,none,0.7353078179863869,0.0,1.9756760000018403
0.03,1,20271202,120271202,hcrd_thresholded,z=3.5,0.00018734736523933634,0.0,1.9756760000018403
0.03,2,20271203,120271203,ceemdan_final,tail=1,0.004837996783392846,0.0,2.1381684000371024
0.03,2,20271203,120271203,ceemdan_oracle_tail,tail=1,0.004837996783392846,0.0,2.1381684000371024
0.03,2,20271203,120271203,hcrd_centered,none,0.9081624170794184,0.0,2.1381684000371024
0.03,2,20271203,120271203,hcrd_thresholded,z=3.5,0.00010604432865922958,0.0,2.1381684000371024
0.03,3,20271204,120271204,ceemdan_final,tail=1,0.01751994392111874,0.0,2.101692899945192
0.03,3,20271204,120271204,ceemdan_oracle_tail,tail=1,0.01751994392111874,0.0,2.101692899945192
0.03,3,20271204,120271204,hcrd_centered,none,1.1313686327316976,0.0,2.101692899945192
0.03,3,20271204,120271204,hcrd_thresholded,z=3.5,2.567683833916744e-05,0.0,2.101692899945192
0.03,4,20271205,120271205,ceemdan_final,tail=1,0.051338375999962146,0.0,2.2505125999450684
0.03,4,20271205,120271205,ceemdan_oracle_tail,tail=1,0.051338375999962146,0.0,2.2505125999450684
0.03,4,20271205,120271205,hcrd_centered,none,1.153118845645577,0.0,2.2505125999450684
0.03,4,20271205,120271205,hcrd_thresholded,z=3.5,0.00013416656929391972,0.0,2.2505125999450684
0.03,5,20271206,120271206,ceemdan_final,tail=1,0.007278818816792542,0.0,1.9215391998877749
0.03,5,20271206,120271206,ceemdan_oracle_tail,tail=1,0.007278818816792542,0.0,1.9215391998877749
0.03,5,20271206,120271206,hcrd_centered,none,1.0191633788860532,0.0,1.9215391998877749
0.03,5,20271206,120271206,hcrd_thresholded,z=3.5,3.4404975277860896e-05,0.0,1.9215391998877749
0.03,6,20271207,120271207,ceemdan_final,tail=1,0.004538498206365997,0.0,1.6696948999306187
0.03,6,20271207,120271207,ceemdan_oracle_tail,tail=1,0.004538498206365997,0.0,1.6696948999306187
0.03,6,20271207,120271207,hcrd_centered,none,0.9418099086530369,0.0,1.6696948999306187
0.03,6,20271207,120271207,hcrd_thresholded,z=3.5,0.0006068406615093059,0.0,1.6696948999306187
0.03,7,20271208,120271208,ceemdan_final,tail=1,0.009866505214197649,0.0,1.6991928000934422
0.03,7,20271208,120271208,ceemdan_oracle_tail,tail=1,0.009866505214197649,0.0,1.6991928000934422
0.03,7,20271208,120271208,hcrd_centered,none,0.557222719902737,0.0,1.6991928000934422
0.03,7,20271208,120271208,hcrd_thresholded,z=3.5,0.0002195377794888628,0.0,1.6991928000934422
0.03,8,20271209,120271209,ceemdan_final,tail=1,0.0012764852745342115,0.0,1.7014162000268698
0.03,8,20271209,120271209,ceemdan_oracle_tail,tail=1,0.0012764852745342115,0.0,1.7014162000268698
0.03,8,20271209,120271209,hcrd_centered,none,0.4525177586974368,0.0,1.7014162000268698
0.03,8,20271209,120271209,hcrd_thresholded,z=3.5,0.0002986390274458819,0.0,1.7014162000268698
0.03,9,20271210,120271210,ceemdan_final,tail=1,0.03788168562189006,0.0,1.8629483999684453
0.03,9,20271210,120271210,ceemdan_oracle_tail,tail=1,0.03788168562189006,0.0,1.8629483999684453
0.03,9,20271210,120271210,hcrd_centered,none,1.146775634580949,0.0,1.8629483999684453
0.03,9,20271210,120271210,hcrd_thresholded,z=3.5,3.113193329864478e-05,0.0,1.8629483999684453
0.03,10,20271211,120271211,ceemdan_final,tail=1,0.056654804340172026,0.0,1.778871100046672
0.03,10,20271211,120271211,ceemdan_oracle_tail,tail=1,0.056654804340172026,0.0,1.778871100046672
0.03,10,20271211,120271211,hcrd_centered,none,1.043503729103432,0.0,1.778871100046672
0.03,10,20271211,120271211,hcrd_thresholded,z=3.5,0.0003107594937855413,0.0,1.778871100046672
0.03,11,20271212,120271212,ceemdan_final,tail=1,0.0010922543950460098,0.0,1.689079099916853
0.03,11,20271212,120271212,ceemdan_oracle_tail,tail=1,0.0010922543950460098,0.0,1.689079099916853
0.03,11,20271212,120271212,hcrd_centered,none,0.8489229727531148,0.0,1.689079099916853
0.03,11,20271212,120271212,hcrd_thresholded,z=3.5,0.0016406130591812805,0.0,1.689079099916853
0.03,12,20271213,120271213,ceemdan_final,tail=1,0.019005385635511345,0.0,2.0054324000375345
0.03,12,20271213,120271213,ceemdan_oracle_tail,tail=1,0.019005385635511345,0.0,2.0054324000375345
0.03,12,20271213,120271213,hcrd_centered,none,0.5812929721600809,0.0,2.0054324000375345
0.03,12,20271213,120271213,hcrd_thresholded,z=3.5,0.00011699371378626139,0.0,2.0054324000375345
0.03,13,20271214,120271214,ceemdan_final,tail=1,0.0018474397736463252,0.0,1.8477881000144407
0.03,13,20271214,120271214,ceemdan_oracle_tail,tail=1,0.0018474397736463252,0.0,1.8477881000144407
0.03,13,20271214,120271214,hcrd_centered,none,0.8947368691555219,0.0,1.8477881000144407
0.03,13,20271214,120271214,hcrd_thresholded,z=3.5,5.570945252061383e-05,0.0,1.8477881000144407
0.03,14,20271215,120271215,ceemdan_final,tail=1,0.031381563889779904,0.0,1.8498992000240833
0.03,14,20271215,120271215,ceemdan_oracle_tail,tail=1,0.031381563889779904,0.0,1.8498992000240833
0.03,14,20271215,120271215,hcrd_centered,none,0.9867991659784071,0.0,1.8498992000240833
0.03,14,20271215,120271215,hcrd_thresholded,z=3.5,0.00015281815500624535,0.0,1.8498992000240833
0.03,15,20271216,120271216,ceemdan_final,tail=1,0.005558821637950944,0.0,2.5674894999247044
0.03,15,20271216,120271216,ceemdan_oracle_tail,tail=1,0.005558821637950944,0.0,2.5674894999247044
0.03,15,20271216,120271216,hcrd_centered,none,1.0728255571687981,0.0,2.5674894999247044
0.03,15,20271216,120271216,hcrd_thresholded,z=3.5,5.7202114014571193e-05,0.0,2.5674894999247044
0.03,16,20271217,120271217,ceemdan_final,tail=1,0.011778100789329702,0.0,2.1558644000906497
0.03,16,20271217,120271217,ceemdan_oracle_tail,tail=1,0.011778100789329702,0.0,2.1558644000906497
0.03,16,20271217,120271217,hcrd_centered,none,1.098191615757783,0.0,2.1558644000906497
0.03,16,20271217,120271217,hcrd_thresholded,z=3.5,0.0006277716634198081,0.0,2.1558644000906497
0.03,17,20271218,120271218,ceemdan_final,tail=1,0.014978852051219942,0.0,1.814992200001143
0.03,17,20271218,120271218,ceemdan_oracle_tail,tail=1,0.014978852051219942,0.0,1.814992200001143
0.03,17,20271218,120271218,hcrd_centered,none,0.9836272161155765,0.0,1.814992200001143
0.03,17,20271218,120271218,hcrd_thresholded,z=3.5,0.0004429448372589603,0.0,1.814992200001143
0.03,18,20271219,120271219,ceemdan_final,tail=1,0.010238533757082564,0.0,2.2069727999623865
0.03,18,20271219,120271219,ceemdan_oracle_tail,tail=1,0.010238533757082564,0.0,2.2069727999623865
0.03,18,20271219,120271219,hcrd_centered,none,1.0722190010482404,0.0,2.2069727999623865
0.03,18,20271219,120271219,hcrd_thresholded,z=3.5,0.00034960019576815195,0.0,2.2069727999623865
0.03,19,20271220,120271220,ceemdan_final,tail=1,0.0021704794565588366,0.0,2.1675900000846013
0.03,19,20271220,120271220,ceemdan_oracle_tail,tail=1,0.0021704794565588366,0.0,2.1675900000846013
0.03,19,20271220,120271220,hcrd_centered,none,0.6326542188367092,0.0,2.1675900000846013
0.03,19,20271220,120271220,hcrd_thresholded,z=3.5,0.00021992678176599914,0.0,2.1675900000846013
0.03,20,20271221,120271221,ceemdan_final,tail=1,0.0006745989030033486,0.0,2.05133350007236
0.03,20,20271221,120271221,ceemdan_oracle_tail,tail=1,0.0006745989030033486,0.0,2.05133350007236
0.03,20,20271221,120271221,hcrd_centered,none,0.5325689564096274,0.0,2.05133350007236
0.03,20,20271221,120271221,hcrd_thresholded,z=3.5,0.00058154028856395,0.0,2.05133350007236
0.03,21,20271222,120271222,ceemdan_final,tail=1,0.020540985093128666,0.0,2.362089900067076
0.03,21,20271222,120271222,ceemdan_oracle_tail,tail=1,0.020540985093128666,0.0,2.362089900067076
0.03,21,20271222,120271222,hcrd_centered,none,1.064874608966682,0.0,2.362089900067076
0.03,21,20271222,120271222,hcrd_thresholded,z=3.5,7.756665065652235e-05,0.0,2.362089900067076
0.03,22,20271223,120271223,ceemdan_final,tail=1,0.008636548559818597,0.0,1.9457219000905752
0.03,22,20271223,120271223,ceemdan_oracle_tail,tail=1,0.008636548559818597,0.0,1.9457219000905752
0.03,22,20271223,120271223,hcrd_centered,none,0.8161146888590586,0.0,1.9457219000905752
0.03,22,20271223,120271223,hcrd_thresholded,z=3.5,0.00014311789178563178,0.0,1.9457219000905752
0.03,23,20271224,120271224,ceemdan_final,tail=1,0.0015888945108987894,0.0,1.6372301999945194
0.03,23,20271224,120271224,ceemdan_oracle_tail,tail=1,0.0015888945108987894,0.0,1.6372301999945194
0.03,23,20271224,120271224,hcrd_centered,none,1.1053214378563414,0.0,1.6372301999945194
0.03,23,20271224,120271224,hcrd_thresholded,z=3.5,0.0005607196766227936,0.0,1.6372301999945194
0.03,24,20271225,120271225,ceemdan_final,tail=1,0.019421847516359135,0.0,1.8467636000132188
0.03,24,20271225,120271225,ceemdan_oracle_tail,tail=1,0.019421847516359135,0.0,1.8467636000132188
0.03,24,20271225,120271225,hcrd_centered,none,0.958102931497815,0.0,1.8467636000132188
0.03,24,20271225,120271225,hcrd_thresholded,z=3.5,0.001337905327365065,0.0,1.8467636000132188
0.03,25,20271226,120271226,ceemdan_final,tail=1,0.0014560481525298843,0.0,1.9320798999397084
0.03,25,20271226,120271226,ceemdan_oracle_tail,tail=1,0.0014560481525298843,0.0,1.9320798999397084
0.03,25,20271226,120271226,hcrd_centered,none,0.614846246084954,0.0,1.9320798999397084
0.03,25,20271226,120271226,hcrd_thresholded,z=3.5,0.0005941062131533341,0.0,1.9320798999397084
0.03,26,20271227,120271227,ceemdan_final,tail=1,0.0053676173104601,0.0,1.8581193999852985
0.03,26,20271227,120271227,ceemdan_oracle_tail,tail=1,0.0053676173104601,0.0,1.8581193999852985
0.03,26,20271227,120271227,hcrd_centered,none,0.8855752106266019,0.0,1.8581193999852985
0.03,26,20271227,120271227,hcrd_thresholded,z=3.5,1.0892408004307079e-05,0.0,1.8581193999852985
0.03,27,20271228,120271228,ceemdan_final,tail=1,0.02216640170843562,0.0,1.8181077999761328
0.03,27,20271228,120271228,ceemdan_oracle_tail,tail=1,0.02216640170843562,0.0,1.8181077999761328
0.03,27,20271228,120271228,hcrd_centered,none,1.1230253817381401,0.0,1.8181077999761328
0.03,27,20271228,120271228,hcrd_thresholded,z=3.5,0.00015259045064533038,0.0,1.8181077999761328
0.03,28,20271229,120271229,ceemdan_final,tail=1,0.0027748799381334963,0.0,1.8261591999325901
0.03,28,20271229,120271229,ceemdan_oracle_tail,tail=1,0.0027748799381334963,0.0,1.8261591999325901
0.03,28,20271229,120271229,hcrd_centered,none,0.7658011646774622,0.0,1.8261591999325901
0.03,28,20271229,120271229,hcrd_thresholded,z=3.5,0.0001950201361622064,0.0,1.8261591999325901
0.03,29,20271230,120271230,ceemdan_final,tail=1,0.002096678162769081,0.0,1.7498671000357717
0.03,29,20271230,120271230,ceemdan_oracle_tail,tail=1,0.002096678162769081,0.0,1.7498671000357717
0.03,29,20271230,120271230,hcrd_centered,none,1.0120796788992303,0.0,1.7498671000357717
0.03,29,20271230,120271230,hcrd_thresholded,z=3.5,0.00010842907756977678,0.0,1.7498671000357717
0.03,30,20271231,120271231,ceemdan_final,tail=1,0.015109119993037615,0.0,1.7292976999888197
0.03,30,20271231,120271231,ceemdan_oracle_tail,tail=1,0.015109119993037615,0.0,1.7292976999888197
0.03,30,20271231,120271231,hcrd_centered,none,0.4566826467878032,0.0,1.7292976999888197
0.03,30,20271231,120271231,hcrd_thresholded,z=3.5,0.0015010556435184953,0.0,1.7292976999888197
0.03,31,20271232,120271232,ceemdan_final,tail=1,0.0034066526400369163,0.0,1.9863085999386385
0.03,31,20271232,120271232,ceemdan_oracle_tail,tail=1,0.0034066526400369163,0.0,1.9863085999386385
0.03,31,20271232,120271232,hcrd_centered,none,0.4324900877289192,0.0,1.9863085999386385
0.03,31,20271232,120271232,hcrd_thresholded,z=3.5,0.0001936152066227044,0.0,1.9863085999386385
0.03,32,20271233,120271233,ceemdan_final,tail=1,0.0028065834087846,0.0,1.5333282999927178
0.03,32,20271233,120271233,ceemdan_oracle_tail,tail=1,0.0028065834087846,0.0,1.5333282999927178
0.03,32,20271233,120271233,hcrd_centered,none,1.0234211942081923,0.0,1.5333282999927178
0.03,32,20271233,120271233,hcrd_thresholded,z=3.5,2.6110928155008382e-05,0.0,1.5333282999927178
0.03,33,20271234,120271234,ceemdan_final,tail=1,0.0024186018408277696,0.0,2.073476199992001
0.03,33,20271234,120271234,ceemdan_oracle_tail,tail=1,0.0024186018408277696,0.0,2.073476199992001
0.03,33,20271234,120271234,hcrd_centered,none,0.5570329111528368,0.0,2.073476199992001
0.03,33,20271234,120271234,hcrd_thresholded,z=3.5,0.00021410952874226469,0.0,2.073476199992001
0.03,34,20271235,120271235,ceemdan_final,tail=1,0.024352124207693164,0.0,2.149279300007038
0.03,34,20271235,120271235,ceemdan_oracle_tail,tail=1,0.024352124207693164,0.0,2.149279300007038
0.03,34,20271235,120271235,hcrd_centered,none,0.9548341145348739,0.0,2.149279300007038
0.03,34,20271235,120271235,hcrd_thresholded,z=3.5,0.0009482617565931067,0.0,2.149279300007038
0.03,35,20271236,120271236,ceemdan_final,tail=1,0.012937028093818305,0.0,2.106573299970478
0.03,35,20271236,120271236,ceemdan_oracle_tail,tail=1,0.012937028093818305,0.0,2.106573299970478
0.03,35,20271236,120271236,hcrd_centered,none,0.4792692053096576,0.0,2.106573299970478
0.03,35,20271236,120271236,hcrd_thresholded,z=3.5,0.00029288428047512157,0.0,2.106573299970478
0.03,36,20271237,120271237,ceemdan_final,tail=1,0.018146260905680982,0.0,2.1670970000559464
0.03,36,20271237,120271237,ceemdan_oracle_tail,tail=1,0.018146260905680982,0.0,2.1670970000559464
0.03,36,20271237,120271237,hcrd_centered,none,0.7223895776702369,0.0,2.1670970000559464
0.03,36,20271237,120271237,hcrd_thresholded,z=3.5,0.0013768289798279044,0.0,2.1670970000559464
0.03,37,20271238,120271238,ceemdan_final,tail=1,0.027740566926857817,0.0,1.6216466999612749
0.03,37,20271238,120271238,ceemdan_oracle_tail,tail=1,0.027740566926857817,0.0,1.6216466999612749
0.03,37,20271238,120271238,hcrd_centered,none,1.0357187602100362,0.0,1.6216466999612749
0.03,37,20271238,120271238,hcrd_thresholded,z=3.5,7.685269571281052e-05,0.0,1.6216466999612749
0.03,38,20271239,120271239,ceemdan_final,tail=1,0.012198213570106932,0.0,2.161898000049405
0.03,38,20271239,120271239,ceemdan_oracle_tail,tail=1,0.012198213570106932,0.0,2.161898000049405
0.03,38,20271239,120271239,hcrd_centered,none,1.107271489070364,0.0,2.161898000049405
0.03,38,20271239,120271239,hcrd_thresholded,z=3.5,0.00010939875225655639,0.0,2.161898000049405
0.03,39,20271240,120271240,ceemdan_final,tail=1,0.033156668888411955,0.0,2.1107814999995753
0.03,39,20271240,120271240,ceemdan_oracle_tail,tail=1,0.033156668888411955,0.0,2.1107814999995753
0.03,39,20271240,120271240,hcrd_centered,none,0.46547009953357077,0.0,2.1107814999995753
0.03,39,20271240,120271240,hcrd_thresholded,z=3.5,4.298000943667218e-06,0.0,2.1107814999995753
0.03,40,20271241,120271241,ceemdan_final,tail=1,0.006950105579738376,0.0,2.438587800017558
0.03,40,20271241,120271241,ceemdan_oracle_tail,tail=1,0.006950105579738376,0.0,2.438587800017558
0.03,40,20271241,120271241,hcrd_centered,none,1.0333706304795927,0.0,2.438587800017558
0.03,40,20271241,120271241,hcrd_thresholded,z=3.5,0.00044499030502735914,0.0,2.438587800017558
0.03,41,20271242,120271242,ceemdan_final,tail=1,0.0038999228888755397,0.0,2.1435437001055107
0.03,41,20271242,120271242,ceemdan_oracle_tail,tail=1,0.0038999228888755397,0.0,2.1435437001055107
0.03,41,20271242,120271242,hcrd_centered,none,0.5569960046746444,0.0,2.1435437001055107
0.03,41,20271242,120271242,hcrd_thresholded,z=3.5,0.0004686416324749773,0.0,2.1435437001055107
0.03,42,20271243,120271243,ceemdan_final,tail=1,0.004712231666236694,0.0,2.1253981000045314
0.03,42,20271243,120271243,ceemdan_oracle_tail,tail=1,0.004712231666236694,0.0,2.1253981000045314
0.03,42,20271243,120271243,hcrd_centered,none,0.9332656860143916,0.0,2.1253981000045314
0.03,42,20271243,120271243,hcrd_thresholded,z=3.5,0.00013099679414140504,0.0,2.1253981000045314
0.03,43,20271244,120271244,ceemdan_final,tail=1,0.007408012056428259,0.0,1.8423164000269026
0.03,43,20271244,120271244,ceemdan_oracle_tail,tail=1,0.007408012056428259,0.0,1.8423164000269026
0.03,43,20271244,120271244,hcrd_centered,none,0.5597994585810598,0.0,1.8423164000269026
0.03,43,20271244,120271244,hcrd_thresholded,z=3.5,8.001480360112897e-05,0.0,1.8423164000269026
0.03,44,20271245,120271245,ceemdan_final,tail=1,0.020189639343336774,0.0,1.865029999986291
0.03,44,20271245,120271245,ceemdan_oracle_tail,tail=1,0.020189639343336774,0.0,1.865029999986291
0.03,44,20271245,120271245,hcrd_centered,none,0.5131485296042292,0.0,1.865029999986291
0.03,44,20271245,120271245,hcrd_thresholded,z=3.5,0.0007586973022944257,0.0,1.865029999986291
0.03,45,20271246,120271246,ceemdan_final,tail=1,0.025845035195254596,0.0,1.814672000007704
0.03,45,20271246,120271246,ceemdan_oracle_tail,tail=1,0.025845035195254596,0.0,1.814672000007704
0.03,45,20271246,120271246,hcrd_centered,none,0.9461076330696486,0.0,1.814672000007704
0.03,45,20271246,120271246,hcrd_thresholded,z=3.5,0.000285986461990586,0.0,1.814672000007704
0.03,46,20271247,120271247,ceemdan_final,tail=1,0.03118917807935753,0.0,1.6919177999952808
0.03,46,20271247,120271247,ceemdan_oracle_tail,tail=1,0.03118917807935753,0.0,1.6919177999952808
0.03,46,20271247,120271247,hcrd_centered,none,0.4336489058485899,0.0,1.6919177999952808
0.03,46,20271247,120271247,hcrd_thresholded,z=3.5,8.426258924594684e-05,0.0,1.6919177999952808
0.03,47,20271248,120271248,ceemdan_final,tail=1,0.004274489898519466,0.0,1.7238797000609338
0.03,47,20271248,120271248,ceemdan_oracle_tail,tail=1,0.004274489898519466,0.0,1.7238797000609338
0.03,47,20271248,120271248,hcrd_centered,none,0.6662417067693339,0.0,1.7238797000609338
0.03,47,20271248,120271248,hcrd_thresholded,z=3.5,0.002589901154701977,0.0,1.7238797000609338
0.03,48,20271249,120271249,ceemdan_final,tail=1,0.04831390295511659,0.0,1.8763533999444917
0.03,48,20271249,120271249,ceemdan_oracle_tail,tail=1,0.04831390295511659,0.0,1.8763533999444917
0.03,48,20271249,120271249,hcrd_centered,none,0.8780362076892333,0.0,1.8763533999444917
0.03,48,20271249,120271249,hcrd_thresholded,z=3.5,0.0003154616438392142,0.0,1.8763533999444917
0.03,49,20271250,120271250,ceemdan_final,tail=1,0.0003914103144938716,0.0,1.9736074999673292
0.03,49,20271250,120271250,ceemdan_oracle_tail,tail=1,0.0003914103144938716,0.0,1.9736074999673292
0.03,49,20271250,120271250,hcrd_centered,none,0.5331594326032348,0.0,1.9736074999673292
0.03,49,20271250,120271250,hcrd_thresholded,z=3.5,0.0006139112226784484,0.0,1.9736074999673292
0.1,0,20281201,120281201,ceemdan_final,tail=1,0.03765579375141078,0.0,2.144432200002484
0.1,0,20281201,120281201,ceemdan_oracle_tail,tail=1,0.03765579375141078,0.0,2.144432200002484
0.1,0,20281201,120281201,hcrd_centered,none,0.839948281115096,0.0,2.144432200002484
0.1,0,20281201,120281201,hcrd_thresholded,z=3.5,0.0013184357850440896,0.0,2.144432200002484
0.1,1,20281202,120281202,ceemdan_final,tail=1,0.09651670125277052,0.0,1.8526332000037655
0.1,1,20281202,120281202,ceemdan_oracle_tail,tail=1,0.09651670125277052,0.0,1.8526332000037655
0.1,1,20281202,120281202,hcrd_centered,none,0.6816211815378481,0.0,1.8526332000037655
0.1,1,20281202,120281202,hcrd_thresholded,z=3.5,0.0038337660392104836,0.0,1.8526332000037655
0.1,2,20281203,120281203,ceemdan_final,tail=1,0.04533735231155926,0.0,1.7693788000615314
0.1,2,20281203,120281203,ceemdan_oracle_tail,tail=1,0.04533735231155926,0.0,1.7693788000615314
0.1,2,20281203,120281203,hcrd_centered,none,0.6641353676543348,0.0,1.7693788000615314
0.1,2,20281203,120281203,hcrd_thresholded,z=3.5,0.0050755721149685525,0.0,1.7693788000615314
0.1,3,20281204,120281204,ceemdan_final,tail=1,0.04947367569820647,0.0,1.5693369000218809
0.1,3,20281204,120281204,ceemdan_oracle_tail,tail=1,0.04947367569820647,0.0,1.5693369000218809
0.1,3,20281204,120281204,hcrd_centered,none,0.8193728769500701,0.0,1.5693369000218809
0.1,3,20281204,120281204,hcrd_thresholded,z=3.5,0.010243039746633351,0.0,1.5693369000218809
0.1,4,20281205,120281205,ceemdan_final,tail=1,0.006944681827344011,0.0,1.695602299994789
0.1,4,20281205,120281205,ceemdan_oracle_tail,tail=1,0.006944681827344011,0.0,1.695602299994789
0.1,4,20281205,120281205,hcrd_centered,none,0.9786032399954651,0.0,1.695602299994789
0.1,4,20281205,120281205,hcrd_thresholded,z=3.5,0.0036229640930729333,0.0,1.695602299994789
0.1,5,20281206,120281206,ceemdan_final,tail=1,0.023360464307987078,0.0,1.6110403999919072
0.1,5,20281206,120281206,ceemdan_oracle_tail,tail=1,0.023360464307987078,0.0,1.6110403999919072
0.1,5,20281206,120281206,hcrd_centered,none,0.7358668311979211,0.0,1.6110403999919072
0.1,5,20281206,120281206,hcrd_thresholded,z=3.5,0.010623165777781404,0.0,1.6110403999919072
0.1,6,20281207,120281207,ceemdan_final,tail=1,0.06484974970272255,0.0,1.6644411999732256
0.1,6,20281207,120281207,ceemdan_oracle_tail,tail=1,0.06484974970272255,0.0,1.6644411999732256
0.1,6,20281207,120281207,hcrd_centered,none,0.8887897186668788,0.0,1.6644411999732256
0.1,6,20281207,120281207,hcrd_thresholded,z=3.5,0.004860198606386494,0.0,1.6644411999732256
0.1,7,20281208,120281208,ceemdan_final,tail=1,0.003664542033507023,0.0,1.961708900053054
0.1,7,20281208,120281208,ceemdan_oracle_tail,tail=1,0.003664542033507023,0.0,1.961708900053054
0.1,7,20281208,120281208,hcrd_centered,none,0.6841242837649146,0.0,1.961708900053054
0.1,7,20281208,120281208,hcrd_thresholded,z=3.5,0.00028572997922921456,0.0,1.961708900053054
0.1,8,20281209,120281209,ceemdan_final,tail=1,0.07440789904582044,0.0,1.7191539000486955
0.1,8,20281209,120281209,ceemdan_oracle_tail,tail=1,0.07440789904582044,0.0,1.7191539000486955
0.1,8,20281209,120281209,hcrd_centered,none,1.1309176263915215,0.0,1.7191539000486955
0.1,8,20281209,120281209,hcrd_thresholded,z=3.5,0.00013478815260059546,0.0,1.7191539000486955
0.1,9,20281210,120281210,ceemdan_final,tail=1,0.000202849402852819,0.0,1.5975884000072256
0.1,9,20281210,120281210,ceemdan_oracle_tail,tail=1,0.000202849402852819,0.0,1.5975884000072256
0.1,9,20281210,120281210,hcrd_centered,none,0.6837853313384511,0.0,1.5975884000072256
0.1,9,20281210,120281210,hcrd_thresholded,z=3.5,0.00783787479783608,0.0,1.5975884000072256
0.1,10,20281211,120281211,ceemdan_final,tail=1,0.001922434984357934,0.0,1.6455500000156462
0.1,10,20281211,120281211,ceemdan_oracle_tail,tail=1,0.001922434984357934,0.0,1.6455500000156462
0.1,10,20281211,120281211,hcrd_centered,none,0.6774731271414248,0.0,1.6455500000156462
0.1,10,20281211,120281211,hcrd_thresholded,z=3.5,0.012596797474261498,0.0,1.6455500000156462
0.1,11,20281212,120281212,ceemdan_final,tail=1,0.06362727610062366,0.0,1.8344417000189424
0.1,11,20281212,120281212,ceemdan_oracle_tail,tail=1,0.06362727610062366,0.0,1.8344417000189424
0.1,11,20281212,120281212,hcrd_centered,none,0.7040628018436982,0.0,1.8344417000189424
0.1,11,20281212,120281212,hcrd_thresholded,z=3.5,0.0007012719725920394,0.0,1.8344417000189424
0.1,12,20281213,120281213,ceemdan_final,tail=1,0.005175093678472906,0.0,1.8126593000488356
0.1,12,20281213,120281213,ceemdan_oracle_tail,tail=1,0.005175093678472906,0.0,1.8126593000488356
0.1,12,20281213,120281213,hcrd_centered,none,0.5112422952489178,0.0,1.8126593000488356
0.1,12,20281213,120281213,hcrd_thresholded,z=3.5,0.010335995900393864,0.0,1.8126593000488356
0.1,13,20281214,120281214,ceemdan_final,tail=1,0.04808472662071446,0.0,1.5343169000698254
0.1,13,20281214,120281214,ceemdan_oracle_tail,tail=1,0.04808472662071446,0.0,1.5343169000698254
0.1,13,20281214,120281214,hcrd_centered,none,0.7613466443399906,0.0,1.5343169000698254
0.1,13,20281214,120281214,hcrd_thresholded,z=3.5,0.0019025022826921147,0.0,1.5343169000698254
0.1,14,20281215,120281215,ceemdan_final,tail=1,0.03952751448096413,0.0,1.582590700010769
0.1,14,20281215,120281215,ceemdan_oracle_tail,tail=1,0.03952751448096413,0.0,1.582590700010769
0.1,14,20281215,120281215,hcrd_centered,none,0.4256605929422879,0.0,1.582590700010769
0.1,14,20281215,120281215,hcrd_thresholded,z=3.5,0.005442921283842869,0.0,1.582590700010769
0.1,15,20281216,120281216,ceemdan_final,tail=1,0.005413639992641213,0.0,1.6912734999787062
0.1,15,20281216,120281216,ceemdan_oracle_tail,tail=1,0.005413639992641213,0.0,1.6912734999787062
0.1,15,20281216,120281216,hcrd_centered,none,0.7402827096453516,0.0,1.6912734999787062
0.1,15,20281216,120281216,hcrd_thresholded,z=3.5,0.009710448905031518,0.0,1.6912734999787062
0.1,16,20281217,120281217,ceemdan_final,tail=1,0.02157403011614375,0.0,2.079117099987343
0.1,16,20281217,120281217,ceemdan_oracle_tail,tail=1,0.02157403011614375,0.0,2.079117099987343
0.1,16,20281217,120281217,hcrd_centered,none,0.6473222075252539,0.0,2.079117099987343
0.1,16,20281217,120281217,hcrd_thresholded,z=3.5,0.0013876455825995464,0.0,2.079117099987343
0.1,17,20281218,120281218,ceemdan_final,tail=1,0.029355197251524297,0.0,1.7084471000125632
0.1,17,20281218,120281218,ceemdan_oracle_tail,tail=1,0.029355197251524297,0.0,1.7084471000125632
0.1,17,20281218,120281218,hcrd_centered,none,0.8800329535963113,0.0,1.7084471000125632
0.1,17,20281218,120281218,hcrd_thresholded,z=3.5,0.00631792461405531,0.0,1.7084471000125632
0.1,18,20281219,120281219,ceemdan_final,tail=1,0.0475826127861956,0.0,1.7809545999625698
0.1,18,20281219,120281219,ceemdan_oracle_tail,tail=1,0.0475826127861956,0.0,1.7809545999625698
0.1,18,20281219,120281219,hcrd_centered,none,0.8269952840907752,0.0,1.7809545999625698
0.1,18,20281219,120281219,hcrd_thresholded,z=3.5,0.004807477159689555,0.0,1.7809545999625698
0.1,19,20281220,120281220,ceemdan_final,tail=1,0.007380871667179923,0.0,1.6302175000309944
0.1,19,20281220,120281220,ceemdan_oracle_tail,tail=1,0.007380871667179923,0.0,1.6302175000309944
0.1,19,20281220,120281220,hcrd_centered,none,0.8923942011549388,0.0,1.6302175000309944
0.1,19,20281220,120281220,hcrd_thresholded,z=3.5,0.002861073581838376,0.0,1.6302175000309944
0.1,20,20281221,120281221,ceemdan_final,tail=1,0.07773203212492451,0.0,1.7691590000176802
0.1,20,20281221,120281221,ceemdan_oracle_tail,tail=1,0.07773203212492451,0.0,1.7691590000176802
0.1,20,20281221,120281221,hcrd_centered,none,0.6069850603860513,0.0,1.7691590000176802
0.1,20,20281221,120281221,hcrd_thresholded,z=3.5,0.02078514302068771,0.0,1.7691590000176802
0.1,21,20281222,120281222,ceemdan_final,tail=1,0.020700940481738556,0.0,1.956164599978365
0.1,21,20281222,120281222,ceemdan_oracle_tail,tail=1,0.020700940481738556,0.0,1.956164599978365
0.1,21,20281222,120281222,hcrd_centered,none,0.9217500717565581,0.0,1.956164599978365
0.1,21,20281222,120281222,hcrd_thresholded,z=3.5,0.0018943481405200569,0.0,1.956164599978365
0.1,22,20281223,120281223,ceemdan_final,tail=1,0.0023626741128567265,0.0,1.56492429994978
0.1,22,20281223,120281223,ceemdan_oracle_tail,tail=1,0.0023626741128567265,0.0,1.56492429994978
0.1,22,20281223,120281223,hcrd_centered,none,0.8696298811480422,0.0,1.56492429994978
0.1,22,20281223,120281223,hcrd_thresholded,z=3.5,0.006039851074342977,0.0,1.56492429994978
0.1,23,20281224,120281224,ceemdan_final,tail=1,0.00022104765246119937,0.0,1.827291899942793
0.1,23,20281224,120281224,ceemdan_oracle_tail,tail=1,0.00022104765246119937,0.0,1.827291899942793
0.1,23,20281224,120281224,hcrd_centered,none,0.8180829761506885,0.0,1.827291899942793
0.1,23,20281224,120281224,hcrd_thresholded,z=3.5,0.004324758508880096,0.0,1.827291899942793
0.1,24,20281225,120281225,ceemdan_final,tail=1,0.0021333986737542515,0.0,1.5777336000464857
0.1,24,20281225,120281225,ceemdan_oracle_tail,tail=1,0.0021333986737542515,0.0,1.5777336000464857
0.1,24,20281225,120281225,hcrd_centered,none,1.003501695643016,0.0,1.5777336000464857
0.1,24,20281225,120281225,hcrd_thresholded,z=3.5,0.010019636883367062,0.0,1.5777336000464857
0.1,25,20281226,120281226,ceemdan_final,tail=1,0.006698953721122156,0.0,1.5029549000319093
0.1,25,20281226,120281226,ceemdan_oracle_tail,tail=1,0.006698953721122156,0.0,1.5029549000319093
0.1,25,20281226,120281226,hcrd_centered,none,1.0729873920910935,0.0,1.5029549000319093
0.1,25,20281226,120281226,hcrd_thresholded,z=3.5,0.004717985650740331,0.0,1.5029549000319093
0.1,26,20281227,120281227,ceemdan_final,tail=1,0.08579619738307596,0.0,1.585347699932754
0.1,26,20281227,120281227,ceemdan_oracle_tail,tail=1,0.08579619738307596,0.0,1.585347699932754
0.1,26,20281227,120281227,hcrd_centered,none,0.9748167692037877,0.0,1.585347699932754
0.1,26,20281227,120281227,hcrd_thresholded,z=3.5,0.004781095629674321,0.0,1.585347699932754
0.1,27,20281228,120281228,ceemdan_final,tail=1,0.0008036589593442678,0.0,1.4388741999864578
0.1,27,20281228,120281228,ceemdan_oracle_tail,tail=1,0.0008036589593442678,0.0,1.4388741999864578
0.1,27,20281228,120281228,hcrd_centered,none,0.6572525398288938,0.0,1.4388741999864578
0.1,27,20281228,120281228,hcrd_thresholded,z=3.5,0.00027542985118559086,0.0,1.4388741999864578
0.1,28,20281229,120281229,ceemdan_final,tail=1,0.01429453232911199,0.0,1.7630418000044301
0.1,28,20281229,120281229,ceemdan_oracle_tail,tail=1,0.01429453232911199,0.0,1.7630418000044301
0.1,28,20281229,120281229,hcrd_centered,none,0.44946414872154317,0.0,1.7630418000044301
0.1,28,20281229,120281229,hcrd_thresholded,z=3.5,0.0025389864846546957,0.0,1.7630418000044301
0.1,29,20281230,120281230,ceemdan_final,tail=1,0.013635267042322548,0.0,1.3361036999849603
0.1,29,20281230,120281230,ceemdan_oracle_tail,tail=1,0.013635267042322548,0.0,1.3361036999849603
0.1,29,20281230,120281230,hcrd_centered,none,0.7096312456409273,0.0,1.3361036999849603
0.1,29,20281230,120281230,hcrd_thresholded,z=3.5,0.004699072522476225,0.0,1.3361036999849603
0.1,30,20281231,120281231,ceemdan_final,tail=1,0.010586252503864746,0.0,1.706959499977529
0.1,30,20281231,120281231,ceemdan_oracle_tail,tail=1,0.010586252503864746,0.0,1.706959499977529
0.1,30,20281231,120281231,hcrd_centered,none,0.7551576100829297,0.0,1.706959499977529
0.1,30,20281231,120281231,hcrd_thresholded,z=3.5,0.007938770175321522,0.0,1.706959499977529
0.1,31,20281232,120281232,ceemdan_final,tail=1,0.06558628200303741,0.0,1.9410868999548256
0.1,31,20281232,120281232,ceemdan_oracle_tail,tail=1,0.06558628200303741,0.0,1.9410868999548256
0.1,31,20281232,120281232,hcrd_centered,none,0.45020889696277755,0.0,1.9410868999548256
0.1,31,20281232,120281232,hcrd_thresholded,z=3.5,0.021335506575560225,0.0,1.9410868999548256
0.1,32,20281233,120281233,ceemdan_final,tail=1,0.035657159646241166,0.0,1.6838601999916136
0.1,32,20281233,120281233,ceemdan_oracle_tail,tail=1,0.035657159646241166,0.0,1.6838601999916136
0.1,32,20281233,120281233,hcrd_centered,none,0.5096365186078559,0.0,1.6838601999916136
0.1,32,20281233,120281233,hcrd_thresholded,z=3.5,0.002064537198926732,0.0,1.6838601999916136
0.1,33,20281234,120281234,ceemdan_final,tail=1,0.0877733451108739,0.0,1.7754360999679193
0.1,33,20281234,120281234,ceemdan_oracle_tail,tail=1,0.0877733451108739,0.0,1.7754360999679193
0.1,33,20281234,120281234,hcrd_centered,none,0.9085243487626733,0.0,1.7754360999679193
0.1,33,20281234,120281234,hcrd_thresholded,z=3.5,0.0006066225397068738,0.0,1.7754360999679193
0.1,34,20281235,120281235,ceemdan_final,tail=1,0.1588574107085622,0.0,1.925728500005789
0.1,34,20281235,120281235,ceemdan_oracle_tail,tail=1,0.1588574107085622,0.0,1.925728500005789
0.1,34,20281235,120281235,hcrd_centered,none,1.016118251133332,0.0,1.925728500005789
0.1,34,20281235,120281235,hcrd_thresholded,z=3.5,0.006253671300601507,0.0,1.925728500005789
0.1,35,20281236,120281236,ceemdan_final,tail=1,0.0038918027154059886,0.0,2.348556699929759
0.1,35,20281236,120281236,ceemdan_oracle_tail,tail=1,0.0038918027154059886,0.0,2.348556699929759
0.1,35,20281236,120281236,hcrd_centered,none,0.6241428418626266,0.0,2.348556699929759
0.1,35,20281236,120281236,hcrd_thresholded,z=3.5,0.004694357963864229,0.0,2.348556699929759
0.1,36,20281237,120281237,ceemdan_final,tail=1,0.0009651664086266176,0.0,1.6273470000596717
0.1,36,20281237,120281237,ceemdan_oracle_tail,tail=1,0.0009651664086266176,0.0,1.6273470000596717
0.1,36,20281237,120281237,hcrd_centered,none,0.6449515007603226,0.0,1.6273470000596717
0.1,36,20281237,120281237,hcrd_thresholded,z=3.5,0.025873779768778523,0.0,1.6273470000596717
0.1,37,20281238,120281238,ceemdan_final,tail=1,0.0027236039268659852,0.0,1.8884203999768943
0.1,37,20281238,120281238,ceemdan_oracle_tail,tail=1,0.0027236039268659852,0.0,1.8884203999768943
0.1,37,20281238,120281238,hcrd_centered,none,0.8194691247748912,0.0,1.8884203999768943
0.1,37,20281238,120281238,hcrd_thresholded,z=3.5,0.0064527239209406706,0.0,1.8884203999768943
0.1,38,20281239,120281239,ceemdan_final,tail=1,0.03761731425934357,0.0,1.7046277000335976
0.1,38,20281239,120281239,ceemdan_oracle_tail,tail=1,0.03761731425934357,0.0,1.7046277000335976
0.1,38,20281239,120281239,hcrd_centered,none,0.9217431083894789,0.0,1.7046277000335976
0.1,38,20281239,120281239,hcrd_thresholded,z=3.5,0.00562268076021159,0.0,1.7046277000335976
0.1,39,20281240,120281240,ceemdan_final,tail=1,0.025325465752587897,0.0,1.4716902000363916
0.1,39,20281240,120281240,ceemdan_oracle_tail,tail=1,0.025325465752587897,0.0,1.4716902000363916
0.1,39,20281240,120281240,hcrd_centered,none,1.0470355294635443,0.0,1.4716902000363916
0.1,39,20281240,120281240,hcrd_thresholded,z=3.5,0.012628285132955178,0.0,1.4716902000363916
0.1,40,20281241,120281241,ceemdan_final,tail=1,0.014093060104190463,0.0,1.4385824999772012
0.1,40,20281241,120281241,ceemdan_oracle_tail,tail=1,0.014093060104190463,0.0,1.4385824999772012
0.1,40,20281241,120281241,hcrd_centered,none,0.6313180607790224,0.0,1.4385824999772012
0.1,40,20281241,120281241,hcrd_thresholded,z=3.5,0.005432409727595888,0.0,1.4385824999772012
0.1,41,20281242,120281242,ceemdan_final,tail=1,0.008009799615534354,0.0,1.8045521000167355
0.1,41,20281242,120281242,ceemdan_oracle_tail,tail=1,0.008009799615534354,0.0,1.8045521000167355
0.1,41,20281242,120281242,hcrd_centered,none,0.5040156973725227,0.0,1.8045521000167355
0.1,41,20281242,120281242,hcrd_thresholded,z=3.5,0.0030020910261419065,0.0,1.8045521000167355
0.1,42,20281243,120281243,ceemdan_final,tail=1,0.0064790337205536865,0.0,1.5934165999060497
0.1,42,20281243,120281243,ceemdan_oracle_tail,tail=1,0.0064790337205536865,0.0,1.5934165999060497
0.1,42,20281243,120281243,hcrd_centered,none,0.7712963586999096,0.0,1.5934165999060497
0.1,42,20281243,120281243,hcrd_thresholded,z=3.5,0.009520304885297846,0.0,1.5934165999060497
0.1,43,20281244,120281244,ceemdan_final,tail=1,0.013291243902491676,0.0,1.5161416999762878
0.1,43,20281244,120281244,ceemdan_oracle_tail,tail=1,0.013291243902491676,0.0,1.5161416999762878
0.1,43,20281244,120281244,hcrd_centered,none,0.743317993218933,0.0,1.5161416999762878
0.1,43,20281244,120281244,hcrd_thresholded,z=3.5,0.0030692288533485114,0.0,1.5161416999762878
0.1,44,20281245,120281245,ceemdan_final,tail=1,0.002735740419886404,0.0,1.74077929998748
0.1,44,20281245,120281245,ceemdan_oracle_tail,tail=1,0.002735740419886404,0.0,1.74077929998748
0.1,44,20281245,120281245,hcrd_centered,none,0.838264356546758,0.0,1.74077929998748
0.1,44,20281245,120281245,hcrd_thresholded,z=3.5,0.010419258043007133,0.0,1.74077929998748
0.1,45,20281246,120281246,ceemdan_final,tail=1,0.12491213667599421,0.0,1.4682356999255717
0.1,45,20281246,120281246,ceemdan_oracle_tail,tail=1,0.12491213667599421,0.0,1.4682356999255717
0.1,45,20281246,120281246,hcrd_centered,none,0.7360174954130366,0.0,1.4682356999255717
0.1,45,20281246,120281246,hcrd_thresholded,z=3.5,0.00010518487367612385,0.0,1.4682356999255717
0.1,46,20281247,120281247,ceemdan_final,tail=1,0.048008080999998363,0.0,1.387867399957031
0.1,46,20281247,120281247,ceemdan_oracle_tail,tail=1,0.048008080999998363,0.0,1.387867399957031
0.1,46,20281247,120281247,hcrd_centered,none,0.5520914349301299,0.0,1.387867399957031
0.1,46,20281247,120281247,hcrd_thresholded,z=3.5,0.011190032894409495,0.0,1.387867399957031
0.1,47,20281248,120281248,ceemdan_final,tail=1,0.0010227770108208946,0.0,1.3233528001001105
0.1,47,20281248,120281248,ceemdan_oracle_tail,tail=1,0.0010227770108208946,0.0,1.3233528001001105
0.1,47,20281248,120281248,hcrd_centered,none,0.7755067891197734,0.0,1.3233528001001105
0.1,47,20281248,120281248,hcrd_thresholded,z=3.5,0.0018561664515335382,0.0,1.3233528001001105
0.1,48,20281249,120281249,ceemdan_final,tail=1,0.00020568367550899557,0.0,1.2721793999662623
0.1,48,20281249,120281249,ceemdan_oracle_tail,tail=1,0.00020568367550899557,0.0,1.2721793999662623
0.1,48,20281249,120281249,hcrd_centered,none,0.7186093658629225,0.0,1.2721793999662623
0.1,48,20281249,120281249,hcrd_thresholded,z=3.5,0.0009557468439447732,0.0,1.2721793999662623
0.1,49,20281250,120281250,ceemdan_final,tail=1,0.014853613437288343,0.0,1.2372682000277564
0.1,49,20281250,120281250,ceemdan_oracle_tail,tail=1,0.014853613437288343,0.0,1.2372682000277564
0.1,49,20281250,120281250,hcrd_centered,none,0.6384876732095093,0.0,1.2372682000277564
0.1,49,20281250,120281250,hcrd_thresholded,z=3.5,0.015135770860812772,0.0,1.2372682000277564
