configuration,join_ratio,curvature_ratio,certified_region,trials,aware_exact_probability,aware_wilson_low,aware_wilson_high,naive_exact_probability,naive_wilson_low,naive_wilson_high,aware_minus_naive_exact,aware_mean_knot_f1,naive_mean_knot_f1,aware_mean_localisation_error_widths,naive_mean_localisation_error_widths,theorem_implication_violations,noise_only_theorem_implication_violations
"K=4,m=8,n=33",0.0,1.5,0,1000,0.827,0.8023165344033985,0.8491807655470485,0.827,0.8023165344033985,0.8491807655470485,0.0,0.938,0.938,0.02625,0.02625,0,0
"K=4,m=8,n=33",0.0,2.0,0,1000,1.0,0.996173241514445,1.0,1.0,0.996173241514445,1.0,0.0,1.0,1.0,0.0,0.0,0,0
"K=4,m=8,n=33",0.0,2.25,1,1000,1.0,0.996173241514445,1.0,1.0,0.996173241514445,1.0,0.0,1.0,1.0,0.0,0.0,0,0
"K=4,m=8,n=33",0.0,2.5,1,1000,1.0,0.996173241514445,1.0,1.0,0.996173241514445,1.0,0.0,1.0,1.0,0.0,0.0,0,0
"K=4,m=8,n=33",0.0,2.75,1,1000,1.0,0.996173241514445,1.0,1.0,0.996173241514445,1.0,0.0,1.0,1.0,0.0,0.0,0,0
"K=4,m=8,n=33",0.0,3.0,1,1000,1.0,0.996173241514445,1.0,1.0,0.996173241514445,1.0,0.0,1.0,1.0,0.0,0.0,0,0
"K=4,m=8,n=33",0.0,3.5,1,1000,1.0,0.996173241514445,1.0,1.0,0.996173241514445,1.0,0.0,1.0,1.0,0.0,0.0,0,0
"K=4,m=8,n=33",0.0,4.0,1,1000,1.0,0.996173241514445,1.0,1.0,0.996173241514445,1.0,0.0,1.0,1.0,0.0,0.0,0,0
"K=4,m=8,n=33",0.0,4.5,1,1000,1.0,0.996173241514445,1.0,1.0,0.996173241514445,1.0,0.0,1.0,1.0,0.0,0.0,0,0
"K=4,m=8,n=33",0.25,1.5,0,1000,0.444,0.4134777594602898,0.4749508374900924,0.894,0.8733895811764342,0.9115949331369485,-0.45,0.7523333333333333,0.9633333333333333,0.09675,0.0155,0,0
"K=4,m=8,n=33",0.25,2.0,0,1000,0.992,0.9842936654690199,0.995940804181194,1.0,0.996173241514445,1.0,-0.008,0.9973333333333333,1.0,0.001125,0.0,0,0
"K=4,m=8,n=33",0.25,2.25,0,1000,1.0,0.996173241514445,1.0,1.0,0.996173241514445,1.0,0.0,1.0,1.0,0.0,0.0,0,0
"K=4,m=8,n=33",0.25,2.5,1,1000,1.0,0.996173241514445,1.0,1.0,0.996173241514445,1.0,0.0,1.0,1.0,0.0,0.0,0,0
"K=4,m=8,n=33",0.25,2.75,1,1000,1.0,0.996173241514445,1.0,1.0,0.996173241514445,1.0,0.0,1.0,1.0,0.0,0.0,0,0
"K=4,m=8,n=33",0.25,3.0,1,1000,1.0,0.996173241514445,1.0,1.0,0.996173241514445,1.0,0.0,1.0,1.0,0.0,0.0,0,0
"K=4,m=8,n=33",0.25,3.5,1,1000,1.0,0.996173241514445,1.0,1.0,0.996173241514445,1.0,0.0,1.0,1.0,0.0,0.0,0,0
"K=4,m=8,n=33",0.25,4.0,1,1000,1.0,0.996173241514445,1.0,1.0,0.996173241514445,1.0,0.0,1.0,1.0,0.0,0.0,0,0
"K=4,m=8,n=33",0.25,4.5,1,1000,1.0,0.996173241514445,1.0,1.0,0.996173241514445,1.0,0.0,1.0,1.0,0.0,0.0,0,0
"K=4,m=8,n=33",0.5,1.5,0,1000,0.038,0.02780900450930263,0.05172692033135032,0.936,0.9190992674988255,0.9495637991017706,-0.898,0.3444,0.9786666666666668,0.24475,0.009375,0,0
"K=4,m=8,n=33",0.5,2.0,0,1000,0.904,0.8841648792420682,0.9207430999016033,1.0,0.996173241514445,1.0,-0.096,0.967,1.0,0.01525,0.0,0,0
"K=4,m=8,n=33",0.5,2.25,0,1000,0.992,0.9842936654690199,0.995940804181194,1.0,0.996173241514445,1.0,-0.008,0.9973333333333333,1.0,0.00125,0.0,0,0
"K=4,m=8,n=33",0.5,2.5,0,1000,1.0,0.996173241514445,1.0,1.0,0.996173241514445,1.0,0.0,1.0,1.0,0.0,0.0,0,0
"K=4,m=8,n=33",0.5,2.75,1,1000,1.0,0.996173241514445,1.0,1.0,0.996173241514445,1.0,0.0,1.0,1.0,0.0,0.0,0,0
"K=4,m=8,n=33",0.5,3.0,1,1000,1.0,0.996173241514445,1.0,1.0,0.996173241514445,1.0,0.0,1.0,1.0,0.0,0.0,0,0
"K=4,m=8,n=33",0.5,3.5,1,1000,1.0,0.996173241514445,1.0,1.0,0.996173241514445,1.0,0.0,1.0,1.0,0.0,0.0,0,0
"K=4,m=8,n=33",0.5,4.0,1,1000,1.0,0.996173241514445,1.0,1.0,0.996173241514445,1.0,0.0,1.0,1.0,0.0,0.0,0,0
"K=4,m=8,n=33",0.5,4.5,1,1000,1.0,0.996173241514445,1.0,1.0,0.996173241514445,1.0,0.0,1.0,1.0,0.0,0.0,0,0
"K=4,m=8,n=33",1.0,1.5,0,1000,0.0,2.168404344971009e-19,0.0038267584855551234,0.995,0.9883490446266249,0.9978624644726756,-0.995,0.004033333333333333,0.9983333333333333,3.40375,0.000625,0,0
"K=4,m=8,n=33",1.0,2.0,0,1000,0.084,0.0683588136777643,0.10282504938221758,1.0,0.996173241514445,1.0,-0.916,0.43133333333333324,1.0,0.2425,0.0,0,0
"K=4,m=8,n=33",1.0,2.25,0,1000,0.549,0.5180304041955376,0.5795945734728781,1.0,0.996173241514445,1.0,-0.451,0.8183333333333332,1.0,0.0915,0.0,0,0
"K=4,m=8,n=33",1.0,2.5,0,1000,0.936,0.9190992674988255,0.9495637991017706,1.0,0.996173241514445,1.0,-0.064,0.9786666666666666,1.0,0.011875,0.0,0,0
"K=4,m=8,n=33",1.0,2.75,0,1000,0.996,0.9897604437227377,0.9984434118595916,1.0,0.996173241514445,1.0,-0.004,0.9986666666666666,1.0,0.000625,0.0,0,0
"K=4,m=8,n=33",1.0,3.0,0,1000,1.0,0.996173241514445,1.0,1.0,0.996173241514445,1.0,0.0,1.0,1.0,0.0,0.0,0,0
"K=4,m=8,n=33",1.0,3.5,1,1000,1.0,0.996173241514445,1.0,1.0,0.996173241514445,1.0,0.0,1.0,1.0,0.0,0.0,0,0
"K=4,m=8,n=33",1.0,4.0,1,1000,1.0,0.996173241514445,1.0,1.0,0.996173241514445,1.0,0.0,1.0,1.0,0.0,0.0,0,0
"K=4,m=8,n=33",1.0,4.5,1,1000,1.0,0.996173241514445,1.0,1.0,0.996173241514445,1.0,0.0,1.0,1.0,0.0,0.0,0,0
"K=4,m=8,n=33",1.5,1.5,0,1000,0.0,2.168404344971009e-19,0.0038267584855551234,0.945,0.9290916123226243,0.9575025726252315,-0.945,0.0,0.9816666666666666,4.1225,0.006875,0,0
"K=4,m=8,n=33",1.5,2.0,0,1000,0.0,2.168404344971009e-19,0.0038267584855551234,1.0,0.996173241514445,1.0,-1.0,0.004066666666666666,1.0,3.34425,0.0,0,0
"K=4,m=8,n=33",1.5,2.25,0,1000,0.0,2.168404344971009e-19,0.0038267584855551234,1.0,0.996173241514445,1.0,-1.0,0.11436666666666667,1.0,1.168625,0.0,0,0
"K=4,m=8,n=33",1.5,2.5,0,1000,0.111,0.09299921045824965,0.13197800764351225,1.0,0.996173241514445,1.0,-0.889,0.47733333333333333,1.0,0.25725,0.0,0,0
"K=4,m=8,n=33",1.5,2.75,0,1000,0.588,0.5572138017865,0.6181126887200421,1.0,0.996173241514445,1.0,-0.412,0.8376666666666667,1.0,0.09,0.0,0,0
"K=4,m=8,n=33",1.5,3.0,0,1000,0.936,0.9190992674988255,0.9495637991017706,1.0,0.996173241514445,1.0,-0.064,0.978,1.0,0.011875,0.0,0,0
"K=4,m=8,n=33",1.5,3.5,0,1000,0.999,0.9943574414020421,0.9998234536293739,1.0,0.996173241514445,1.0,-0.001,0.9996666666666666,1.0,0.000125,0.0,0,0
"K=4,m=8,n=33",1.5,4.0,1,1000,1.0,0.996173241514445,1.0,1.0,0.996173241514445,1.0,0.0,1.0,1.0,0.0,0.0,0,0
"K=4,m=8,n=33",1.5,4.5,1,1000,1.0,0.996173241514445,1.0,1.0,0.996173241514445,1.0,0.0,1.0,1.0,0.0,0.0,0,0
"K=4,m=8,n=33",2.0,1.5,0,1000,0.0,2.168404344971009e-19,0.0038267584855551234,0.255,0.2289585370509225,0.2829165746069995,-0.255,0.0,0.64,4.125,0.093125,0,0
"K=4,m=8,n=33",2.0,2.0,0,1000,0.0,2.168404344971009e-19,0.0038267584855551234,0.987,0.9778855576244203,0.9923871796106489,-0.987,0.0,0.9956666666666667,4.125,0.001625,0,0
"K=4,m=8,n=33",2.0,2.25,0,1000,0.0,2.168404344971009e-19,0.0038267584855551234,1.0,0.996173241514445,1.0,-1.0,0.001,1.0,4.07775,0.0,0,0
"K=4,m=8,n=33",2.0,2.5,0,1000,0.0,2.168404344971009e-19,0.0038267584855551234,1.0,0.996173241514445,1.0,-1.0,0.009533333333333333,1.0,3.4065,0.0,0,0
"K=4,m=8,n=33",2.0,2.75,0,1000,0.007,0.0033948684009907646,0.014378315465766588,1.0,0.996173241514445,1.0,-0.993,0.14073333333333335,1.0,1.162625,0.0,0,0
"K=4,m=8,n=33",2.0,3.0,0,1000,0.122,0.10314874471332984,0.14374428470174982,1.0,0.996173241514445,1.0,-0.878,0.5007333333333333,1.0,0.258375,0.0,0,0
"K=4,m=8,n=33",2.0,3.5,0,1000,0.929,0.9113863365698452,0.9433303046495486,1.0,0.996173241514445,1.0,-0.071,0.9763333333333334,1.0,0.01575,0.0,0,0
"K=4,m=8,n=33",2.0,4.0,0,1000,0.999,0.9943574414020421,0.9998234536293739,1.0,0.996173241514445,1.0,-0.001,0.9996666666666666,1.0,0.00025,0.0,0,0
"K=4,m=8,n=33",2.0,4.5,1,1000,1.0,0.996173241514445,1.0,1.0,0.996173241514445,1.0,0.0,1.0,1.0,0.0,0.0,0,0
"K=8,m=16,n=129",0.0,1.5,0,1000,0.799,0.7730388134679094,0.8226727849577289,0.799,0.7730388134679094,0.8226727849577289,0.0,0.9687142857142857,0.9687142857142857,0.0143125,0.0143125,0,0
"K=8,m=16,n=129",0.0,2.0,0,1000,1.0,0.996173241514445,1.0,1.0,0.996173241514445,1.0,0.0,1.0,1.0,0.0,0.0,0,0
"K=8,m=16,n=129",0.0,2.25,1,1000,1.0,0.996173241514445,1.0,1.0,0.996173241514445,1.0,0.0,1.0,1.0,0.0,0.0,0,0
"K=8,m=16,n=129",0.0,2.5,1,1000,1.0,0.996173241514445,1.0,1.0,0.996173241514445,1.0,0.0,1.0,1.0,0.0,0.0,0,0
"K=8,m=16,n=129",0.0,2.75,1,1000,1.0,0.996173241514445,1.0,1.0,0.996173241514445,1.0,0.0,1.0,1.0,0.0,0.0,0,0
"K=8,m=16,n=129",0.0,3.0,1,1000,1.0,0.996173241514445,1.0,1.0,0.996173241514445,1.0,0.0,1.0,1.0,0.0,0.0,0,0
"K=8,m=16,n=129",0.0,3.5,1,1000,1.0,0.996173241514445,1.0,1.0,0.996173241514445,1.0,0.0,1.0,1.0,0.0,0.0,0,0
"K=8,m=16,n=129",0.0,4.0,1,1000,1.0,0.996173241514445,1.0,1.0,0.996173241514445,1.0,0.0,1.0,1.0,0.0,0.0,0,0
"K=8,m=16,n=129",0.0,4.5,1,1000,1.0,0.996173241514445,1.0,1.0,0.996173241514445,1.0,0.0,1.0,1.0,0.0,0.0,0,0
"K=8,m=16,n=129",0.25,1.5,0,1000,0.143,0.12266731749770252,0.16606498806098383,0.811,0.7855616182967687,0.8340581379252162,-0.668,0.7585714285714285,0.972,0.0816875,0.0138125,0,0
"K=8,m=16,n=129",0.25,2.0,0,1000,0.992,0.9842936654690199,0.995940804181194,1.0,0.996173241514445,1.0,-0.008,0.9988571428571429,1.0,0.0005,0.0,0,0
"K=8,m=16,n=129",0.25,2.25,0,1000,1.0,0.996173241514445,1.0,1.0,0.996173241514445,1.0,0.0,1.0,1.0,0.0,0.0,0,0
"K=8,m=16,n=129",0.25,2.5,1,1000,1.0,0.996173241514445,1.0,1.0,0.996173241514445,1.0,0.0,1.0,1.0,0.0,0.0,0,0
"K=8,m=16,n=129",0.25,2.75,1,1000,1.0,0.996173241514445,1.0,1.0,0.996173241514445,1.0,0.0,1.0,1.0,0.0,0.0,0,0
"K=8,m=16,n=129",0.25,3.0,1,1000,1.0,0.996173241514445,1.0,1.0,0.996173241514445,1.0,0.0,1.0,1.0,0.0,0.0,0,0
"K=8,m=16,n=129",0.25,3.5,1,1000,1.0,0.996173241514445,1.0,1.0,0.996173241514445,1.0,0.0,1.0,1.0,0.0,0.0,0,0
"K=8,m=16,n=129",0.25,4.0,1,1000,1.0,0.996173241514445,1.0,1.0,0.996173241514445,1.0,0.0,1.0,1.0,0.0,0.0,0,0
"K=8,m=16,n=129",0.25,4.5,1,1000,1.0,0.996173241514445,1.0,1.0,0.996173241514445,1.0,0.0,1.0,1.0,0.0,0.0,0,0
"K=8,m=16,n=129",0.5,1.5,0,1000,0.0,2.168404344971009e-19,0.0038267584855551234,0.874,0.8519904953398139,0.8931470893129909,-0.874,0.2809999999999999,0.981,0.1611875,0.008625,0,0
"K=8,m=16,n=129",0.5,2.0,0,1000,0.85,0.8265313415731996,0.8707899274869118,1.0,0.996173241514445,1.0,-0.15,0.9771428571428572,1.0,0.011125,0.0,0,0
"K=8,m=16,n=129",0.5,2.25,0,1000,0.993,0.9856216845342334,0.9966051315990092,1.0,0.996173241514445,1.0,-0.007,0.999,1.0,0.0004375,0.0,0,0
"K=8,m=16,n=129",0.5,2.5,0,1000,1.0,0.996173241514445,1.0,1.0,0.996173241514445,1.0,0.0,1.0,1.0,0.0,0.0,0,0
"K=8,m=16,n=129",0.5,2.75,1,1000,1.0,0.996173241514445,1.0,1.0,0.996173241514445,1.0,0.0,1.0,1.0,0.0,0.0,0,0
"K=8,m=16,n=129",0.5,3.0,1,1000,1.0,0.996173241514445,1.0,1.0,0.996173241514445,1.0,0.0,1.0,1.0,0.0,0.0,0,0
"K=8,m=16,n=129",0.5,3.5,1,1000,1.0,0.996173241514445,1.0,1.0,0.996173241514445,1.0,0.0,1.0,1.0,0.0,0.0,0,0
"K=8,m=16,n=129",0.5,4.0,1,1000,1.0,0.996173241514445,1.0,1.0,0.996173241514445,1.0,0.0,1.0,1.0,0.0,0.0,0,0
"K=8,m=16,n=129",0.5,4.5,1,1000,1.0,0.996173241514445,1.0,1.0,0.996173241514445,1.0,0.0,1.0,1.0,0.0,0.0,0,0
"K=8,m=16,n=129",1.0,1.5,0,1000,0.0,2.168404344971009e-19,0.0038267584855551234,0.965,0.9517133776255466,0.9747277369828871,-0.965,0.00022222222222222223,0.9948571428571429,5.57625,0.002375,0,0
"K=8,m=16,n=129",1.0,2.0,0,1000,0.002,0.000548643588120728,0.007262807863492177,1.0,0.996173241514445,1.0,-0.998,0.3365714285714286,1.0,0.158875,0.0,0,0
"K=8,m=16,n=129",1.0,2.25,0,1000,0.203,0.17922817876013142,0.2290449157802884,1.0,0.996173241514445,1.0,-0.797,0.8094285714285714,1.0,0.07675,0.0,0,0
"K=8,m=16,n=129",1.0,2.5,0,1000,0.873,0.8509252474282143,0.8922199907415616,1.0,0.996173241514445,1.0,-0.127,0.9807142857142858,1.0,0.009875,0.0,0,0
"K=8,m=16,n=129",1.0,2.75,0,1000,0.999,0.9943574414020421,0.9998234536293739,1.0,0.996173241514445,1.0,-0.001,0.9998571428571429,1.0,6.25e-05,0.0,0,0
"K=8,m=16,n=129",1.0,3.0,0,1000,1.0,0.996173241514445,1.0,1.0,0.996173241514445,1.0,0.0,1.0,1.0,0.0,0.0,0,0
"K=8,m=16,n=129",1.0,3.5,1,1000,1.0,0.996173241514445,1.0,1.0,0.996173241514445,1.0,0.0,1.0,1.0,0.0,0.0,0,0
"K=8,m=16,n=129",1.0,4.0,1,1000,1.0,0.996173241514445,1.0,1.0,0.996173241514445,1.0,0.0,1.0,1.0,0.0,0.0,0,0
"K=8,m=16,n=129",1.0,4.5,1,1000,1.0,0.996173241514445,1.0,1.0,0.996173241514445,1.0,0.0,1.0,1.0,0.0,0.0,0,0
"K=8,m=16,n=129",1.5,1.5,0,1000,0.0,2.168404344971009e-19,0.0038267584855551234,0.311,0.2830785879940784,0.34036792671346144,-0.311,0.0,0.8455714285714284,8.0625,0.0430625,0,0
"K=8,m=16,n=129",1.5,2.0,0,1000,0.0,2.168404344971009e-19,0.0038267584855551234,1.0,0.996173241514445,1.0,-1.0,0.0010666666666666667,1.0,5.4188125,0.0,0,0
"K=8,m=16,n=129",1.5,2.25,0,1000,0.0,2.168404344971009e-19,0.0038267584855551234,1.0,0.996173241514445,1.0,-1.0,0.04931858141858142,1.0,0.851875,0.0,0,0
"K=8,m=16,n=129",1.5,2.5,0,1000,0.0,2.168404344971009e-19,0.0038267584855551234,1.0,0.996173241514445,1.0,-1.0,0.37471428571428567,1.0,0.1615,0.0,0,0
"K=8,m=16,n=129",1.5,2.75,0,1000,0.291,0.2636897827038124,0.3199098023431496,1.0,0.996173241514445,1.0,-0.709,0.8388571428571427,1.0,0.0711875,0.0,0,0
"K=8,m=16,n=129",1.5,3.0,0,1000,0.887,0.8658784472486151,0.9051596416835653,1.0,0.996173241514445,1.0,-0.113,0.9824285714285715,1.0,0.0098125,0.0,0,0
"K=8,m=16,n=129",1.5,3.5,0,1000,1.0,0.996173241514445,1.0,1.0,0.996173241514445,1.0,0.0,1.0,1.0,0.0,0.0,0,0
"K=8,m=16,n=129",1.5,4.0,1,1000,1.0,0.996173241514445,1.0,1.0,0.996173241514445,1.0,0.0,1.0,1.0,0.0,0.0,0,0
"K=8,m=16,n=129",1.5,4.5,1,1000,1.0,0.996173241514445,1.0,1.0,0.996173241514445,1.0,0.0,1.0,1.0,0.0,0.0,0,0
"K=8,m=16,n=129",2.0,1.5,0,1000,0.0,2.168404344971009e-19,0.0038267584855551234,0.0,2.168404344971009e-19,0.0038267584855551234,0.0,0.0,0.1137142857142857,8.0625,0.0625,0,0
"K=8,m=16,n=129",2.0,2.0,0,1000,0.0,2.168404344971009e-19,0.0038267584855551234,0.556,0.5250491625099077,0.5865222405397102,-0.556,0.0,0.9195714285714287,8.0625,0.02775,0,0
"K=8,m=16,n=129",2.0,2.25,0,1000,0.0,2.168404344971009e-19,0.0038267584855551234,0.983,0.9729440411597701,0.9893593101431837,-0.983,0.0,0.9975714285714286,7.9605,0.0010625,0,0
"K=8,m=16,n=129",2.0,2.5,0,1000,0.0,2.168404344971009e-19,0.0038267584855551234,1.0,0.996173241514445,1.0,-1.0,0.00065,1.0,5.4970625,0.0,0,0
"K=8,m=16,n=129",2.0,2.75,0,1000,0.0,2.168404344971009e-19,0.0038267584855551234,1.0,0.996173241514445,1.0,-1.0,0.062337895437895426,1.0,0.9421875,0.0,0,0
"K=8,m=16,n=129",2.0,3.0,0,1000,0.001,0.00017654637062607852,0.0056425585979579355,1.0,0.996173241514445,1.0,-0.999,0.42028571428571426,1.0,0.1615,0.0,0,0
"K=8,m=16,n=129",2.0,3.5,0,1000,0.888,0.8669499763240903,0.906080459091119,1.0,0.996173241514445,1.0,-0.112,0.9831428571428572,1.0,0.010375,0.0,0,0
"K=8,m=16,n=129",2.0,4.0,0,1000,1.0,0.996173241514445,1.0,1.0,0.996173241514445,1.0,0.0,1.0,1.0,0.0,0.0,0,0
"K=8,m=16,n=129",2.0,4.5,1,1000,1.0,0.996173241514445,1.0,1.0,0.996173241514445,1.0,0.0,1.0,1.0,0.0,0.0,0,0
"K=8,m=8,n=65",0.0,1.5,0,1000,0.772,0.7449850163320579,0.7969332270518001,0.772,0.7449850163320579,0.7969332270518001,0.0,0.9632857142857144,0.9632857142857144,0.035625,0.035625,0,0
"K=8,m=8,n=65",0.0,2.0,0,1000,1.0,0.996173241514445,1.0,1.0,0.996173241514445,1.0,0.0,1.0,1.0,0.0,0.0,0,0
"K=8,m=8,n=65",0.0,2.25,1,1000,1.0,0.996173241514445,1.0,1.0,0.996173241514445,1.0,0.0,1.0,1.0,0.0,0.0,0,0
"K=8,m=8,n=65",0.0,2.5,1,1000,1.0,0.996173241514445,1.0,1.0,0.996173241514445,1.0,0.0,1.0,1.0,0.0,0.0,0,0
"K=8,m=8,n=65",0.0,2.75,1,1000,1.0,0.996173241514445,1.0,1.0,0.996173241514445,1.0,0.0,1.0,1.0,0.0,0.0,0,0
"K=8,m=8,n=65",0.0,3.0,1,1000,1.0,0.996173241514445,1.0,1.0,0.996173241514445,1.0,0.0,1.0,1.0,0.0,0.0,0,0
"K=8,m=8,n=65",0.0,3.5,1,1000,1.0,0.996173241514445,1.0,1.0,0.996173241514445,1.0,0.0,1.0,1.0,0.0,0.0,0,0
"K=8,m=8,n=65",0.0,4.0,1,1000,1.0,0.996173241514445,1.0,1.0,0.996173241514445,1.0,0.0,1.0,1.0,0.0,0.0,0,0
"K=8,m=8,n=65",0.0,4.5,1,1000,1.0,0.996173241514445,1.0,1.0,0.996173241514445,1.0,0.0,1.0,1.0,0.0,0.0,0,0
"K=8,m=8,n=65",0.25,1.5,0,1000,0.158,0.13670765691270592,0.1819098458914138,0.807,0.781383383844143,0.8302669864457263,-0.649,0.7644285714285713,0.9698571428571429,0.160125,0.030125,0,0
"K=8,m=8,n=65",0.25,2.0,0,1000,0.992,0.9842936654690199,0.995940804181194,1.0,0.996173241514445,1.0,-0.008,0.9988571428571429,1.0,0.00125,0.0,0,0
"K=8,m=8,n=65",0.25,2.25,0,1000,1.0,0.996173241514445,1.0,1.0,0.996173241514445,1.0,0.0,1.0,1.0,0.0,0.0,0,0
"K=8,m=8,n=65",0.25,2.5,1,1000,1.0,0.996173241514445,1.0,1.0,0.996173241514445,1.0,0.0,1.0,1.0,0.0,0.0,0,0
"K=8,m=8,n=65",0.25,2.75,1,1000,1.0,0.996173241514445,1.0,1.0,0.996173241514445,1.0,0.0,1.0,1.0,0.0,0.0,0,0
"K=8,m=8,n=65",0.25,3.0,1,1000,1.0,0.996173241514445,1.0,1.0,0.996173241514445,1.0,0.0,1.0,1.0,0.0,0.0,0,0
"K=8,m=8,n=65",0.25,3.5,1,1000,1.0,0.996173241514445,1.0,1.0,0.996173241514445,1.0,0.0,1.0,1.0,0.0,0.0,0,0
"K=8,m=8,n=65",0.25,4.0,1,1000,1.0,0.996173241514445,1.0,1.0,0.996173241514445,1.0,0.0,1.0,1.0,0.0,0.0,0,0
"K=8,m=8,n=65",0.25,4.5,1,1000,1.0,0.996173241514445,1.0,1.0,0.996173241514445,1.0,0.0,1.0,1.0,0.0,0.0,0,0
"K=8,m=8,n=65",0.5,1.5,0,1000,0.0,2.168404344971009e-19,0.0038267584855551234,0.88,0.8583909241522872,0.8987007393986909,-0.88,0.3379560439560439,0.9811428571428571,0.31325,0.017375,0,0
"K=8,m=8,n=65",0.5,2.0,0,1000,0.846,0.8223081403024968,0.8670437428254991,1.0,0.996173241514445,1.0,-0.154,0.9761428571428571,1.0,0.025875,0.0,0,0
"K=8,m=8,n=65",0.5,2.25,0,1000,0.996,0.9897604437227377,0.9984434118595916,1.0,0.996173241514445,1.0,-0.004,0.9994285714285714,1.0,0.0005,0.0,0,0
"K=8,m=8,n=65",0.5,2.5,0,1000,1.0,0.996173241514445,1.0,1.0,0.996173241514445,1.0,0.0,1.0,1.0,0.0,0.0,0,0
"K=8,m=8,n=65",0.5,2.75,1,1000,1.0,0.996173241514445,1.0,1.0,0.996173241514445,1.0,0.0,1.0,1.0,0.0,0.0,0,0
"K=8,m=8,n=65",0.5,3.0,1,1000,1.0,0.996173241514445,1.0,1.0,0.996173241514445,1.0,0.0,1.0,1.0,0.0,0.0,0,0
"K=8,m=8,n=65",0.5,3.5,1,1000,1.0,0.996173241514445,1.0,1.0,0.996173241514445,1.0,0.0,1.0,1.0,0.0,0.0,0,0
"K=8,m=8,n=65",0.5,4.0,1,1000,1.0,0.996173241514445,1.0,1.0,0.996173241514445,1.0,0.0,1.0,1.0,0.0,0.0,0,0
"K=8,m=8,n=65",0.5,4.5,1,1000,1.0,0.996173241514445,1.0,1.0,0.996173241514445,1.0,0.0,1.0,1.0,0.0,0.0,0,0
"K=8,m=8,n=65",1.0,1.5,0,1000,0.0,2.168404344971009e-19,0.0038267584855551234,0.995,0.9883490446266249,0.9978624644726756,-0.995,0.0026500000000000004,0.9992857142857142,6.31,0.000625,0,0
"K=8,m=8,n=65",1.0,2.0,0,1000,0.002,0.000548643588120728,0.007262807863492177,1.0,0.996173241514445,1.0,-0.998,0.42383516483516487,1.0,0.318625,0.0,0,0
"K=8,m=8,n=65",1.0,2.25,0,1000,0.255,0.2289585370509225,0.2829165746069995,1.0,0.996173241514445,1.0,-0.745,0.8292857142857142,1.0,0.1605,0.0,0,0
"K=8,m=8,n=65",1.0,2.5,0,1000,0.865,0.8424178447972049,0.8847886215083399,1.0,0.996173241514445,1.0,-0.135,0.9800000000000001,1.0,0.025,0.0,0,0
"K=8,m=8,n=65",1.0,2.75,0,1000,0.987,0.9778855576244203,0.9923871796106489,1.0,0.996173241514445,1.0,-0.013,0.9981428571428571,1.0,0.002125,0.0,0,0
"K=8,m=8,n=65",1.0,3.0,0,1000,1.0,0.996173241514445,1.0,1.0,0.996173241514445,1.0,0.0,1.0,1.0,0.0,0.0,0,0
"K=8,m=8,n=65",1.0,3.5,1,1000,1.0,0.996173241514445,1.0,1.0,0.996173241514445,1.0,0.0,1.0,1.0,0.0,0.0,0,0
"K=8,m=8,n=65",1.0,4.0,1,1000,1.0,0.996173241514445,1.0,1.0,0.996173241514445,1.0,0.0,1.0,1.0,0.0,0.0,0,0
"K=8,m=8,n=65",1.0,4.5,1,1000,1.0,0.996173241514445,1.0,1.0,0.996173241514445,1.0,0.0,1.0,1.0,0.0,0.0,0,0
"K=8,m=8,n=65",1.5,1.5,0,1000,0.0,2.168404344971009e-19,0.0038267584855551234,0.894,0.8733895811764342,0.9115949331369485,-0.894,0.0,0.9837142857142858,8.125,0.01325,0,0
"K=8,m=8,n=65",1.5,2.0,0,1000,0.0,2.168404344971009e-19,0.0038267584855551234,1.0,0.996173241514445,1.0,-1.0,0.006631818181818182,1.0,6.535125,0.0,0,0
"K=8,m=8,n=65",1.5,2.25,0,1000,0.0,2.168404344971009e-19,0.0038267584855551234,1.0,0.996173241514445,1.0,-1.0,0.10669997224997224,1.0,1.793125,0.0,0,0
"K=8,m=8,n=65",1.5,2.5,0,1000,0.005,0.0021375355273244596,0.011650955373375113,1.0,0.996173241514445,1.0,-0.995,0.48341758241758237,1.0,0.328625,0.0,0,0
"K=8,m=8,n=65",1.5,2.75,0,1000,0.335,0.30642688114062866,0.3648359491596046,1.0,0.996173241514445,1.0,-0.665,0.8542857142857142,1.0,0.153625,0.0,0,0
"K=8,m=8,n=65",1.5,3.0,0,1000,0.865,0.8424178447972049,0.8847886215083399,1.0,0.996173241514445,1.0,-0.135,0.9787142857142858,1.0,0.029,0.0,0,0
"K=8,m=8,n=65",1.5,3.5,0,1000,1.0,0.996173241514445,1.0,1.0,0.996173241514445,1.0,0.0,1.0,1.0,0.0,0.0,0,0
"K=8,m=8,n=65",1.5,4.0,1,1000,1.0,0.996173241514445,1.0,1.0,0.996173241514445,1.0,0.0,1.0,1.0,0.0,0.0,0,0
"K=8,m=8,n=65",1.5,4.5,1,1000,1.0,0.996173241514445,1.0,1.0,0.996173241514445,1.0,0.0,1.0,1.0,0.0,0.0,0,0
"K=8,m=8,n=65",2.0,1.5,0,1000,0.0,2.168404344971009e-19,0.0038267584855551234,0.041,0.030364971082098312,0.055147993207641306,-0.041,0.0,0.6401428571428571,8.125,0.119875,0,0
"K=8,m=8,n=65",2.0,2.0,0,1000,0.0,2.168404344971009e-19,0.0038267584855551234,0.983,0.9729440411597701,0.9893593101431837,-0.983,0.0,0.9974285714285716,8.123,0.002125,0,0
"K=8,m=8,n=65",2.0,2.25,0,1000,0.0,2.168404344971009e-19,0.0038267584855551234,1.0,0.996173241514445,1.0,-1.0,0.0,1.0,8.00375,0.0,0,0
"K=8,m=8,n=65",2.0,2.5,0,1000,0.0,2.168404344971009e-19,0.0038267584855551234,1.0,0.996173241514445,1.0,-1.0,0.010654040404040405,1.0,6.505875,0.0,0,0
"K=8,m=8,n=65",2.0,2.75,0,1000,0.0,2.168404344971009e-19,0.0038267584855551234,1.0,0.996173241514445,1.0,-1.0,0.13437137862137863,1.0,1.85875,0.0,0,0
"K=8,m=8,n=65",2.0,3.0,0,1000,0.009,0.0047420606674770625,0.01701581616533807,1.0,0.996173241514445,1.0,-0.991,0.4934175824175824,1.0,0.33575,0.0,0,0
"K=8,m=8,n=65",2.0,3.5,0,1000,0.863,0.8402949039724817,0.8829268693670053,1.0,0.996173241514445,1.0,-0.137,0.9797142857142858,1.0,0.031375,0.0,0,0
"K=8,m=8,n=65",2.0,4.0,0,1000,0.999,0.9943574414020421,0.9998234536293739,1.0,0.996173241514445,1.0,-0.001,0.9998571428571429,1.0,0.00025,0.0,0,0
"K=8,m=8,n=65",2.0,4.5,1,1000,1.0,0.996173241514445,1.0,1.0,0.996173241514445,1.0,0.0,1.0,1.0,0.0,0.0,0,0
