background_id,file,block_index,suite,injection,method,parameter,baseline_mse,detail_mse
0,sample1.mzML,6,single,32:96:0.35:1,hcrd_l1,level=1,0.19923540088820382,0.19923540088820382
0,sample1.mzML,6,single,32:96:0.35:1,hcrd_l8,depth=6,0.13364467034476,0.13364467034476
0,sample1.mzML,6,single,32:96:0.35:1,gaussian_oracle,sigma=1,0.1674581768370654,0.1674581768370654
0,sample1.mzML,6,single,32:96:0.35:1,savgol_oracle,window=9;poly=3,0.16972054956193,0.16972054956193
0,sample1.mzML,6,single,32:96:0.35:1,morph_open_oracle,size=65,0.13890993829570453,0.1389099382957045
0,sample1.mzML,6,single,32:96:0.35:1,asls_oracle,lambda=1e+06;p=0.05,0.11850008047617273,0.1185000804761727
0,sample1.mzML,6,single,32:96:0.35:1,wavelet_oracle,level=1,0.16618510761292182,0.16618510761292182
0,sample1.mzML,6,nested,16:112:0.35:1.0;40:88:0.65:0.6;56:72:0.5:0.3,hcrd_l1,level=1,0.5505142603915804,0.5505142603915804
0,sample1.mzML,6,nested,16:112:0.35:1.0;40:88:0.65:0.6;56:72:0.5:0.3,hcrd_l8,depth=6,0.13364467034476,0.13364467034476
0,sample1.mzML,6,nested,16:112:0.35:1.0;40:88:0.65:0.6;56:72:0.5:0.3,gaussian_oracle,sigma=32,0.3475973581329947,0.34759735813299464
0,sample1.mzML,6,nested,16:112:0.35:1.0;40:88:0.65:0.6;56:72:0.5:0.3,savgol_oracle,window=97;poly=3,0.48129439385962236,0.48129439385962236
0,sample1.mzML,6,nested,16:112:0.35:1.0;40:88:0.65:0.6;56:72:0.5:0.3,morph_open_oracle,size=97,0.12016914279106418,0.1201691427910642
0,sample1.mzML,6,nested,16:112:0.35:1.0;40:88:0.65:0.6;56:72:0.5:0.3,asls_oracle,lambda=1e+06;p=0.01,0.11544155390453072,0.11544155390453073
0,sample1.mzML,6,nested,16:112:0.35:1.0;40:88:0.65:0.6;56:72:0.5:0.3,wavelet_oracle,level=1,0.5041790476821684,0.5041790476821683
1,sample1.mzML,2,single,32:96:0.5:1,hcrd_l1,level=1,0.18493334641264753,0.18493334641264753
1,sample1.mzML,2,single,32:96:0.5:1,hcrd_l8,depth=6,0.18473549024351116,0.18473549024351116
1,sample1.mzML,2,single,32:96:0.5:1,gaussian_oracle,sigma=1,0.16639869021554382,0.16639869021554382
1,sample1.mzML,2,single,32:96:0.5:1,savgol_oracle,window=9;poly=3,0.1666629593782154,0.1666629593782154
1,sample1.mzML,2,single,32:96:0.5:1,morph_open_oracle,size=65,0.17393313373729877,0.17393313373729877
1,sample1.mzML,2,single,32:96:0.5:1,asls_oracle,lambda=100000;p=0.05,0.16857225176137883,0.16857225176137883
1,sample1.mzML,2,single,32:96:0.5:1,wavelet_oracle,level=1,0.16598484915293385,0.16598484915293382
1,sample1.mzML,2,nested,16:112:0.5:1.0;40:88:0.35:0.6;56:72:0.5:0.3,hcrd_l1,level=1,0.5531481373157544,0.5531481373157544
1,sample1.mzML,2,nested,16:112:0.5:1.0;40:88:0.35:0.6;56:72:0.5:0.3,hcrd_l8,depth=5,0.18473549024351116,0.18473549024351113
1,sample1.mzML,2,nested,16:112:0.5:1.0;40:88:0.35:0.6;56:72:0.5:0.3,gaussian_oracle,sigma=32,0.37996625400917916,0.37996625400917916
1,sample1.mzML,2,nested,16:112:0.5:1.0;40:88:0.35:0.6;56:72:0.5:0.3,savgol_oracle,window=9;poly=3,0.5333795756166847,0.5333795756166847
1,sample1.mzML,2,nested,16:112:0.5:1.0;40:88:0.35:0.6;56:72:0.5:0.3,morph_open_oracle,size=65,0.16453499024278254,0.16453499024278254
1,sample1.mzML,2,nested,16:112:0.5:1.0;40:88:0.35:0.6;56:72:0.5:0.3,asls_oracle,lambda=1e+06;p=0.05,0.17094066712136924,0.17094066712136924
1,sample1.mzML,2,nested,16:112:0.5:1.0;40:88:0.35:0.6;56:72:0.5:0.3,wavelet_oracle,level=1,0.5328546546901962,0.5328546546901962
2,sample1.mzML,7,single,32:96:0.65:1,hcrd_l1,level=1,0.2122670495454563,0.21226704954545633
2,sample1.mzML,7,single,32:96:0.65:1,hcrd_l8,depth=6,0.1446975125364891,0.1446975125364891
2,sample1.mzML,7,single,32:96:0.65:1,gaussian_oracle,sigma=32,0.16396511646513368,0.16396511646513368
2,sample1.mzML,7,single,32:96:0.65:1,savgol_oracle,window=9;poly=3,0.18361145475216026,0.18361145475216026
2,sample1.mzML,7,single,32:96:0.65:1,morph_open_oracle,size=65,0.1297647124320655,0.1297647124320655
2,sample1.mzML,7,single,32:96:0.65:1,asls_oracle,lambda=100000;p=0.05,0.11832846723138037,0.11832846723138037
2,sample1.mzML,7,single,32:96:0.65:1,wavelet_oracle,level=1,0.16793535583632233,0.16793535583632233
2,sample1.mzML,7,nested,16:112:0.65:1.0;40:88:0.35:0.6;56:72:0.5:0.3,hcrd_l1,level=1,0.5319298351395632,0.5319298351395632
2,sample1.mzML,7,nested,16:112:0.65:1.0;40:88:0.35:0.6;56:72:0.5:0.3,hcrd_l8,depth=6,0.1446975125364891,0.1446975125364891
2,sample1.mzML,7,nested,16:112:0.65:1.0;40:88:0.35:0.6;56:72:0.5:0.3,gaussian_oracle,sigma=32,0.3312264218783705,0.3312264218783705
2,sample1.mzML,7,nested,16:112:0.65:1.0;40:88:0.35:0.6;56:72:0.5:0.3,savgol_oracle,window=9;poly=3,0.5213886586866756,0.5213886586866756
2,sample1.mzML,7,nested,16:112:0.65:1.0;40:88:0.35:0.6;56:72:0.5:0.3,morph_open_oracle,size=65,0.11807620520811334,0.11807620520811334
2,sample1.mzML,7,nested,16:112:0.65:1.0;40:88:0.35:0.6;56:72:0.5:0.3,asls_oracle,lambda=1e+06;p=0.05,0.12322458697018104,0.12322458697018109
2,sample1.mzML,7,nested,16:112:0.65:1.0;40:88:0.35:0.6;56:72:0.5:0.3,wavelet_oracle,level=1,0.5059296068801633,0.5059296068801634
3,sample2.mzML,6,single,32:96:0.65:1,hcrd_l1,level=1,0.219463725051735,0.219463725051735
3,sample2.mzML,6,single,32:96:0.65:1,hcrd_l8,depth=7,0.12235800764914026,0.12235800764914027
3,sample2.mzML,6,single,32:96:0.65:1,gaussian_oracle,sigma=1,0.16665814934601628,0.16665814934601628
3,sample2.mzML,6,single,32:96:0.65:1,savgol_oracle,window=9;poly=3,0.16860226515788965,0.16860226515788965
3,sample2.mzML,6,single,32:96:0.65:1,morph_open_oracle,size=65,0.13832275421160695,0.13832275421160695
3,sample2.mzML,6,single,32:96:0.65:1,asls_oracle,lambda=1e+06;p=0.05,0.11700349761654558,0.11700349761654558
3,sample2.mzML,6,single,32:96:0.65:1,wavelet_oracle,level=1,0.16583534890774418,0.1658353489077442
3,sample2.mzML,6,nested,16:112:0.65:1.0;40:88:0.35:0.6;56:72:0.35:0.3,hcrd_l1,level=1,0.5542001765652931,0.5542001765652931
3,sample2.mzML,6,nested,16:112:0.65:1.0;40:88:0.35:0.6;56:72:0.35:0.3,hcrd_l8,depth=5,0.12235800764914026,0.12235800764914029
3,sample2.mzML,6,nested,16:112:0.65:1.0;40:88:0.35:0.6;56:72:0.35:0.3,gaussian_oracle,sigma=32,0.348966327118703,0.348966327118703
3,sample2.mzML,6,nested,16:112:0.65:1.0;40:88:0.35:0.6;56:72:0.35:0.3,savgol_oracle,window=97;poly=3,0.4638310512988198,0.4638310512988198
3,sample2.mzML,6,nested,16:112:0.65:1.0;40:88:0.35:0.6;56:72:0.35:0.3,morph_open_oracle,size=97,0.12856378757562412,0.12856378757562414
3,sample2.mzML,6,nested,16:112:0.65:1.0;40:88:0.35:0.6;56:72:0.35:0.3,asls_oracle,lambda=1e+06;p=0.05,0.11408597239578698,0.11408597239578698
3,sample2.mzML,6,nested,16:112:0.65:1.0;40:88:0.35:0.6;56:72:0.35:0.3,wavelet_oracle,level=1,0.503690657903727,0.503690657903727
4,sample2.mzML,1,single,32:96:0.35:1,hcrd_l1,level=1,0.17061707183772615,0.17061707183772615
4,sample2.mzML,1,single,32:96:0.35:1,hcrd_l8,depth=6,0.10060847133894288,0.10060847133894286
4,sample2.mzML,1,single,32:96:0.35:1,gaussian_oracle,sigma=32,0.1451617378764876,0.1451617378764876
4,sample2.mzML,1,single,32:96:0.35:1,savgol_oracle,window=9;poly=3,0.16615653170281264,0.16615653170281264
4,sample2.mzML,1,single,32:96:0.35:1,morph_open_oracle,size=65,0.09662555642441031,0.09662555642441031
4,sample2.mzML,1,single,32:96:0.35:1,asls_oracle,lambda=100000;p=0.05,0.09669741008410022,0.09669741008410021
4,sample2.mzML,1,single,32:96:0.35:1,wavelet_oracle,level=1,0.16594670998787087,0.16594670998787087
4,sample2.mzML,1,nested,16:112:0.35:1.0;40:88:0.35:0.6;56:72:0.5:0.3,hcrd_l1,level=1,0.5162596865617202,0.5162596865617202
4,sample2.mzML,1,nested,16:112:0.35:1.0;40:88:0.35:0.6;56:72:0.5:0.3,hcrd_l8,depth=6,0.10060847133894288,0.10060847133894288
4,sample2.mzML,1,nested,16:112:0.35:1.0;40:88:0.35:0.6;56:72:0.5:0.3,gaussian_oracle,sigma=32,0.325881990873052,0.325881990873052
4,sample2.mzML,1,nested,16:112:0.35:1.0;40:88:0.35:0.6;56:72:0.5:0.3,savgol_oracle,window=9;poly=3,0.5194703743339727,0.5194703743339727
4,sample2.mzML,1,nested,16:112:0.35:1.0;40:88:0.35:0.6;56:72:0.5:0.3,morph_open_oracle,size=97,0.11395708799384385,0.11395708799384385
4,sample2.mzML,1,nested,16:112:0.35:1.0;40:88:0.35:0.6;56:72:0.5:0.3,asls_oracle,lambda=1e+06;p=0.05,0.09559120576623784,0.09559120576623781
4,sample2.mzML,1,nested,16:112:0.35:1.0;40:88:0.35:0.6;56:72:0.5:0.3,wavelet_oracle,level=1,0.519377134992153,0.519377134992153
5,sample2.mzML,2,single,32:96:0.65:1,hcrd_l1,level=1,0.18225916503046763,0.18225916503046763
5,sample2.mzML,2,single,32:96:0.65:1,hcrd_l8,depth=6,0.16819284025916248,0.1681928402591625
5,sample2.mzML,2,single,32:96:0.65:1,gaussian_oracle,sigma=1,0.16589111405842788,0.16589111405842785
5,sample2.mzML,2,single,32:96:0.65:1,savgol_oracle,window=9;poly=3,0.1663167568057435,0.1663167568057435
5,sample2.mzML,2,single,32:96:0.65:1,morph_open_oracle,size=65,0.14036760778137064,0.14036760778137064
5,sample2.mzML,2,single,32:96:0.65:1,asls_oracle,lambda=100000;p=0.05,0.15169645333104118,0.1516964533310412
5,sample2.mzML,2,single,32:96:0.65:1,wavelet_oracle,level=1,0.16566846077703526,0.16566846077703523
5,sample2.mzML,2,nested,16:112:0.65:1.0;40:88:0.35:0.6;56:72:0.5:0.3,hcrd_l1,level=1,0.5229521385120492,0.5229521385120492
5,sample2.mzML,2,nested,16:112:0.65:1.0;40:88:0.35:0.6;56:72:0.5:0.3,hcrd_l8,depth=6,0.16819284025916248,0.16819284025916248
5,sample2.mzML,2,nested,16:112:0.65:1.0;40:88:0.35:0.6;56:72:0.5:0.3,gaussian_oracle,sigma=32,0.3661961305615281,0.3661961305615281
5,sample2.mzML,2,nested,16:112:0.65:1.0;40:88:0.35:0.6;56:72:0.5:0.3,savgol_oracle,window=9;poly=3,0.5041973108438589,0.5041973108438589
5,sample2.mzML,2,nested,16:112:0.65:1.0;40:88:0.35:0.6;56:72:0.5:0.3,morph_open_oracle,size=97,0.17753715542021678,0.17753715542021678
5,sample2.mzML,2,nested,16:112:0.65:1.0;40:88:0.35:0.6;56:72:0.5:0.3,asls_oracle,lambda=1e+06;p=0.05,0.15456802250634252,0.15456802250634252
5,sample2.mzML,2,nested,16:112:0.65:1.0;40:88:0.35:0.6;56:72:0.5:0.3,wavelet_oracle,level=1,0.5036627118208765,0.5036627118208765
6,sample3.mzML,1,single,32:96:0.5:1,hcrd_l1,level=1,0.16266682541708383,0.16266682541708383
6,sample3.mzML,1,single,32:96:0.5:1,hcrd_l8,depth=6,0.1147781482298979,0.1147781482298979
6,sample3.mzML,1,single,32:96:0.5:1,gaussian_oracle,sigma=32,0.11703056670661152,0.11703056670661152
6,sample3.mzML,1,single,32:96:0.5:1,savgol_oracle,window=9;poly=2,0.1664560032968033,0.1664560032968033
6,sample3.mzML,1,single,32:96:0.5:1,morph_open_oracle,size=65,0.09626851060480461,0.09626851060480461
6,sample3.mzML,1,single,32:96:0.5:1,asls_oracle,lambda=100000;p=0.05,0.07336394821819162,0.0733639482181916
6,sample3.mzML,1,single,32:96:0.5:1,wavelet_oracle,level=1,0.1660318130061307,0.1660318130061307
6,sample3.mzML,1,nested,16:112:0.5:1.0;40:88:0.65:0.6;56:72:0.65:0.3,hcrd_l1,level=1,0.5261424962810033,0.5261424962810033
6,sample3.mzML,1,nested,16:112:0.5:1.0;40:88:0.65:0.6;56:72:0.65:0.3,hcrd_l8,depth=6,0.1147781482298979,0.1147781482298979
6,sample3.mzML,1,nested,16:112:0.5:1.0;40:88:0.65:0.6;56:72:0.65:0.3,gaussian_oracle,sigma=32,0.28588671284248224,0.28588671284248224
6,sample3.mzML,1,nested,16:112:0.5:1.0;40:88:0.65:0.6;56:72:0.65:0.3,savgol_oracle,window=97;poly=3,0.5002069026070293,0.5002069026070293
6,sample3.mzML,1,nested,16:112:0.5:1.0;40:88:0.65:0.6;56:72:0.65:0.3,morph_open_oracle,size=97,0.08875750435872372,0.08875750435872372
6,sample3.mzML,1,nested,16:112:0.5:1.0;40:88:0.65:0.6;56:72:0.65:0.3,asls_oracle,lambda=1e+06;p=0.05,0.07273591326689159,0.07273591326689158
6,sample3.mzML,1,nested,16:112:0.5:1.0;40:88:0.65:0.6;56:72:0.65:0.3,wavelet_oracle,level=1,0.5330585219747135,0.5330585219747135
7,sample3.mzML,2,single,32:96:0.5:1,hcrd_l1,level=1,0.1696211861504626,0.1696211861504626
7,sample3.mzML,2,single,32:96:0.5:1,hcrd_l8,depth=6,0.16503725800336588,0.16503725800336588
7,sample3.mzML,2,single,32:96:0.5:1,gaussian_oracle,sigma=1,0.1670127228322664,0.1670127228322664
7,sample3.mzML,2,single,32:96:0.5:1,savgol_oracle,window=9;poly=2,0.1676767057300394,0.1676767057300394
7,sample3.mzML,2,single,32:96:0.5:1,morph_open_oracle,size=65,0.12358049274859682,0.12358049274859682
7,sample3.mzML,2,single,32:96:0.5:1,asls_oracle,lambda=100000;p=0.05,0.13972170030028327,0.13972170030028327
7,sample3.mzML,2,single,32:96:0.5:1,wavelet_oracle,level=1,0.16696959460234456,0.16696959460234456
7,sample3.mzML,2,nested,16:112:0.5:1.0;40:88:0.65:0.6;56:72:0.35:0.3,hcrd_l1,level=1,0.5399814663723229,0.5399814663723229
7,sample3.mzML,2,nested,16:112:0.5:1.0;40:88:0.65:0.6;56:72:0.35:0.3,hcrd_l8,depth=6,0.16503725800336588,0.16503725800336586
7,sample3.mzML,2,nested,16:112:0.5:1.0;40:88:0.65:0.6;56:72:0.35:0.3,gaussian_oracle,sigma=32,0.352506409287719,0.352506409287719
7,sample3.mzML,2,nested,16:112:0.5:1.0;40:88:0.65:0.6;56:72:0.35:0.3,savgol_oracle,window=9;poly=2,0.5334209805606819,0.5334209805606819
7,sample3.mzML,2,nested,16:112:0.5:1.0;40:88:0.65:0.6;56:72:0.35:0.3,morph_open_oracle,size=65,0.163072175253744,0.163072175253744
7,sample3.mzML,2,nested,16:112:0.5:1.0;40:88:0.65:0.6;56:72:0.35:0.3,asls_oracle,lambda=1e+06;p=0.05,0.1408501887369516,0.1408501887369516
7,sample3.mzML,2,nested,16:112:0.5:1.0;40:88:0.65:0.6;56:72:0.35:0.3,wavelet_oracle,level=1,0.5328651972843327,0.5328651972843327
8,sample3.mzML,7,single,32:96:0.65:1,hcrd_l1,level=1,0.19420050178213744,0.19420050178213744
8,sample3.mzML,7,single,32:96:0.65:1,hcrd_l8,depth=6,0.16138433730472232,0.16138433730472232
8,sample3.mzML,7,single,32:96:0.65:1,gaussian_oracle,sigma=32,0.14221933346488289,0.14221933346488289
8,sample3.mzML,7,single,32:96:0.65:1,savgol_oracle,window=9;poly=2,0.190913545957297,0.190913545957297
8,sample3.mzML,7,single,32:96:0.65:1,morph_open_oracle,size=65,0.12007934794625687,0.12007934794625687
8,sample3.mzML,7,single,32:96:0.65:1,asls_oracle,lambda=100000;p=0.05,0.10135797080873399,0.10135797080873399
8,sample3.mzML,7,single,32:96:0.65:1,wavelet_oracle,level=1,0.17345512097688465,0.17345512097688467
8,sample3.mzML,7,nested,16:112:0.65:1.0;40:88:0.5:0.6;56:72:0.65:0.3,hcrd_l1,level=1,0.5397150252215773,0.5397150252215773
8,sample3.mzML,7,nested,16:112:0.65:1.0;40:88:0.5:0.6;56:72:0.65:0.3,hcrd_l8,depth=6,0.16138433730472232,0.16138433730472232
8,sample3.mzML,7,nested,16:112:0.65:1.0;40:88:0.5:0.6;56:72:0.65:0.3,gaussian_oracle,sigma=32,0.3030371121628246,0.30303711216282464
8,sample3.mzML,7,nested,16:112:0.65:1.0;40:88:0.5:0.6;56:72:0.65:0.3,savgol_oracle,window=97;poly=3,0.5336441343836746,0.5336441343836748
8,sample3.mzML,7,nested,16:112:0.65:1.0;40:88:0.5:0.6;56:72:0.65:0.3,morph_open_oracle,size=65,0.1066067879695373,0.1066067879695373
8,sample3.mzML,7,nested,16:112:0.65:1.0;40:88:0.5:0.6;56:72:0.65:0.3,asls_oracle,lambda=1e+06;p=0.05,0.10830258477697434,0.10830258477697434
8,sample3.mzML,7,nested,16:112:0.65:1.0;40:88:0.5:0.6;56:72:0.65:0.3,wavelet_oracle,level=1,0.5222744661884763,0.5222744661884763
9,sample4.mzML,2,single,32:96:0.65:1,hcrd_l1,level=1,0.17858987140314098,0.17858987140314098
9,sample4.mzML,2,single,32:96:0.65:1,hcrd_l8,depth=7,0.17828675802853364,0.17828675802853364
9,sample4.mzML,2,single,32:96:0.65:1,gaussian_oracle,sigma=1,0.166492552206167,0.16649255220616702
9,sample4.mzML,2,single,32:96:0.65:1,savgol_oracle,window=9;poly=3,0.16719887805541295,0.16719887805541295
9,sample4.mzML,2,single,32:96:0.65:1,morph_open_oracle,size=65,0.1329998795058584,0.1329998795058584
9,sample4.mzML,2,single,32:96:0.65:1,asls_oracle,lambda=100000;p=0.05,0.14792206654797177,0.14792206654797174
9,sample4.mzML,2,single,32:96:0.65:1,wavelet_oracle,level=1,0.1663065928296319,0.1663065928296319
9,sample4.mzML,2,nested,16:112:0.65:1.0;40:88:0.35:0.6;56:72:0.5:0.3,hcrd_l1,level=1,0.5157619605154252,0.5157619605154252
9,sample4.mzML,2,nested,16:112:0.65:1.0;40:88:0.35:0.6;56:72:0.5:0.3,hcrd_l8,depth=6,0.17828675802853364,0.17828675802853364
9,sample4.mzML,2,nested,16:112:0.65:1.0;40:88:0.35:0.6;56:72:0.5:0.3,gaussian_oracle,sigma=32,0.36624053262156575,0.36624053262156575
9,sample4.mzML,2,nested,16:112:0.65:1.0;40:88:0.35:0.6;56:72:0.5:0.3,savgol_oracle,window=9;poly=3,0.5050559298408851,0.5050559298408851
9,sample4.mzML,2,nested,16:112:0.65:1.0;40:88:0.35:0.6;56:72:0.5:0.3,morph_open_oracle,size=97,0.15922918275060213,0.15922918275060213
9,sample4.mzML,2,nested,16:112:0.65:1.0;40:88:0.35:0.6;56:72:0.5:0.3,asls_oracle,lambda=1e+06;p=0.05,0.1497414883602285,0.1497414883602285
9,sample4.mzML,2,nested,16:112:0.65:1.0;40:88:0.35:0.6;56:72:0.5:0.3,wavelet_oracle,level=1,0.5043008438734731,0.5043008438734731
10,sample4.mzML,1,single,32:96:0.65:1,hcrd_l1,level=1,0.157659352815861,0.157659352815861
10,sample4.mzML,1,single,32:96:0.65:1,hcrd_l8,depth=7,0.1045984999665862,0.10459849996658618
10,sample4.mzML,1,single,32:96:0.65:1,gaussian_oracle,sigma=32,0.12159573450182933,0.12159573450182931
10,sample4.mzML,1,single,32:96:0.65:1,savgol_oracle,window=9;poly=3,0.16663489472693804,0.16663489472693804
10,sample4.mzML,1,single,32:96:0.65:1,morph_open_oracle,size=65,0.09650683890389612,0.09650683890389612
10,sample4.mzML,1,single,32:96:0.65:1,asls_oracle,lambda=100000;p=0.05,0.07796951761288985,0.07796951761288988
10,sample4.mzML,1,single,32:96:0.65:1,wavelet_oracle,level=1,0.16604313446189906,0.16604313446189906
10,sample4.mzML,1,nested,16:112:0.65:1.0;40:88:0.35:0.6;56:72:0.5:0.3,hcrd_l1,level=1,0.4899278997505151,0.4899278997505151
10,sample4.mzML,1,nested,16:112:0.65:1.0;40:88:0.35:0.6;56:72:0.5:0.3,hcrd_l8,depth=5,0.1045984999665862,0.10459849996658617
10,sample4.mzML,1,nested,16:112:0.65:1.0;40:88:0.35:0.6;56:72:0.5:0.3,gaussian_oracle,sigma=32,0.29099313684390243,0.29099313684390243
10,sample4.mzML,1,nested,16:112:0.65:1.0;40:88:0.35:0.6;56:72:0.5:0.3,savgol_oracle,window=97;poly=3,0.5029687264351554,0.5029687264351553
10,sample4.mzML,1,nested,16:112:0.65:1.0;40:88:0.35:0.6;56:72:0.5:0.3,morph_open_oracle,size=97,0.09340048564261508,0.09340048564261508
10,sample4.mzML,1,nested,16:112:0.65:1.0;40:88:0.35:0.6;56:72:0.5:0.3,asls_oracle,lambda=1e+06;p=0.05,0.07715506773060501,0.07715506773060501
10,sample4.mzML,1,nested,16:112:0.65:1.0;40:88:0.35:0.6;56:72:0.5:0.3,wavelet_oracle,level=1,0.5040373855057402,0.5040373855057402
11,sample4.mzML,3,single,32:96:0.65:1,hcrd_l1,level=1,0.1719887433236793,0.1719887433236793
11,sample4.mzML,3,single,32:96:0.65:1,hcrd_l8,depth=7,0.10215153201623818,0.10215153201623818
11,sample4.mzML,3,single,32:96:0.65:1,gaussian_oracle,sigma=32,0.14875800161065494,0.14875800161065494
11,sample4.mzML,3,single,32:96:0.65:1,savgol_oracle,window=9;poly=3,0.18028095100612088,0.18028095100612088
11,sample4.mzML,3,single,32:96:0.65:1,morph_open_oracle,size=65,0.1333280809746599,0.1333280809746599
11,sample4.mzML,3,single,32:96:0.65:1,asls_oracle,lambda=100000;p=0.05,0.10307196693011209,0.10307196693011209
11,sample4.mzML,3,single,32:96:0.65:1,wavelet_oracle,level=1,0.17504576838182934,0.17504576838182934
11,sample4.mzML,3,nested,16:112:0.65:1.0;40:88:0.65:0.6;56:72:0.5:0.3,hcrd_l1,level=1,0.550305465951867,0.5503054659518669
11,sample4.mzML,3,nested,16:112:0.65:1.0;40:88:0.65:0.6;56:72:0.5:0.3,hcrd_l8,depth=7,0.10215153201623818,0.10215153201623818
11,sample4.mzML,3,nested,16:112:0.65:1.0;40:88:0.65:0.6;56:72:0.5:0.3,gaussian_oracle,sigma=32,0.32592124612552353,0.3259212461255235
11,sample4.mzML,3,nested,16:112:0.65:1.0;40:88:0.65:0.6;56:72:0.5:0.3,savgol_oracle,window=9;poly=3,0.5337127903835615,0.5337127903835615
11,sample4.mzML,3,nested,16:112:0.65:1.0;40:88:0.65:0.6;56:72:0.5:0.3,morph_open_oracle,size=65,0.15104541824516357,0.15104541824516357
11,sample4.mzML,3,nested,16:112:0.65:1.0;40:88:0.65:0.6;56:72:0.5:0.3,asls_oracle,lambda=1e+06;p=0.05,0.09705748076957782,0.09705748076957782
11,sample4.mzML,3,nested,16:112:0.65:1.0;40:88:0.65:0.6;56:72:0.5:0.3,wavelet_oracle,level=1,0.5284780465816054,0.5284780465816054
12,sample5.mzML,1,single,32:96:0.35:1,hcrd_l1,level=1,0.16574557516490043,0.16574557516490043
12,sample5.mzML,1,single,32:96:0.35:1,hcrd_l8,depth=6,0.10724105235114544,0.10724105235114544
12,sample5.mzML,1,single,32:96:0.35:1,gaussian_oracle,sigma=32,0.12123806150830795,0.12123806150830793
12,sample5.mzML,1,single,32:96:0.35:1,savgol_oracle,window=9;poly=3,0.16633379706074256,0.16633379706074256
12,sample5.mzML,1,single,32:96:0.35:1,morph_open_oracle,size=65,0.08701725596082889,0.08701725596082889
12,sample5.mzML,1,single,32:96:0.35:1,asls_oracle,lambda=100000;p=0.05,0.07446483959039644,0.07446483959039644
12,sample5.mzML,1,single,32:96:0.35:1,wavelet_oracle,level=1,0.16612813698337747,0.16612813698337747
12,sample5.mzML,1,nested,16:112:0.35:1.0;40:88:0.35:0.6;56:72:0.5:0.3,hcrd_l1,level=1,0.5147101968755724,0.5147101968755723
12,sample5.mzML,1,nested,16:112:0.35:1.0;40:88:0.35:0.6;56:72:0.5:0.3,hcrd_l8,depth=6,0.10724105235114544,0.10724105235114544
12,sample5.mzML,1,nested,16:112:0.35:1.0;40:88:0.35:0.6;56:72:0.5:0.3,gaussian_oracle,sigma=32,0.29494987790553023,0.29494987790553023
12,sample5.mzML,1,nested,16:112:0.35:1.0;40:88:0.35:0.6;56:72:0.5:0.3,savgol_oracle,window=97;poly=3,0.5074510345361958,0.5074510345361957
12,sample5.mzML,1,nested,16:112:0.35:1.0;40:88:0.35:0.6;56:72:0.5:0.3,morph_open_oracle,size=97,0.09136710884627175,0.09136710884627175
12,sample5.mzML,1,nested,16:112:0.35:1.0;40:88:0.35:0.6;56:72:0.5:0.3,asls_oracle,lambda=1e+06;p=0.05,0.07536310884281368,0.07536310884281368
12,sample5.mzML,1,nested,16:112:0.35:1.0;40:88:0.35:0.6;56:72:0.5:0.3,wavelet_oracle,level=1,0.5195585619876595,0.5195585619876595
13,sample5.mzML,2,single,32:96:0.5:1,hcrd_l1,level=1,0.1648791216063675,0.1648791216063675
13,sample5.mzML,2,single,32:96:0.5:1,hcrd_l8,depth=6,0.22587103715205062,0.22587103715205062
13,sample5.mzML,2,single,32:96:0.5:1,gaussian_oracle,sigma=1,0.16743563683143278,0.16743563683143275
13,sample5.mzML,2,single,32:96:0.5:1,savgol_oracle,window=9;poly=2,0.16859650540727522,0.1685965054072752
13,sample5.mzML,2,single,32:96:0.5:1,morph_open_oracle,size=65,0.15573665549728416,0.15573665549728416
13,sample5.mzML,2,single,32:96:0.5:1,asls_oracle,lambda=100000;p=0.05,0.17363995373081972,0.17363995373081975
13,sample5.mzML,2,single,32:96:0.5:1,wavelet_oracle,level=1,0.16674303949613967,0.16674303949613964
13,sample5.mzML,2,nested,16:112:0.5:1.0;40:88:0.5:0.6;56:72:0.5:0.3,hcrd_l1,level=1,0.5178343218325857,0.5178343218325857
13,sample5.mzML,2,nested,16:112:0.5:1.0;40:88:0.5:0.6;56:72:0.5:0.3,hcrd_l8,depth=6,0.22587103715205062,0.22587103715205065
13,sample5.mzML,2,nested,16:112:0.5:1.0;40:88:0.5:0.6;56:72:0.5:0.3,gaussian_oracle,sigma=32,0.37600216877499837,0.37600216877499837
13,sample5.mzML,2,nested,16:112:0.5:1.0;40:88:0.5:0.6;56:72:0.5:0.3,savgol_oracle,window=9;poly=2,0.5405546520322853,0.5405546520322853
13,sample5.mzML,2,nested,16:112:0.5:1.0;40:88:0.5:0.6;56:72:0.5:0.3,morph_open_oracle,size=65,0.1849104387172692,0.18491043871726923
13,sample5.mzML,2,nested,16:112:0.5:1.0;40:88:0.5:0.6;56:72:0.5:0.3,asls_oracle,lambda=1e+06;p=0.05,0.17715983932011084,0.17715983932011087
13,sample5.mzML,2,nested,16:112:0.5:1.0;40:88:0.5:0.6;56:72:0.5:0.3,wavelet_oracle,level=1,0.5390092191708994,0.5390092191708994
14,sample5.mzML,4,single,32:96:0.35:1,hcrd_l1,level=1,0.21000935205729407,0.21000935205729407
14,sample5.mzML,4,single,32:96:0.35:1,hcrd_l8,depth=6,0.06281086008008377,0.06281086008008377
14,sample5.mzML,4,single,32:96:0.35:1,gaussian_oracle,sigma=32,0.1151131740191449,0.1151131740191449
14,sample5.mzML,4,single,32:96:0.35:1,savgol_oracle,window=97;poly=3,0.15409431141513663,0.15409431141513663
14,sample5.mzML,4,single,32:96:0.35:1,morph_open_oracle,size=17,0.1168996597041581,0.1168996597041581
14,sample5.mzML,4,single,32:96:0.35:1,asls_oracle,lambda=1e+06;p=0.05,0.04092488952586005,0.040924889525860056
14,sample5.mzML,4,single,32:96:0.35:1,wavelet_oracle,level=1,0.18059073911962079,0.18059073911962079
14,sample5.mzML,4,nested,16:112:0.35:1.0;40:88:0.5:0.6;56:72:0.65:0.3,hcrd_l1,level=1,0.5708193461737422,0.5708193461737422
14,sample5.mzML,4,nested,16:112:0.35:1.0;40:88:0.5:0.6;56:72:0.65:0.3,hcrd_l8,depth=6,0.06281086008008377,0.06281086008008378
14,sample5.mzML,4,nested,16:112:0.35:1.0;40:88:0.5:0.6;56:72:0.65:0.3,gaussian_oracle,sigma=32,0.3130502084504483,0.3130502084504483
14,sample5.mzML,4,nested,16:112:0.35:1.0;40:88:0.5:0.6;56:72:0.65:0.3,savgol_oracle,window=97;poly=3,0.4603873314334656,0.4603873314334656
14,sample5.mzML,4,nested,16:112:0.35:1.0;40:88:0.5:0.6;56:72:0.65:0.3,morph_open_oracle,size=97,0.07608286740207372,0.07608286740207373
14,sample5.mzML,4,nested,16:112:0.35:1.0;40:88:0.5:0.6;56:72:0.65:0.3,asls_oracle,lambda=1e+06;p=0.01,0.04138783033587221,0.041387830335872206
14,sample5.mzML,4,nested,16:112:0.35:1.0;40:88:0.5:0.6;56:72:0.65:0.3,wavelet_oracle,level=1,0.5284670402129719,0.5284670402129719
15,sample6.mzML,6,single,32:96:0.5:1,hcrd_l1,level=1,0.21281849367793054,0.21281849367793054
15,sample6.mzML,6,single,32:96:0.5:1,hcrd_l8,depth=6,0.15100283278280666,0.15100283278280663
15,sample6.mzML,6,single,32:96:0.5:1,gaussian_oracle,sigma=1,0.16791278607119367,0.16791278607119367
15,sample6.mzML,6,single,32:96:0.5:1,savgol_oracle,window=9;poly=3,0.17159786578988784,0.17159786578988784
15,sample6.mzML,6,single,32:96:0.5:1,morph_open_oracle,size=65,0.16105723461930532,0.16105723461930532
15,sample6.mzML,6,single,32:96:0.5:1,asls_oracle,lambda=1e+06;p=0.05,0.137297595287799,0.137297595287799
15,sample6.mzML,6,single,32:96:0.5:1,wavelet_oracle,level=1,0.16645548750655836,0.1664554875065584
15,sample6.mzML,6,nested,16:112:0.5:1.0;40:88:0.35:0.6;56:72:0.65:0.3,hcrd_l1,level=1,0.57956999195148,0.57956999195148
15,sample6.mzML,6,nested,16:112:0.5:1.0;40:88:0.35:0.6;56:72:0.65:0.3,hcrd_l8,depth=5,0.15100283278280666,0.15100283278280666
15,sample6.mzML,6,nested,16:112:0.5:1.0;40:88:0.35:0.6;56:72:0.65:0.3,gaussian_oracle,sigma=32,0.36688735300490577,0.36688735300490577
15,sample6.mzML,6,nested,16:112:0.5:1.0;40:88:0.35:0.6;56:72:0.65:0.3,savgol_oracle,window=97;poly=3,0.4871252875685835,0.4871252875685835
15,sample6.mzML,6,nested,16:112:0.5:1.0;40:88:0.35:0.6;56:72:0.65:0.3,morph_open_oracle,size=97,0.14427751049201484,0.14427751049201484
15,sample6.mzML,6,nested,16:112:0.5:1.0;40:88:0.35:0.6;56:72:0.65:0.3,asls_oracle,lambda=1e+06;p=0.05,0.1326847574934595,0.1326847574934595
15,sample6.mzML,6,nested,16:112:0.5:1.0;40:88:0.35:0.6;56:72:0.65:0.3,wavelet_oracle,level=1,0.5323513267524219,0.5323513267524219
16,sample6.mzML,2,single,32:96:0.5:1,hcrd_l1,level=1,0.16275746245397174,0.16275746245397174
16,sample6.mzML,2,single,32:96:0.5:1,hcrd_l8,depth=7,0.21912324615209613,0.21912324615209613
16,sample6.mzML,2,single,32:96:0.5:1,gaussian_oracle,sigma=1,0.16692514617295767,0.16692514617295767
16,sample6.mzML,2,single,32:96:0.5:1,savgol_oracle,window=9;poly=3,0.1675237136845034,0.16752371368450342
16,sample6.mzML,2,single,32:96:0.5:1,morph_open_oracle,size=65,0.19953031615267375,0.19953031615267378
16,sample6.mzML,2,single,32:96:0.5:1,asls_oracle,lambda=100000;p=0.05,0.1984583486605261,0.1984583486605261
16,sample6.mzML,2,single,32:96:0.5:1,wavelet_oracle,level=1,0.16586745558169538,0.16586745558169538
16,sample6.mzML,2,nested,16:112:0.5:1.0;40:88:0.65:0.6;56:72:0.65:0.3,hcrd_l1,level=1,0.5310497760885188,0.5310497760885188
16,sample6.mzML,2,nested,16:112:0.5:1.0;40:88:0.65:0.6;56:72:0.65:0.3,hcrd_l8,depth=6,0.21912324615209613,0.21912324615209613
16,sample6.mzML,2,nested,16:112:0.5:1.0;40:88:0.65:0.6;56:72:0.65:0.3,gaussian_oracle,sigma=32,0.4075670534097286,0.4075670534097286
16,sample6.mzML,2,nested,16:112:0.5:1.0;40:88:0.65:0.6;56:72:0.65:0.3,savgol_oracle,window=9;poly=3,0.5344246969533815,0.5344246969533815
16,sample6.mzML,2,nested,16:112:0.5:1.0;40:88:0.65:0.6;56:72:0.65:0.3,morph_open_oracle,size=65,0.1927948654583774,0.1927948654583774
16,sample6.mzML,2,nested,16:112:0.5:1.0;40:88:0.65:0.6;56:72:0.65:0.3,asls_oracle,lambda=1e+06;p=0.05,0.20098479856394566,0.20098479856394566
16,sample6.mzML,2,nested,16:112:0.5:1.0;40:88:0.65:0.6;56:72:0.65:0.3,wavelet_oracle,level=1,0.5328941645502779,0.5328941645502779
17,sample6.mzML,7,single,32:96:0.5:1,hcrd_l1,level=1,0.19422362329290516,0.19422362329290516
17,sample6.mzML,7,single,32:96:0.5:1,hcrd_l8,depth=7,0.12721144004045373,0.12721144004045373
17,sample6.mzML,7,single,32:96:0.5:1,gaussian_oracle,sigma=32,0.173017340105414,0.173017340105414
17,sample6.mzML,7,single,32:96:0.5:1,savgol_oracle,window=9;poly=3,0.19023906272370109,0.19023906272370109
17,sample6.mzML,7,single,32:96:0.5:1,morph_open_oracle,size=65,0.133204589305806,0.133204589305806
17,sample6.mzML,7,single,32:96:0.5:1,asls_oracle,lambda=100000;p=0.05,0.12000960943191848,0.12000960943191848
17,sample6.mzML,7,single,32:96:0.5:1,wavelet_oracle,level=1,0.17136629280254376,0.17136629280254376
17,sample6.mzML,7,nested,16:112:0.5:1.0;40:88:0.65:0.6;56:72:0.5:0.3,hcrd_l1,level=1,0.5706581926924776,0.5706581926924776
17,sample6.mzML,7,nested,16:112:0.5:1.0;40:88:0.65:0.6;56:72:0.5:0.3,hcrd_l8,depth=6,0.12721144004045373,0.12721144004045373
17,sample6.mzML,7,nested,16:112:0.5:1.0;40:88:0.65:0.6;56:72:0.5:0.3,gaussian_oracle,sigma=32,0.3487423321672828,0.3487423321672828
17,sample6.mzML,7,nested,16:112:0.5:1.0;40:88:0.65:0.6;56:72:0.5:0.3,savgol_oracle,window=9;poly=3,0.557033743239373,0.557033743239373
17,sample6.mzML,7,nested,16:112:0.5:1.0;40:88:0.65:0.6;56:72:0.5:0.3,morph_open_oracle,size=65,0.13011011554087326,0.1301101155408733
17,sample6.mzML,7,nested,16:112:0.5:1.0;40:88:0.65:0.6;56:72:0.5:0.3,asls_oracle,lambda=1e+06;p=0.05,0.12168663072303494,0.12168663072303496
17,sample6.mzML,7,nested,16:112:0.5:1.0;40:88:0.65:0.6;56:72:0.5:0.3,wavelet_oracle,level=1,0.5382368694502556,0.5382368694502556
18,sample7.mzML,2,single,32:96:0.35:1,hcrd_l1,level=1,0.16969200908759663,0.16969200908759663
18,sample7.mzML,2,single,32:96:0.35:1,hcrd_l8,depth=6,0.13971898729109108,0.13971898729109108
18,sample7.mzML,2,single,32:96:0.35:1,gaussian_oracle,sigma=32,0.15542058875691758,0.15542058875691758
18,sample7.mzML,2,single,32:96:0.35:1,savgol_oracle,window=9;poly=3,0.1661154610152299,0.1661154610152299
18,sample7.mzML,2,single,32:96:0.35:1,morph_open_oracle,size=65,0.10601814312224779,0.10601814312224779
18,sample7.mzML,2,single,32:96:0.35:1,asls_oracle,lambda=100000;p=0.05,0.11796935578779628,0.11796935578779628
18,sample7.mzML,2,single,32:96:0.35:1,wavelet_oracle,level=1,0.16565654727013046,0.16565654727013046
18,sample7.mzML,2,nested,16:112:0.35:1.0;40:88:0.65:0.6;56:72:0.65:0.3,hcrd_l1,level=1,0.5095952451385254,0.5095952451385254
18,sample7.mzML,2,nested,16:112:0.35:1.0;40:88:0.65:0.6;56:72:0.65:0.3,hcrd_l8,depth=5,0.13971898729109108,0.13971898729109108
18,sample7.mzML,2,nested,16:112:0.35:1.0;40:88:0.65:0.6;56:72:0.65:0.3,gaussian_oracle,sigma=32,0.32476829563219417,0.3247682956321942
18,sample7.mzML,2,nested,16:112:0.35:1.0;40:88:0.65:0.6;56:72:0.65:0.3,savgol_oracle,window=9;poly=3,0.5039269815477263,0.5039269815477263
18,sample7.mzML,2,nested,16:112:0.35:1.0;40:88:0.65:0.6;56:72:0.65:0.3,morph_open_oracle,size=65,0.12021065016846898,0.120210650168469
18,sample7.mzML,2,nested,16:112:0.35:1.0;40:88:0.65:0.6;56:72:0.65:0.3,asls_oracle,lambda=1e+06;p=0.05,0.12024386710610807,0.12024386710610806
18,sample7.mzML,2,nested,16:112:0.35:1.0;40:88:0.65:0.6;56:72:0.65:0.3,wavelet_oracle,level=1,0.5035132269194228,0.5035132269194228
19,sample7.mzML,1,single,32:96:0.35:1,hcrd_l1,level=1,0.16760654109373788,0.16760654109373788
19,sample7.mzML,1,single,32:96:0.35:1,hcrd_l8,depth=6,0.10643197043576803,0.10643197043576803
19,sample7.mzML,1,single,32:96:0.35:1,gaussian_oracle,sigma=32,0.12120780912493234,0.12120780912493233
19,sample7.mzML,1,single,32:96:0.35:1,savgol_oracle,window=9;poly=3,0.16599490064873973,0.16599490064873973
19,sample7.mzML,1,single,32:96:0.35:1,morph_open_oracle,size=65,0.08005688691192522,0.08005688691192522
19,sample7.mzML,1,single,32:96:0.35:1,asls_oracle,lambda=100000;p=0.05,0.07443139683292038,0.07443139683292038
19,sample7.mzML,1,single,32:96:0.35:1,wavelet_oracle,level=1,0.1658682162876917,0.16586821628769166
19,sample7.mzML,1,nested,16:112:0.35:1.0;40:88:0.35:0.6;56:72:0.65:0.3,hcrd_l1,level=1,0.5227426800734067,0.5227426800734067
19,sample7.mzML,1,nested,16:112:0.35:1.0;40:88:0.35:0.6;56:72:0.65:0.3,hcrd_l8,depth=5,0.10643197043576803,0.10643197043576803
19,sample7.mzML,1,nested,16:112:0.35:1.0;40:88:0.35:0.6;56:72:0.65:0.3,gaussian_oracle,sigma=32,0.29450715246983866,0.29450715246983866
19,sample7.mzML,1,nested,16:112:0.35:1.0;40:88:0.35:0.6;56:72:0.65:0.3,savgol_oracle,window=97;poly=3,0.5023331749765844,0.5023331749765844
19,sample7.mzML,1,nested,16:112:0.35:1.0;40:88:0.35:0.6;56:72:0.65:0.3,morph_open_oracle,size=97,0.09805569988580592,0.09805569988580594
19,sample7.mzML,1,nested,16:112:0.35:1.0;40:88:0.35:0.6;56:72:0.65:0.3,asls_oracle,lambda=1e+06;p=0.05,0.08044163130017312,0.08044163130017312
19,sample7.mzML,1,nested,16:112:0.35:1.0;40:88:0.35:0.6;56:72:0.65:0.3,wavelet_oracle,level=1,0.5180312822597496,0.5180312822597496
20,sample7.mzML,7,single,32:96:0.5:1,hcrd_l1,level=1,0.183123768479939,0.183123768479939
20,sample7.mzML,7,single,32:96:0.5:1,hcrd_l8,depth=6,0.11338286553315885,0.11338286553315885
20,sample7.mzML,7,single,32:96:0.5:1,gaussian_oracle,sigma=32,0.11508700102825814,0.11508700102825814
20,sample7.mzML,7,single,32:96:0.5:1,savgol_oracle,window=9;poly=3,0.17868475399646852,0.17868475399646852
20,sample7.mzML,7,single,32:96:0.5:1,morph_open_oracle,size=65,0.07314113781011398,0.07314113781011398
20,sample7.mzML,7,single,32:96:0.5:1,asls_oracle,lambda=100000;p=0.05,0.06953085281970334,0.06953085281970334
20,sample7.mzML,7,single,32:96:0.5:1,wavelet_oracle,level=1,0.16975469013593286,0.16975469013593286
20,sample7.mzML,7,nested,16:112:0.5:1.0;40:88:0.35:0.6;56:72:0.35:0.3,hcrd_l1,level=1,0.5522721213610817,0.5522721213610817
20,sample7.mzML,7,nested,16:112:0.5:1.0;40:88:0.35:0.6;56:72:0.35:0.3,hcrd_l8,depth=6,0.11338286553315885,0.11338286553315886
20,sample7.mzML,7,nested,16:112:0.5:1.0;40:88:0.35:0.6;56:72:0.35:0.3,gaussian_oracle,sigma=32,0.28132196653663083,0.2813219665366309
20,sample7.mzML,7,nested,16:112:0.5:1.0;40:88:0.35:0.6;56:72:0.35:0.3,savgol_oracle,window=97;poly=3,0.507612642481992,0.507612642481992
20,sample7.mzML,7,nested,16:112:0.5:1.0;40:88:0.35:0.6;56:72:0.35:0.3,morph_open_oracle,size=65,0.10669022111725426,0.10669022111725426
20,sample7.mzML,7,nested,16:112:0.5:1.0;40:88:0.35:0.6;56:72:0.35:0.3,asls_oracle,lambda=1e+06;p=0.05,0.07521183349220065,0.07521183349220065
20,sample7.mzML,7,nested,16:112:0.5:1.0;40:88:0.35:0.6;56:72:0.35:0.3,wavelet_oracle,level=1,0.5367793360057883,0.5367793360057883
21,sample8.mzML,6,single,32:96:0.35:1,hcrd_l1,level=1,0.19336079811531934,0.19336079811531934
21,sample8.mzML,6,single,32:96:0.35:1,hcrd_l8,depth=6,0.1259759216390956,0.1259759216390956
21,sample8.mzML,6,single,32:96:0.35:1,gaussian_oracle,sigma=1,0.1673136409929023,0.1673136409929023
21,sample8.mzML,6,single,32:96:0.35:1,savgol_oracle,window=9;poly=3,0.16984542241387182,0.16984542241387182
21,sample8.mzML,6,single,32:96:0.35:1,morph_open_oracle,size=65,0.13534103449774115,0.13534103449774115
21,sample8.mzML,6,single,32:96:0.35:1,asls_oracle,lambda=1e+06;p=0.05,0.11476541501665781,0.11476541501665778
21,sample8.mzML,6,single,32:96:0.35:1,wavelet_oracle,level=1,0.1657662681049559,0.1657662681049559
21,sample8.mzML,6,nested,16:112:0.35:1.0;40:88:0.35:0.6;56:72:0.5:0.3,hcrd_l1,level=1,0.543352211451226,0.543352211451226
21,sample8.mzML,6,nested,16:112:0.35:1.0;40:88:0.35:0.6;56:72:0.5:0.3,hcrd_l8,depth=6,0.1259759216390956,0.1259759216390956
21,sample8.mzML,6,nested,16:112:0.35:1.0;40:88:0.35:0.6;56:72:0.5:0.3,gaussian_oracle,sigma=32,0.3460192239277999,0.3460192239277999
21,sample8.mzML,6,nested,16:112:0.35:1.0;40:88:0.35:0.6;56:72:0.5:0.3,savgol_oracle,window=97;poly=3,0.47919821981822996,0.47919821981822996
21,sample8.mzML,6,nested,16:112:0.35:1.0;40:88:0.35:0.6;56:72:0.5:0.3,morph_open_oracle,size=97,0.12042358801242542,0.12042358801242542
21,sample8.mzML,6,nested,16:112:0.35:1.0;40:88:0.35:0.6;56:72:0.5:0.3,asls_oracle,lambda=1e+06;p=0.01,0.11185400556044767,0.11185400556044765
21,sample8.mzML,6,nested,16:112:0.35:1.0;40:88:0.35:0.6;56:72:0.5:0.3,wavelet_oracle,level=1,0.5191966931092378,0.5191966931092378
22,sample8.mzML,2,single,32:96:0.5:1,hcrd_l1,level=1,0.17467612178996195,0.17467612178996195
22,sample8.mzML,2,single,32:96:0.5:1,hcrd_l8,depth=6,0.21763588296085468,0.21763588296085465
22,sample8.mzML,2,single,32:96:0.5:1,gaussian_oracle,sigma=1,0.16682171920861338,0.16682171920861338
22,sample8.mzML,2,single,32:96:0.5:1,savgol_oracle,window=9;poly=3,0.16736865198543815,0.16736865198543815
22,sample8.mzML,2,single,32:96:0.5:1,morph_open_oracle,size=65,0.19209397405508444,0.19209397405508444
22,sample8.mzML,2,single,32:96:0.5:1,asls_oracle,lambda=100000;p=0.05,0.19061100484195526,0.1906110048419553
22,sample8.mzML,2,single,32:96:0.5:1,wavelet_oracle,level=1,0.1660613483417357,0.16606134834173564
22,sample8.mzML,2,nested,16:112:0.5:1.0;40:88:0.35:0.6;56:72:0.35:0.3,hcrd_l1,level=1,0.5311642012757745,0.5311642012757745
22,sample8.mzML,2,nested,16:112:0.5:1.0;40:88:0.35:0.6;56:72:0.35:0.3,hcrd_l8,depth=6,0.21763588296085468,0.21763588296085465
22,sample8.mzML,2,nested,16:112:0.5:1.0;40:88:0.35:0.6;56:72:0.35:0.3,gaussian_oracle,sigma=32,0.396033414329985,0.39603341432998496
22,sample8.mzML,2,nested,16:112:0.5:1.0;40:88:0.35:0.6;56:72:0.35:0.3,savgol_oracle,window=9;poly=3,0.5342181170929273,0.5342181170929273
22,sample8.mzML,2,nested,16:112:0.5:1.0;40:88:0.35:0.6;56:72:0.35:0.3,morph_open_oracle,size=65,0.18690002951432697,0.18690002951432697
22,sample8.mzML,2,nested,16:112:0.5:1.0;40:88:0.35:0.6;56:72:0.35:0.3,asls_oracle,lambda=1e+06;p=0.05,0.19257688728089864,0.19257688728089864
22,sample8.mzML,2,nested,16:112:0.5:1.0;40:88:0.35:0.6;56:72:0.35:0.3,wavelet_oracle,level=1,0.5330859942115912,0.5330859942115912
23,sample8.mzML,7,single,32:96:0.65:1,hcrd_l1,level=1,0.19422878265889876,0.19422878265889876
23,sample8.mzML,7,single,32:96:0.65:1,hcrd_l8,depth=6,0.1310260948537548,0.13102609485375477
23,sample8.mzML,7,single,32:96:0.65:1,gaussian_oracle,sigma=32,0.16245812437432802,0.16245812437432802
23,sample8.mzML,7,single,32:96:0.65:1,savgol_oracle,window=9;poly=3,0.18431860112413948,0.18431860112413948
23,sample8.mzML,7,single,32:96:0.65:1,morph_open_oracle,size=65,0.12215022747098636,0.12215022747098636
23,sample8.mzML,7,single,32:96:0.65:1,asls_oracle,lambda=100000;p=0.05,0.1128881565461449,0.1128881565461449
23,sample8.mzML,7,single,32:96:0.65:1,wavelet_oracle,level=1,0.17137241573981302,0.17137241573981302
23,sample8.mzML,7,nested,16:112:0.65:1.0;40:88:0.5:0.6;56:72:0.65:0.3,hcrd_l1,level=1,0.5331470076558087,0.5331470076558087
23,sample8.mzML,7,nested,16:112:0.65:1.0;40:88:0.5:0.6;56:72:0.65:0.3,hcrd_l8,depth=6,0.1310260948537548,0.1310260948537548
23,sample8.mzML,7,nested,16:112:0.65:1.0;40:88:0.5:0.6;56:72:0.65:0.3,gaussian_oracle,sigma=32,0.33258274688600087,0.33258274688600087
23,sample8.mzML,7,nested,16:112:0.65:1.0;40:88:0.5:0.6;56:72:0.65:0.3,savgol_oracle,window=9;poly=3,0.5327808512885461,0.5327808512885461
23,sample8.mzML,7,nested,16:112:0.65:1.0;40:88:0.5:0.6;56:72:0.65:0.3,morph_open_oracle,size=65,0.11279284732072174,0.11279284732072171
23,sample8.mzML,7,nested,16:112:0.65:1.0;40:88:0.5:0.6;56:72:0.65:0.3,asls_oracle,lambda=1e+06;p=0.05,0.11752041138908476,0.11752041138908474
23,sample8.mzML,7,nested,16:112:0.65:1.0;40:88:0.5:0.6;56:72:0.65:0.3,wavelet_oracle,level=1,0.5201917609514044,0.5201917609514044
24,sample9.mzML,2,single,32:96:0.5:1,hcrd_l1,level=1,0.164342183837489,0.164342183837489
24,sample9.mzML,2,single,32:96:0.5:1,hcrd_l8,depth=7,0.19313611506442988,0.19313611506442988
24,sample9.mzML,2,single,32:96:0.5:1,gaussian_oracle,sigma=1,0.16790305394657642,0.1679030539465764
24,sample9.mzML,2,single,32:96:0.5:1,savgol_oracle,window=9;poly=3,0.16900395424312498,0.16900395424312498
24,sample9.mzML,2,single,32:96:0.5:1,morph_open_oracle,size=65,0.14692462898959954,0.14692462898959954
24,sample9.mzML,2,single,32:96:0.5:1,asls_oracle,lambda=100000;p=0.05,0.164858747938944,0.164858747938944
24,sample9.mzML,2,single,32:96:0.5:1,wavelet_oracle,level=1,0.167224885288389,0.167224885288389
24,sample9.mzML,2,nested,16:112:0.5:1.0;40:88:0.35:0.6;56:72:0.35:0.3,hcrd_l1,level=1,0.5390577587573241,0.5390577587573241
24,sample9.mzML,2,nested,16:112:0.5:1.0;40:88:0.35:0.6;56:72:0.35:0.3,hcrd_l8,depth=6,0.19313611506442988,0.19313611506442988
24,sample9.mzML,2,nested,16:112:0.5:1.0;40:88:0.35:0.6;56:72:0.35:0.3,gaussian_oracle,sigma=32,0.3753861763994538,0.37538617639945376
24,sample9.mzML,2,nested,16:112:0.5:1.0;40:88:0.35:0.6;56:72:0.35:0.3,savgol_oracle,window=9;poly=3,0.535868434397029,0.535868434397029
24,sample9.mzML,2,nested,16:112:0.5:1.0;40:88:0.35:0.6;56:72:0.35:0.3,morph_open_oracle,size=65,0.17885453461299503,0.17885453461299503
24,sample9.mzML,2,nested,16:112:0.5:1.0;40:88:0.35:0.6;56:72:0.35:0.3,asls_oracle,lambda=1e+06;p=0.05,0.16764464054252104,0.16764464054252107
24,sample9.mzML,2,nested,16:112:0.5:1.0;40:88:0.35:0.6;56:72:0.35:0.3,wavelet_oracle,level=1,0.5342495311582446,0.5342495311582446
25,sample9.mzML,1,single,32:96:0.5:1,hcrd_l1,level=1,0.1673553308758346,0.1673553308758346
25,sample9.mzML,1,single,32:96:0.5:1,hcrd_l8,depth=7,0.10016694006787413,0.10016694006787412
25,sample9.mzML,1,single,32:96:0.5:1,gaussian_oracle,sigma=32,0.11909705138291489,0.11909705138291489
25,sample9.mzML,1,single,32:96:0.5:1,savgol_oracle,window=9;poly=3,0.16660432674882952,0.16660432674882952
25,sample9.mzML,1,single,32:96:0.5:1,morph_open_oracle,size=65,0.0972119675207284,0.0972119675207284
25,sample9.mzML,1,single,32:96:0.5:1,asls_oracle,lambda=100000;p=0.05,0.07359426712161807,0.07359426712161805
25,sample9.mzML,1,single,32:96:0.5:1,wavelet_oracle,level=1,0.16612360995291411,0.16612360995291411
25,sample9.mzML,1,nested,16:112:0.5:1.0;40:88:0.65:0.6;56:72:0.35:0.3,hcrd_l1,level=1,0.5243073603725715,0.5243073603725715
25,sample9.mzML,1,nested,16:112:0.5:1.0;40:88:0.65:0.6;56:72:0.35:0.3,hcrd_l8,depth=7,0.10016694006787413,0.10016694006787412
25,sample9.mzML,1,nested,16:112:0.5:1.0;40:88:0.65:0.6;56:72:0.35:0.3,gaussian_oracle,sigma=32,0.29030601530934375,0.29030601530934375
25,sample9.mzML,1,nested,16:112:0.5:1.0;40:88:0.65:0.6;56:72:0.35:0.3,savgol_oracle,window=97;poly=3,0.5032782491555292,0.5032782491555292
25,sample9.mzML,1,nested,16:112:0.5:1.0;40:88:0.65:0.6;56:72:0.35:0.3,morph_open_oracle,size=97,0.09489709825408463,0.09489709825408463
25,sample9.mzML,1,nested,16:112:0.5:1.0;40:88:0.65:0.6;56:72:0.35:0.3,asls_oracle,lambda=100000;p=0.01,0.07276110079269467,0.07276110079269467
25,sample9.mzML,1,nested,16:112:0.5:1.0;40:88:0.65:0.6;56:72:0.35:0.3,wavelet_oracle,level=1,0.5320192126349023,0.5320192126349021
26,sample9.mzML,3,single,32:96:0.65:1,hcrd_l1,level=1,0.1802967783973031,0.1802967783973031
26,sample9.mzML,3,single,32:96:0.65:1,hcrd_l8,depth=7,0.09505160256628854,0.09505160256628854
26,sample9.mzML,3,single,32:96:0.65:1,gaussian_oracle,sigma=32,0.15573724110627632,0.15573724110627632
26,sample9.mzML,3,single,32:96:0.65:1,savgol_oracle,window=9;poly=3,0.18243201828998784,0.18243201828998784
26,sample9.mzML,3,single,32:96:0.65:1,morph_open_oracle,size=65,0.14669332990240525,0.14669332990240525
26,sample9.mzML,3,single,32:96:0.65:1,asls_oracle,lambda=100000;p=0.05,0.10527155865496045,0.10527155865496045
26,sample9.mzML,3,single,32:96:0.65:1,wavelet_oracle,level=1,0.17825621331490205,0.17825621331490205
26,sample9.mzML,3,nested,16:112:0.65:1.0;40:88:0.5:0.6;56:72:0.5:0.3,hcrd_l1,level=1,0.5285567290189861,0.5285567290189861
26,sample9.mzML,3,nested,16:112:0.65:1.0;40:88:0.5:0.6;56:72:0.5:0.3,hcrd_l8,depth=7,0.09505160256628854,0.09505160256628856
26,sample9.mzML,3,nested,16:112:0.65:1.0;40:88:0.5:0.6;56:72:0.5:0.3,gaussian_oracle,sigma=32,0.3397529205114363,0.3397529205114363
26,sample9.mzML,3,nested,16:112:0.65:1.0;40:88:0.5:0.6;56:72:0.5:0.3,savgol_oracle,window=97;poly=3,0.5286127887966617,0.5286127887966617
26,sample9.mzML,3,nested,16:112:0.65:1.0;40:88:0.5:0.6;56:72:0.5:0.3,morph_open_oracle,size=65,0.14457958062986148,0.14457958062986145
26,sample9.mzML,3,nested,16:112:0.65:1.0;40:88:0.5:0.6;56:72:0.5:0.3,asls_oracle,lambda=1e+06;p=0.05,0.09732165296745342,0.09732165296745342
26,sample9.mzML,3,nested,16:112:0.65:1.0;40:88:0.5:0.6;56:72:0.5:0.3,wavelet_oracle,level=1,0.527027855678636,0.527027855678636
27,sample10.mzML,6,single,32:96:0.65:1,hcrd_l1,level=1,0.20097189299890073,0.20097189299890073
27,sample10.mzML,6,single,32:96:0.65:1,hcrd_l8,depth=5,0.12382337827869722,0.12382337827869722
27,sample10.mzML,6,single,32:96:0.65:1,gaussian_oracle,sigma=1,0.1671823067593846,0.1671823067593846
27,sample10.mzML,6,single,32:96:0.65:1,savgol_oracle,window=9;poly=3,0.17021508082170247,0.1702150808217025
27,sample10.mzML,6,single,32:96:0.65:1,morph_open_oracle,size=65,0.13742595435543162,0.13742595435543162
27,sample10.mzML,6,single,32:96:0.65:1,asls_oracle,lambda=1e+06;p=0.05,0.11561540729978022,0.11561540729978023
27,sample10.mzML,6,single,32:96:0.65:1,wavelet_oracle,level=1,0.16606745255708882,0.1660674525570888
27,sample10.mzML,6,nested,16:112:0.65:1.0;40:88:0.65:0.6;56:72:0.5:0.3,hcrd_l1,level=1,0.5189601238260411,0.5189601238260411
27,sample10.mzML,6,nested,16:112:0.65:1.0;40:88:0.65:0.6;56:72:0.5:0.3,hcrd_l8,depth=6,0.12382337827869722,0.12382337827869722
27,sample10.mzML,6,nested,16:112:0.65:1.0;40:88:0.65:0.6;56:72:0.5:0.3,gaussian_oracle,sigma=32,0.3476539120190558,0.3476539120190558
27,sample10.mzML,6,nested,16:112:0.65:1.0;40:88:0.65:0.6;56:72:0.5:0.3,savgol_oracle,window=97;poly=3,0.47531716027539617,0.47531716027539617
27,sample10.mzML,6,nested,16:112:0.65:1.0;40:88:0.65:0.6;56:72:0.5:0.3,morph_open_oracle,size=97,0.12431737067488763,0.12431737067488763
27,sample10.mzML,6,nested,16:112:0.65:1.0;40:88:0.65:0.6;56:72:0.5:0.3,asls_oracle,lambda=1e+06;p=0.05,0.11262178843304058,0.11262178843304059
27,sample10.mzML,6,nested,16:112:0.65:1.0;40:88:0.65:0.6;56:72:0.5:0.3,wavelet_oracle,level=1,0.5194997307568647,0.5194997307568646
28,sample10.mzML,1,single,32:96:0.65:1,hcrd_l1,level=1,0.1693144558818596,0.1693144558818596
28,sample10.mzML,1,single,32:96:0.65:1,hcrd_l8,depth=6,0.09422675449741583,0.09422675449741583
28,sample10.mzML,1,single,32:96:0.65:1,gaussian_oracle,sigma=32,0.13980633822094113,0.13980633822094113
28,sample10.mzML,1,single,32:96:0.65:1,savgol_oracle,window=9;poly=3,0.16610640842872554,0.16610640842872554
28,sample10.mzML,1,single,32:96:0.65:1,morph_open_oracle,size=65,0.09418382609117337,0.09418382609117337
28,sample10.mzML,1,single,32:96:0.65:1,asls_oracle,lambda=1e+06;p=0.05,0.09254182167158935,0.09254182167158936
28,sample10.mzML,1,single,32:96:0.65:1,wavelet_oracle,level=1,0.16581669269465707,0.16581669269465707
28,sample10.mzML,1,nested,16:112:0.65:1.0;40:88:0.35:0.6;56:72:0.35:0.3,hcrd_l1,level=1,0.5100144580822614,0.5100144580822614
28,sample10.mzML,1,nested,16:112:0.65:1.0;40:88:0.35:0.6;56:72:0.35:0.3,hcrd_l8,depth=6,0.09422675449741583,0.09422675449741583
28,sample10.mzML,1,nested,16:112:0.65:1.0;40:88:0.35:0.6;56:72:0.35:0.3,gaussian_oracle,sigma=32,0.31597550726310975,0.31597550726310975
28,sample10.mzML,1,nested,16:112:0.65:1.0;40:88:0.35:0.6;56:72:0.35:0.3,savgol_oracle,window=9;poly=3,0.5038248454745999,0.5038248454745999
28,sample10.mzML,1,nested,16:112:0.65:1.0;40:88:0.35:0.6;56:72:0.35:0.3,morph_open_oracle,size=65,0.10945613373145613,0.10945613373145613
28,sample10.mzML,1,nested,16:112:0.65:1.0;40:88:0.35:0.6;56:72:0.35:0.3,asls_oracle,lambda=1e+06;p=0.05,0.0907352868614983,0.0907352868614983
28,sample10.mzML,1,nested,16:112:0.65:1.0;40:88:0.35:0.6;56:72:0.35:0.3,wavelet_oracle,level=1,0.50367200169064,0.50367200169064
29,sample10.mzML,2,single,32:96:0.5:1,hcrd_l1,level=1,0.1776561363967946,0.1776561363967946
29,sample10.mzML,2,single,32:96:0.5:1,hcrd_l8,depth=6,0.2021848084826779,0.2021848084826779
29,sample10.mzML,2,single,32:96:0.5:1,gaussian_oracle,sigma=1,0.1668293747847929,0.1668293747847929
29,sample10.mzML,2,single,32:96:0.5:1,savgol_oracle,window=9;poly=3,0.1672626104340144,0.1672626104340144
29,sample10.mzML,2,single,32:96:0.5:1,morph_open_oracle,size=65,0.17939952327477623,0.17939952327477623
29,sample10.mzML,2,single,32:96:0.5:1,asls_oracle,lambda=100000;p=0.05,0.1864392007092972,0.1864392007092972
29,sample10.mzML,2,single,32:96:0.5:1,wavelet_oracle,level=1,0.16593223013112102,0.16593223013112102
29,sample10.mzML,2,nested,16:112:0.5:1.0;40:88:0.35:0.6;56:72:0.65:0.3,hcrd_l1,level=1,0.5418161318191448,0.5418161318191449
29,sample10.mzML,2,nested,16:112:0.5:1.0;40:88:0.35:0.6;56:72:0.65:0.3,hcrd_l8,depth=6,0.2021848084826779,0.2021848084826779
29,sample10.mzML,2,nested,16:112:0.5:1.0;40:88:0.35:0.6;56:72:0.65:0.3,gaussian_oracle,sigma=32,0.3987957036494236,0.3987957036494236
29,sample10.mzML,2,nested,16:112:0.5:1.0;40:88:0.35:0.6;56:72:0.65:0.3,savgol_oracle,window=9;poly=3,0.53295767581979,0.5329576758197901
29,sample10.mzML,2,nested,16:112:0.5:1.0;40:88:0.35:0.6;56:72:0.65:0.3,morph_open_oracle,size=65,0.18448379421046254,0.18448379421046254
29,sample10.mzML,2,nested,16:112:0.5:1.0;40:88:0.35:0.6;56:72:0.65:0.3,asls_oracle,lambda=1e+06;p=0.05,0.1891305344398912,0.18913053443989122
29,sample10.mzML,2,nested,16:112:0.5:1.0;40:88:0.35:0.6;56:72:0.65:0.3,wavelet_oracle,level=1,0.5318280693769841,0.5318280693769841
30,sample11.mzML,1,single,32:96:0.65:1,hcrd_l1,level=1,0.162664256099217,0.162664256099217
30,sample11.mzML,1,single,32:96:0.65:1,hcrd_l8,depth=6,0.11021725301421499,0.11021725301421499
30,sample11.mzML,1,single,32:96:0.65:1,gaussian_oracle,sigma=32,0.11858318093210773,0.11858318093210772
30,sample11.mzML,1,single,32:96:0.65:1,savgol_oracle,window=9;poly=3,0.1663022036379119,0.1663022036379119
30,sample11.mzML,1,single,32:96:0.65:1,morph_open_oracle,size=65,0.08585651449181211,0.08585651449181211
30,sample11.mzML,1,single,32:96:0.65:1,asls_oracle,lambda=100000;p=0.05,0.07638118583544312,0.07638118583544312
30,sample11.mzML,1,single,32:96:0.65:1,wavelet_oracle,level=1,0.16587652216719165,0.16587652216719165
30,sample11.mzML,1,nested,16:112:0.65:1.0;40:88:0.35:0.6;56:72:0.5:0.3,hcrd_l1,level=1,0.4985573287166208,0.4985573287166208
30,sample11.mzML,1,nested,16:112:0.65:1.0;40:88:0.35:0.6;56:72:0.5:0.3,hcrd_l8,depth=6,0.11021725301421499,0.11021725301421499
30,sample11.mzML,1,nested,16:112:0.65:1.0;40:88:0.35:0.6;56:72:0.5:0.3,gaussian_oracle,sigma=32,0.28598234874741224,0.28598234874741224
30,sample11.mzML,1,nested,16:112:0.65:1.0;40:88:0.35:0.6;56:72:0.5:0.3,savgol_oracle,window=97;poly=3,0.4964933205645012,0.4964933205645013
30,sample11.mzML,1,nested,16:112:0.65:1.0;40:88:0.35:0.6;56:72:0.5:0.3,morph_open_oracle,size=65,0.09841717512730164,0.09841717512730164
30,sample11.mzML,1,nested,16:112:0.65:1.0;40:88:0.35:0.6;56:72:0.5:0.3,asls_oracle,lambda=1e+06;p=0.05,0.08179209185953505,0.08179209185953507
30,sample11.mzML,1,nested,16:112:0.65:1.0;40:88:0.35:0.6;56:72:0.5:0.3,wavelet_oracle,level=1,0.5038707732110329,0.5038707732110329
31,sample11.mzML,2,single,32:96:0.35:1,hcrd_l1,level=1,0.17053045918955692,0.17053045918955692
31,sample11.mzML,2,single,32:96:0.35:1,hcrd_l8,depth=6,0.14674217769935213,0.14674217769935213
31,sample11.mzML,2,single,32:96:0.35:1,gaussian_oracle,sigma=32,0.15087211721882748,0.15087211721882748
31,sample11.mzML,2,single,32:96:0.35:1,savgol_oracle,window=9;poly=3,0.16595309190042315,0.16595309190042315
31,sample11.mzML,2,single,32:96:0.35:1,morph_open_oracle,size=65,0.10276706169299257,0.10276706169299257
31,sample11.mzML,2,single,32:96:0.35:1,asls_oracle,lambda=100000;p=0.05,0.11463587378890924,0.11463587378890924
31,sample11.mzML,2,single,32:96:0.35:1,wavelet_oracle,level=1,0.1657011255406001,0.1657011255406001
31,sample11.mzML,2,nested,16:112:0.35:1.0;40:88:0.5:0.6;56:72:0.65:0.3,hcrd_l1,level=1,0.5349793720310674,0.5349793720310674
31,sample11.mzML,2,nested,16:112:0.35:1.0;40:88:0.5:0.6;56:72:0.65:0.3,hcrd_l8,depth=6,0.14674217769935213,0.14674217769935213
31,sample11.mzML,2,nested,16:112:0.35:1.0;40:88:0.5:0.6;56:72:0.65:0.3,gaussian_oracle,sigma=32,0.3180069550565044,0.3180069550565044
31,sample11.mzML,2,nested,16:112:0.35:1.0;40:88:0.5:0.6;56:72:0.65:0.3,savgol_oracle,window=9;poly=3,0.5137160390968398,0.5137160390968398
31,sample11.mzML,2,nested,16:112:0.35:1.0;40:88:0.5:0.6;56:72:0.65:0.3,morph_open_oracle,size=65,0.11319004972472851,0.11319004972472851
31,sample11.mzML,2,nested,16:112:0.35:1.0;40:88:0.5:0.6;56:72:0.65:0.3,asls_oracle,lambda=1e+06;p=0.05,0.11753379296308887,0.1175337929630889
31,sample11.mzML,2,nested,16:112:0.35:1.0;40:88:0.5:0.6;56:72:0.65:0.3,wavelet_oracle,level=1,0.513577426633951,0.513577426633951
32,sample11.mzML,7,single,32:96:0.5:1,hcrd_l1,level=1,0.18000195027242497,0.18000195027242497
32,sample11.mzML,7,single,32:96:0.5:1,hcrd_l8,depth=6,0.11226142948899498,0.11226142948899498
32,sample11.mzML,7,single,32:96:0.5:1,gaussian_oracle,sigma=32,0.13830253222904626,0.13830253222904626
32,sample11.mzML,7,single,32:96:0.5:1,savgol_oracle,window=9;poly=3,0.17936587513322838,0.17936587513322838
32,sample11.mzML,7,single,32:96:0.5:1,morph_open_oracle,size=65,0.09523489983549684,0.09523489983549684
32,sample11.mzML,7,single,32:96:0.5:1,asls_oracle,lambda=100000;p=0.05,0.08960414589408877,0.08960414589408877
32,sample11.mzML,7,single,32:96:0.5:1,wavelet_oracle,level=1,0.1712020323798158,0.1712020323798158
32,sample11.mzML,7,nested,16:112:0.5:1.0;40:88:0.65:0.6;56:72:0.65:0.3,hcrd_l1,level=1,0.5417805012414282,0.5417805012414282
32,sample11.mzML,7,nested,16:112:0.5:1.0;40:88:0.65:0.6;56:72:0.65:0.3,hcrd_l8,depth=6,0.11226142948899498,0.11226142948899498
32,sample11.mzML,7,nested,16:112:0.5:1.0;40:88:0.65:0.6;56:72:0.65:0.3,gaussian_oracle,sigma=32,0.307732757644996,0.307732757644996
32,sample11.mzML,7,nested,16:112:0.5:1.0;40:88:0.65:0.6;56:72:0.65:0.3,savgol_oracle,window=97;poly=3,0.5270465706487519,0.5270465706487519
32,sample11.mzML,7,nested,16:112:0.5:1.0;40:88:0.65:0.6;56:72:0.65:0.3,morph_open_oracle,size=65,0.11917985457226243,0.11917985457226246
32,sample11.mzML,7,nested,16:112:0.5:1.0;40:88:0.65:0.6;56:72:0.65:0.3,asls_oracle,lambda=1e+06;p=0.05,0.09601547048350474,0.09601547048350476
32,sample11.mzML,7,nested,16:112:0.5:1.0;40:88:0.65:0.6;56:72:0.65:0.3,wavelet_oracle,level=1,0.5382287413483983,0.5382287413483983
33,sample12.mzML,2,single,32:96:0.65:1,hcrd_l1,level=1,0.17996610257554232,0.17996610257554232
33,sample12.mzML,2,single,32:96:0.65:1,hcrd_l8,depth=6,0.16659923336931626,0.16659923336931626
33,sample12.mzML,2,single,32:96:0.65:1,gaussian_oracle,sigma=1,0.16559427530773033,0.16559427530773033
33,sample12.mzML,2,single,32:96:0.65:1,savgol_oracle,window=9;poly=3,0.16596024149706307,0.16596024149706307
33,sample12.mzML,2,single,32:96:0.65:1,morph_open_oracle,size=65,0.1216224022675967,0.1216224022675967
33,sample12.mzML,2,single,32:96:0.65:1,asls_oracle,lambda=100000;p=0.05,0.13488540215111677,0.13488540215111677
33,sample12.mzML,2,single,32:96:0.65:1,wavelet_oracle,level=1,0.16569587075812792,0.16569587075812792
33,sample12.mzML,2,nested,16:112:0.65:1.0;40:88:0.35:0.6;56:72:0.65:0.3,hcrd_l1,level=1,0.5126711335870294,0.5126711335870294
33,sample12.mzML,2,nested,16:112:0.65:1.0;40:88:0.35:0.6;56:72:0.65:0.3,hcrd_l8,depth=6,0.16659923336931626,0.16659923336931626
33,sample12.mzML,2,nested,16:112:0.65:1.0;40:88:0.35:0.6;56:72:0.65:0.3,gaussian_oracle,sigma=32,0.3461975030205798,0.34619750302057983
33,sample12.mzML,2,nested,16:112:0.65:1.0;40:88:0.35:0.6;56:72:0.65:0.3,savgol_oracle,window=9;poly=3,0.5035864194748623,0.5035864194748623
33,sample12.mzML,2,nested,16:112:0.65:1.0;40:88:0.35:0.6;56:72:0.65:0.3,morph_open_oracle,size=97,0.16917158821838363,0.1691715882183836
33,sample12.mzML,2,nested,16:112:0.65:1.0;40:88:0.35:0.6;56:72:0.65:0.3,asls_oracle,lambda=1e+06;p=0.05,0.1386404223493092,0.1386404223493092
33,sample12.mzML,2,nested,16:112:0.65:1.0;40:88:0.35:0.6;56:72:0.65:0.3,wavelet_oracle,level=1,0.5033647248029414,0.5033647248029414
34,sample12.mzML,1,single,32:96:0.35:1,hcrd_l1,level=1,0.15993723194521473,0.15993723194521473
34,sample12.mzML,1,single,32:96:0.35:1,hcrd_l8,depth=6,0.09583304597792605,0.09583304597792607
34,sample12.mzML,1,single,32:96:0.35:1,gaussian_oracle,sigma=32,0.11779964791599347,0.11779964791599347
34,sample12.mzML,1,single,32:96:0.35:1,savgol_oracle,window=9;poly=3,0.16605174232729505,0.16605174232729505
34,sample12.mzML,1,single,32:96:0.35:1,morph_open_oracle,size=65,0.07625354858880727,0.07625354858880727
34,sample12.mzML,1,single,32:96:0.35:1,asls_oracle,lambda=100000;p=0.05,0.07000787578266834,0.07000787578266834
34,sample12.mzML,1,single,32:96:0.35:1,wavelet_oracle,level=1,0.16584943168387936,0.16584943168387933
34,sample12.mzML,1,nested,16:112:0.35:1.0;40:88:0.65:0.6;56:72:0.5:0.3,hcrd_l1,level=1,0.49742778157022755,0.49742778157022755
34,sample12.mzML,1,nested,16:112:0.35:1.0;40:88:0.65:0.6;56:72:0.5:0.3,hcrd_l8,depth=6,0.09583304597792605,0.09583304597792605
34,sample12.mzML,1,nested,16:112:0.35:1.0;40:88:0.65:0.6;56:72:0.5:0.3,gaussian_oracle,sigma=32,0.28896600165508035,0.28896600165508035
34,sample12.mzML,1,nested,16:112:0.35:1.0;40:88:0.65:0.6;56:72:0.5:0.3,savgol_oracle,window=97;poly=3,0.4941914501863998,0.4941914501863998
34,sample12.mzML,1,nested,16:112:0.35:1.0;40:88:0.65:0.6;56:72:0.5:0.3,morph_open_oracle,size=97,0.09014675012294644,0.09014675012294646
34,sample12.mzML,1,nested,16:112:0.35:1.0;40:88:0.65:0.6;56:72:0.5:0.3,asls_oracle,lambda=1e+06;p=0.05,0.07322477221009513,0.07322477221009513
34,sample12.mzML,1,nested,16:112:0.35:1.0;40:88:0.65:0.6;56:72:0.5:0.3,wavelet_oracle,level=1,0.5038433717531264,0.5038433717531264
35,sample12.mzML,3,single,32:96:0.35:1,hcrd_l1,level=1,0.18422229123684072,0.18422229123684072
35,sample12.mzML,3,single,32:96:0.35:1,hcrd_l8,depth=6,0.1159776787813163,0.1159776787813163
35,sample12.mzML,3,single,32:96:0.35:1,gaussian_oracle,sigma=32,0.15104702464501493,0.15104702464501493
35,sample12.mzML,3,single,32:96:0.35:1,savgol_oracle,window=9;poly=2,0.17405868488496784,0.17405868488496784
35,sample12.mzML,3,single,32:96:0.35:1,morph_open_oracle,size=65,0.1536523171392634,0.1536523171392634
35,sample12.mzML,3,single,32:96:0.35:1,asls_oracle,lambda=1e+06;p=0.05,0.09591192180651817,0.09591192180651817
35,sample12.mzML,3,single,32:96:0.35:1,wavelet_oracle,level=1,0.17123522067806182,0.17123522067806182
35,sample12.mzML,3,nested,16:112:0.35:1.0;40:88:0.65:0.6;56:72:0.65:0.3,hcrd_l1,level=1,0.5250472964534632,0.5250472964534632
35,sample12.mzML,3,nested,16:112:0.35:1.0;40:88:0.65:0.6;56:72:0.65:0.3,hcrd_l8,depth=5,0.1159776787813163,0.1159776787813163
35,sample12.mzML,3,nested,16:112:0.35:1.0;40:88:0.65:0.6;56:72:0.65:0.3,gaussian_oracle,sigma=32,0.33133650448154095,0.33133650448154095
35,sample12.mzML,3,nested,16:112:0.35:1.0;40:88:0.65:0.6;56:72:0.65:0.3,savgol_oracle,window=9;poly=2,0.5118883255558442,0.5118883255558442
35,sample12.mzML,3,nested,16:112:0.35:1.0;40:88:0.65:0.6;56:72:0.65:0.3,morph_open_oracle,size=65,0.10980284634398774,0.10980284634398778
35,sample12.mzML,3,nested,16:112:0.35:1.0;40:88:0.65:0.6;56:72:0.65:0.3,asls_oracle,lambda=1e+06;p=0.05,0.09699857528825588,0.09699857528825587
35,sample12.mzML,3,nested,16:112:0.35:1.0;40:88:0.65:0.6;56:72:0.65:0.3,wavelet_oracle,level=1,0.5090919003273544,0.5090919003273544
36,sample13.mzML,1,single,32:96:0.65:1,hcrd_l1,level=1,0.16566783887357128,0.16566783887357128
36,sample13.mzML,1,single,32:96:0.65:1,hcrd_l8,depth=6,0.09660734946969012,0.09660734946969012
36,sample13.mzML,1,single,32:96:0.65:1,gaussian_oracle,sigma=32,0.12018508457630228,0.12018508457630228
36,sample13.mzML,1,single,32:96:0.65:1,savgol_oracle,window=9;poly=3,0.16648562854717364,0.16648562854717366
36,sample13.mzML,1,single,32:96:0.65:1,morph_open_oracle,size=65,0.09927926738029628,0.09927926738029628
36,sample13.mzML,1,single,32:96:0.65:1,asls_oracle,lambda=100000;p=0.05,0.07714189155690218,0.07714189155690218
36,sample13.mzML,1,single,32:96:0.65:1,wavelet_oracle,level=1,0.16634052739124525,0.16634052739124525
36,sample13.mzML,1,nested,16:112:0.65:1.0;40:88:0.65:0.6;56:72:0.5:0.3,hcrd_l1,level=1,0.51698539994513,0.51698539994513
36,sample13.mzML,1,nested,16:112:0.65:1.0;40:88:0.65:0.6;56:72:0.5:0.3,hcrd_l8,depth=6,0.09660734946969012,0.09660734946969012
36,sample13.mzML,1,nested,16:112:0.65:1.0;40:88:0.65:0.6;56:72:0.5:0.3,gaussian_oracle,sigma=32,0.28861689024055726,0.2886168902405573
36,sample13.mzML,1,nested,16:112:0.65:1.0;40:88:0.65:0.6;56:72:0.5:0.3,savgol_oracle,window=97;poly=3,0.5070560713348281,0.5070560713348281
36,sample13.mzML,1,nested,16:112:0.65:1.0;40:88:0.65:0.6;56:72:0.5:0.3,morph_open_oracle,size=97,0.09257008830558403,0.09257008830558401
36,sample13.mzML,1,nested,16:112:0.65:1.0;40:88:0.65:0.6;56:72:0.5:0.3,asls_oracle,lambda=100000;p=0.01,0.07684025746168666,0.07684025746168667
36,sample13.mzML,1,nested,16:112:0.65:1.0;40:88:0.65:0.6;56:72:0.5:0.3,wavelet_oracle,level=1,0.5197728055910213,0.5197728055910213
37,sample13.mzML,2,single,32:96:0.35:1,hcrd_l1,level=1,0.18124879221117318,0.18124879221117318
37,sample13.mzML,2,single,32:96:0.35:1,hcrd_l8,depth=6,0.20119508341115097,0.20119508341115097
37,sample13.mzML,2,single,32:96:0.35:1,gaussian_oracle,sigma=1,0.16710625678388055,0.16710625678388055
37,sample13.mzML,2,single,32:96:0.35:1,savgol_oracle,window=9;poly=3,0.16758324684597803,0.16758324684597803
37,sample13.mzML,2,single,32:96:0.35:1,morph_open_oracle,size=65,0.16461428286860524,0.16461428286860524
37,sample13.mzML,2,single,32:96:0.35:1,asls_oracle,lambda=100000;p=0.05,0.17869912694839146,0.17869912694839146
37,sample13.mzML,2,single,32:96:0.35:1,wavelet_oracle,level=1,0.16681365937834194,0.16681365937834194
37,sample13.mzML,2,nested,16:112:0.35:1.0;40:88:0.5:0.6;56:72:0.65:0.3,hcrd_l1,level=1,0.5143556518695185,0.5143556518695185
37,sample13.mzML,2,nested,16:112:0.35:1.0;40:88:0.5:0.6;56:72:0.65:0.3,hcrd_l8,depth=5,0.20119508341115097,0.201195083411151
37,sample13.mzML,2,nested,16:112:0.35:1.0;40:88:0.5:0.6;56:72:0.65:0.3,gaussian_oracle,sigma=32,0.38337511191473195,0.38337511191473195
37,sample13.mzML,2,nested,16:112:0.35:1.0;40:88:0.5:0.6;56:72:0.65:0.3,savgol_oracle,window=9;poly=3,0.5152061743597881,0.5152061743597881
37,sample13.mzML,2,nested,16:112:0.35:1.0;40:88:0.5:0.6;56:72:0.65:0.3,morph_open_oracle,size=65,0.16653587338826348,0.16653587338826348
37,sample13.mzML,2,nested,16:112:0.35:1.0;40:88:0.5:0.6;56:72:0.65:0.3,asls_oracle,lambda=1e+06;p=0.05,0.18055937895496738,0.18055937895496738
37,sample13.mzML,2,nested,16:112:0.35:1.0;40:88:0.5:0.6;56:72:0.65:0.3,wavelet_oracle,level=1,0.5146899604716928,0.5146899604716928
38,sample13.mzML,7,single,32:96:0.35:1,hcrd_l1,level=1,0.21845821808105573,0.2184582180810557
38,sample13.mzML,7,single,32:96:0.35:1,hcrd_l8,depth=6,0.19450336223911568,0.19450336223911568
38,sample13.mzML,7,single,32:96:0.35:1,gaussian_oracle,sigma=32,0.1658854120153626,0.1658854120153626
38,sample13.mzML,7,single,32:96:0.35:1,savgol_oracle,window=9;poly=3,0.198756525280375,0.198756525280375
38,sample13.mzML,7,single,32:96:0.35:1,morph_open_oracle,size=65,0.13442464278184887,0.13442464278184887
38,sample13.mzML,7,single,32:96:0.35:1,asls_oracle,lambda=100000;p=0.05,0.12682756625488015,0.12682756625488012
38,sample13.mzML,7,single,32:96:0.35:1,wavelet_oracle,level=1,0.17347868034475236,0.17347868034475236
38,sample13.mzML,7,nested,16:112:0.35:1.0;40:88:0.5:0.6;56:72:0.35:0.3,hcrd_l1,level=1,0.5673542478430684,0.5673542478430684
38,sample13.mzML,7,nested,16:112:0.35:1.0;40:88:0.5:0.6;56:72:0.35:0.3,hcrd_l8,depth=7,0.19450336223911568,0.19450336223911568
38,sample13.mzML,7,nested,16:112:0.35:1.0;40:88:0.5:0.6;56:72:0.35:0.3,gaussian_oracle,sigma=32,0.3264244661780374,0.3264244661780374
38,sample13.mzML,7,nested,16:112:0.35:1.0;40:88:0.5:0.6;56:72:0.35:0.3,savgol_oracle,window=9;poly=3,0.5473439677001422,0.5473439677001422
38,sample13.mzML,7,nested,16:112:0.35:1.0;40:88:0.5:0.6;56:72:0.35:0.3,morph_open_oracle,size=65,0.11383152488359842,0.11383152488359839
38,sample13.mzML,7,nested,16:112:0.35:1.0;40:88:0.5:0.6;56:72:0.35:0.3,asls_oracle,lambda=1e+06;p=0.05,0.13002080503070287,0.13002080503070287
38,sample13.mzML,7,nested,16:112:0.35:1.0;40:88:0.5:0.6;56:72:0.35:0.3,wavelet_oracle,level=1,0.5222962654345292,0.5222962654345293
39,sample14.mzML,2,single,32:96:0.35:1,hcrd_l1,level=1,0.16812153627308807,0.16812153627308807
39,sample14.mzML,2,single,32:96:0.35:1,hcrd_l8,depth=6,0.14243130686835548,0.14243130686835545
39,sample14.mzML,2,single,32:96:0.35:1,gaussian_oracle,sigma=32,0.14955578281227697,0.14955578281227697
39,sample14.mzML,2,single,32:96:0.35:1,savgol_oracle,window=9;poly=3,0.16586370969616496,0.16586370969616496
39,sample14.mzML,2,single,32:96:0.35:1,morph_open_oracle,size=65,0.09985232158387514,0.09985232158387514
39,sample14.mzML,2,single,32:96:0.35:1,asls_oracle,lambda=100000;p=0.05,0.1125818315101591,0.1125818315101591
39,sample14.mzML,2,single,32:96:0.35:1,wavelet_oracle,level=1,0.16563919921263806,0.16563919921263806
39,sample14.mzML,2,nested,16:112:0.35:1.0;40:88:0.5:0.6;56:72:0.65:0.3,hcrd_l1,level=1,0.5108958591446585,0.5108958591446585
39,sample14.mzML,2,nested,16:112:0.35:1.0;40:88:0.5:0.6;56:72:0.65:0.3,hcrd_l8,depth=5,0.14243130686835548,0.14243130686835548
39,sample14.mzML,2,nested,16:112:0.35:1.0;40:88:0.5:0.6;56:72:0.65:0.3,gaussian_oracle,sigma=32,0.31716850733484664,0.31716850733484664
39,sample14.mzML,2,nested,16:112:0.35:1.0;40:88:0.5:0.6;56:72:0.65:0.3,savgol_oracle,window=9;poly=3,0.5136093691719027,0.5136093691719027
39,sample14.mzML,2,nested,16:112:0.35:1.0;40:88:0.5:0.6;56:72:0.65:0.3,morph_open_oracle,size=65,0.11306154054094178,0.11306154054094177
39,sample14.mzML,2,nested,16:112:0.35:1.0;40:88:0.5:0.6;56:72:0.65:0.3,asls_oracle,lambda=1e+06;p=0.05,0.11500530895921782,0.11500530895921782
39,sample14.mzML,2,nested,16:112:0.35:1.0;40:88:0.5:0.6;56:72:0.65:0.3,wavelet_oracle,level=1,0.513515500305989,0.513515500305989
40,sample14.mzML,1,single,32:96:0.35:1,hcrd_l1,level=1,0.1677514143752377,0.1677514143752377
40,sample14.mzML,1,single,32:96:0.35:1,hcrd_l8,depth=6,0.11629921264580605,0.11629921264580605
40,sample14.mzML,1,single,32:96:0.35:1,gaussian_oracle,sigma=32,0.1302970217289007,0.1302970217289007
40,sample14.mzML,1,single,32:96:0.35:1,savgol_oracle,window=9;poly=2,0.1658282069329691,0.1658282069329691
40,sample14.mzML,1,single,32:96:0.35:1,morph_open_oracle,size=65,0.08960551784754145,0.08960551784754146
40,sample14.mzML,1,single,32:96:0.35:1,asls_oracle,lambda=100000;p=0.05,0.08346725127651737,0.08346725127651737
40,sample14.mzML,1,single,32:96:0.35:1,wavelet_oracle,level=1,0.16570448035320112,0.16570448035320112
40,sample14.mzML,1,nested,16:112:0.35:1.0;40:88:0.35:0.6;56:72:0.35:0.3,hcrd_l1,level=1,0.5249935569653873,0.5249935569653873
40,sample14.mzML,1,nested,16:112:0.35:1.0;40:88:0.35:0.6;56:72:0.35:0.3,hcrd_l8,depth=6,0.11629921264580605,0.11629921264580603
40,sample14.mzML,1,nested,16:112:0.35:1.0;40:88:0.35:0.6;56:72:0.35:0.3,gaussian_oracle,sigma=32,0.30456392210902383,0.30456392210902383
40,sample14.mzML,1,nested,16:112:0.35:1.0;40:88:0.35:0.6;56:72:0.35:0.3,savgol_oracle,window=97;poly=3,0.5149271239176294,0.5149271239176294
40,sample14.mzML,1,nested,16:112:0.35:1.0;40:88:0.35:0.6;56:72:0.35:0.3,morph_open_oracle,size=97,0.1172229672879978,0.11722296728799782
40,sample14.mzML,1,nested,16:112:0.35:1.0;40:88:0.35:0.6;56:72:0.35:0.3,asls_oracle,lambda=1e+06;p=0.05,0.08753724903309819,0.08753724903309819
40,sample14.mzML,1,nested,16:112:0.35:1.0;40:88:0.35:0.6;56:72:0.35:0.3,wavelet_oracle,level=1,0.5199379253428212,0.5199379253428212
41,sample14.mzML,3,single,32:96:0.35:1,hcrd_l1,level=1,0.16789332064420986,0.16789332064420986
41,sample14.mzML,3,single,32:96:0.35:1,hcrd_l8,depth=6,0.11265991702871522,0.11265991702871522
41,sample14.mzML,3,single,32:96:0.35:1,gaussian_oracle,sigma=32,0.15944892781041117,0.15944892781041117
41,sample14.mzML,3,single,32:96:0.35:1,savgol_oracle,window=9;poly=3,0.17516320157082083,0.1751632015708208
41,sample14.mzML,3,single,32:96:0.35:1,morph_open_oracle,size=65,0.1463547081559292,0.1463547081559292
41,sample14.mzML,3,single,32:96:0.35:1,asls_oracle,lambda=1e+06;p=0.05,0.10693554957152178,0.10693554957152178
41,sample14.mzML,3,single,32:96:0.35:1,wavelet_oracle,level=1,0.1720344968917057,0.1720344968917057
41,sample14.mzML,3,nested,16:112:0.35:1.0;40:88:0.35:0.6;56:72:0.35:0.3,hcrd_l1,level=1,0.5144445013998558,0.5144445013998558
41,sample14.mzML,3,nested,16:112:0.35:1.0;40:88:0.35:0.6;56:72:0.35:0.3,hcrd_l8,depth=6,0.11265991702871522,0.11265991702871522
41,sample14.mzML,3,nested,16:112:0.35:1.0;40:88:0.35:0.6;56:72:0.35:0.3,gaussian_oracle,sigma=32,0.34137179027083037,0.34137179027083037
41,sample14.mzML,3,nested,16:112:0.35:1.0;40:88:0.35:0.6;56:72:0.35:0.3,savgol_oracle,window=9;poly=3,0.5293981818692981,0.5293981818692981
41,sample14.mzML,3,nested,16:112:0.35:1.0;40:88:0.35:0.6;56:72:0.35:0.3,morph_open_oracle,size=65,0.12952555675739807,0.12952555675739807
41,sample14.mzML,3,nested,16:112:0.35:1.0;40:88:0.35:0.6;56:72:0.35:0.3,asls_oracle,lambda=1e+06;p=0.05,0.10972148826392021,0.10972148826392021
41,sample14.mzML,3,nested,16:112:0.35:1.0;40:88:0.35:0.6;56:72:0.35:0.3,wavelet_oracle,level=1,0.526267941881326,0.526267941881326
42,sample15.mzML,2,single,32:96:0.65:1,hcrd_l1,level=1,0.18637290625238045,0.18637290625238045
42,sample15.mzML,2,single,32:96:0.65:1,hcrd_l8,depth=7,0.20496090224459174,0.20496090224459174
42,sample15.mzML,2,single,32:96:0.65:1,gaussian_oracle,sigma=1,0.16727219055678125,0.16727219055678125
42,sample15.mzML,2,single,32:96:0.65:1,savgol_oracle,window=9;poly=2,0.16819955608272832,0.16819955608272832
42,sample15.mzML,2,single,32:96:0.65:1,morph_open_oracle,size=65,0.15711533563075103,0.15711533563075103
42,sample15.mzML,2,single,32:96:0.65:1,asls_oracle,lambda=100000;p=0.05,0.16695120594533178,0.1669512059453318
42,sample15.mzML,2,single,32:96:0.65:1,wavelet_oracle,level=1,0.16702235447360303,0.16702235447360297
42,sample15.mzML,2,nested,16:112:0.65:1.0;40:88:0.65:0.6;56:72:0.5:0.3,hcrd_l1,level=1,0.5520991621460534,0.5520991621460534
42,sample15.mzML,2,nested,16:112:0.65:1.0;40:88:0.65:0.6;56:72:0.5:0.3,hcrd_l8,depth=7,0.20496090224459174,0.20496090224459176
42,sample15.mzML,2,nested,16:112:0.65:1.0;40:88:0.65:0.6;56:72:0.5:0.3,gaussian_oracle,sigma=32,0.3783067938651552,0.3783067938651552
42,sample15.mzML,2,nested,16:112:0.65:1.0;40:88:0.65:0.6;56:72:0.5:0.3,savgol_oracle,window=9;poly=2,0.5215090129957534,0.5215090129957534
42,sample15.mzML,2,nested,16:112:0.65:1.0;40:88:0.65:0.6;56:72:0.5:0.3,morph_open_oracle,size=65,0.1609192989617152,0.1609192989617152
42,sample15.mzML,2,nested,16:112:0.65:1.0;40:88:0.65:0.6;56:72:0.5:0.3,asls_oracle,lambda=1e+06;p=0.05,0.1693332394428611,0.1693332394428611
42,sample15.mzML,2,nested,16:112:0.65:1.0;40:88:0.65:0.6;56:72:0.5:0.3,wavelet_oracle,level=1,0.5204546326733791,0.5204546326733791
43,sample15.mzML,1,single,32:96:0.65:1,hcrd_l1,level=1,0.16369714483174025,0.16369714483174022
43,sample15.mzML,1,single,32:96:0.65:1,hcrd_l8,depth=7,0.1260090967610589,0.1260090967610589
43,sample15.mzML,1,single,32:96:0.65:1,gaussian_oracle,sigma=32,0.12740159691697836,0.12740159691697836
43,sample15.mzML,1,single,32:96:0.65:1,savgol_oracle,window=9;poly=3,0.16710516704286116,0.16710516704286116
43,sample15.mzML,1,single,32:96:0.65:1,morph_open_oracle,size=65,0.11264913019513907,0.11264913019513907
43,sample15.mzML,1,single,32:96:0.65:1,asls_oracle,lambda=100000;p=0.05,0.08795688112567014,0.08795688112567014
43,sample15.mzML,1,single,32:96:0.65:1,wavelet_oracle,level=1,0.16630075213588483,0.16630075213588483
43,sample15.mzML,1,nested,16:112:0.65:1.0;40:88:0.5:0.6;56:72:0.65:0.3,hcrd_l1,level=1,0.5012081546114941,0.501208154611494
43,sample15.mzML,1,nested,16:112:0.65:1.0;40:88:0.5:0.6;56:72:0.65:0.3,hcrd_l8,depth=6,0.1260090967610589,0.12600909676105887
43,sample15.mzML,1,nested,16:112:0.65:1.0;40:88:0.5:0.6;56:72:0.65:0.3,gaussian_oracle,sigma=32,0.2932193751375678,0.2932193751375678
43,sample15.mzML,1,nested,16:112:0.65:1.0;40:88:0.5:0.6;56:72:0.65:0.3,savgol_oracle,window=97;poly=3,0.5151807288638981,0.5151807288638981
43,sample15.mzML,1,nested,16:112:0.65:1.0;40:88:0.5:0.6;56:72:0.65:0.3,morph_open_oracle,size=97,0.10787615075015163,0.1078761507501516
43,sample15.mzML,1,nested,16:112:0.65:1.0;40:88:0.5:0.6;56:72:0.65:0.3,asls_oracle,lambda=1e+06;p=0.05,0.08631246207615528,0.08631246207615528
43,sample15.mzML,1,nested,16:112:0.65:1.0;40:88:0.5:0.6;56:72:0.65:0.3,wavelet_oracle,level=1,0.5151200973474762,0.5151200973474762
44,sample15.mzML,7,single,32:96:0.65:1,hcrd_l1,level=1,0.18225738299159994,0.18225738299159994
44,sample15.mzML,7,single,32:96:0.65:1,hcrd_l8,depth=6,0.13297790674015875,0.13297790674015872
44,sample15.mzML,7,single,32:96:0.65:1,gaussian_oracle,sigma=32,0.14768240968216967,0.14768240968216967
44,sample15.mzML,7,single,32:96:0.65:1,savgol_oracle,window=9;poly=2,0.19126459279055733,0.19126459279055733
44,sample15.mzML,7,single,32:96:0.65:1,morph_open_oracle,size=65,0.11549098498763466,0.11549098498763466
44,sample15.mzML,7,single,32:96:0.65:1,asls_oracle,lambda=100000;p=0.05,0.10326111288088424,0.10326111288088424
44,sample15.mzML,7,single,32:96:0.65:1,wavelet_oracle,level=1,0.17328731202620332,0.17328731202620332
44,sample15.mzML,7,nested,16:112:0.65:1.0;40:88:0.35:0.6;56:72:0.65:0.3,hcrd_l1,level=1,0.5183287524453177,0.5183287524453177
44,sample15.mzML,7,nested,16:112:0.65:1.0;40:88:0.35:0.6;56:72:0.65:0.3,hcrd_l8,depth=6,0.13297790674015875,0.13297790674015875
44,sample15.mzML,7,nested,16:112:0.65:1.0;40:88:0.35:0.6;56:72:0.65:0.3,gaussian_oracle,sigma=32,0.3136040999840075,0.3136040999840075
44,sample15.mzML,7,nested,16:112:0.65:1.0;40:88:0.35:0.6;56:72:0.65:0.3,savgol_oracle,window=9;poly=2,0.5286057467014008,0.5286057467014007
44,sample15.mzML,7,nested,16:112:0.65:1.0;40:88:0.35:0.6;56:72:0.65:0.3,morph_open_oracle,size=65,0.12522865912983852,0.12522865912983852
44,sample15.mzML,7,nested,16:112:0.65:1.0;40:88:0.35:0.6;56:72:0.65:0.3,asls_oracle,lambda=1e+06;p=0.05,0.10518321268470121,0.10518321268470121
44,sample15.mzML,7,nested,16:112:0.65:1.0;40:88:0.35:0.6;56:72:0.65:0.3,wavelet_oracle,level=1,0.5109561660710173,0.5109561660710173
45,sample16.mzML,1,single,32:96:0.5:1,hcrd_l1,level=1,0.16654521015188217,0.16654521015188212
45,sample16.mzML,1,single,32:96:0.5:1,hcrd_l8,depth=5,0.10267362704500652,0.10267362704500652
45,sample16.mzML,1,single,32:96:0.5:1,gaussian_oracle,sigma=32,0.12196821548465664,0.12196821548465664
45,sample16.mzML,1,single,32:96:0.5:1,savgol_oracle,window=9;poly=3,0.1665103850327824,0.1665103850327824
45,sample16.mzML,1,single,32:96:0.5:1,morph_open_oracle,size=65,0.08333990736970671,0.08333990736970671
45,sample16.mzML,1,single,32:96:0.5:1,asls_oracle,lambda=100000;p=0.05,0.07582323453666229,0.07582323453666229
45,sample16.mzML,1,single,32:96:0.5:1,wavelet_oracle,level=1,0.16612386794136602,0.16612386794136602
45,sample16.mzML,1,nested,16:112:0.5:1.0;40:88:0.65:0.6;56:72:0.35:0.3,hcrd_l1,level=1,0.5303077381280931,0.5303077381280931
45,sample16.mzML,1,nested,16:112:0.5:1.0;40:88:0.65:0.6;56:72:0.35:0.3,hcrd_l8,depth=5,0.10267362704500652,0.10267362704500652
45,sample16.mzML,1,nested,16:112:0.5:1.0;40:88:0.65:0.6;56:72:0.35:0.3,gaussian_oracle,sigma=32,0.2933670884715688,0.2933670884715688
45,sample16.mzML,1,nested,16:112:0.5:1.0;40:88:0.65:0.6;56:72:0.35:0.3,savgol_oracle,window=97;poly=3,0.5017246274720096,0.5017246274720096
45,sample16.mzML,1,nested,16:112:0.5:1.0;40:88:0.65:0.6;56:72:0.35:0.3,morph_open_oracle,size=97,0.1043946174768126,0.10439461747681258
45,sample16.mzML,1,nested,16:112:0.5:1.0;40:88:0.65:0.6;56:72:0.35:0.3,asls_oracle,lambda=1e+06;p=0.05,0.0805635702679234,0.0805635702679234
45,sample16.mzML,1,nested,16:112:0.5:1.0;40:88:0.65:0.6;56:72:0.35:0.3,wavelet_oracle,level=1,0.5320194706233542,0.5320194706233542
46,sample16.mzML,2,single,32:96:0.35:1,hcrd_l1,level=1,0.17991419891978905,0.17991419891978905
46,sample16.mzML,2,single,32:96:0.35:1,hcrd_l8,depth=6,0.15329265327627245,0.15329265327627245
46,sample16.mzML,2,single,32:96:0.35:1,gaussian_oracle,sigma=32,0.15936053991788396,0.15936053991788396
46,sample16.mzML,2,single,32:96:0.35:1,savgol_oracle,window=9;poly=2,0.16593467190991762,0.16593467190991762
46,sample16.mzML,2,single,32:96:0.35:1,morph_open_oracle,size=65,0.11543551760310355,0.11543551760310355
46,sample16.mzML,2,single,32:96:0.35:1,asls_oracle,lambda=100000;p=0.05,0.1234484409445375,0.12344844094453751
46,sample16.mzML,2,single,32:96:0.35:1,wavelet_oracle,level=1,0.16565588752678737,0.16565588752678737
46,sample16.mzML,2,nested,16:112:0.35:1.0;40:88:0.65:0.6;56:72:0.35:0.3,hcrd_l1,level=1,0.4977939417755245,0.4977939417755245
46,sample16.mzML,2,nested,16:112:0.35:1.0;40:88:0.65:0.6;56:72:0.35:0.3,hcrd_l8,depth=6,0.15329265327627245,0.15329265327627248
46,sample16.mzML,2,nested,16:112:0.35:1.0;40:88:0.65:0.6;56:72:0.35:0.3,gaussian_oracle,sigma=32,0.3274323017009168,0.32743230170091686
46,sample16.mzML,2,nested,16:112:0.35:1.0;40:88:0.65:0.6;56:72:0.35:0.3,savgol_oracle,window=9;poly=2,0.5035622203252172,0.5035622203252172
46,sample16.mzML,2,nested,16:112:0.35:1.0;40:88:0.65:0.6;56:72:0.35:0.3,morph_open_oracle,size=65,0.1208220689513157,0.12082206895131573
46,sample16.mzML,2,nested,16:112:0.35:1.0;40:88:0.65:0.6;56:72:0.35:0.3,asls_oracle,lambda=1e+06;p=0.05,0.1268314614895258,0.1268314614895258
46,sample16.mzML,2,nested,16:112:0.35:1.0;40:88:0.65:0.6;56:72:0.35:0.3,wavelet_oracle,level=1,0.503323033283055,0.503323033283055
47,sample16.mzML,3,single,32:96:0.35:1,hcrd_l1,level=1,0.16991529704496935,0.16991529704496935
47,sample16.mzML,3,single,32:96:0.35:1,hcrd_l8,depth=7,0.10422465555032229,0.10422465555032229
47,sample16.mzML,3,single,32:96:0.35:1,gaussian_oracle,sigma=32,0.14164630953216317,0.14164630953216317
47,sample16.mzML,3,single,32:96:0.35:1,savgol_oracle,window=9;poly=2,0.17105661707557454,0.17105661707557454
47,sample16.mzML,3,single,32:96:0.35:1,morph_open_oracle,size=65,0.10563304222670138,0.10563304222670138
47,sample16.mzML,3,single,32:96:0.35:1,asls_oracle,lambda=100000;p=0.05,0.08977162357194947,0.08977162357194947
47,sample16.mzML,3,single,32:96:0.35:1,wavelet_oracle,level=1,0.16960156468365792,0.16960156468365792
47,sample16.mzML,3,nested,16:112:0.35:1.0;40:88:0.35:0.6;56:72:0.5:0.3,hcrd_l1,level=1,0.5174288843702145,0.5174288843702145
47,sample16.mzML,3,nested,16:112:0.35:1.0;40:88:0.35:0.6;56:72:0.5:0.3,hcrd_l8,depth=5,0.10422465555032229,0.10422465555032229
47,sample16.mzML,3,nested,16:112:0.35:1.0;40:88:0.35:0.6;56:72:0.5:0.3,gaussian_oracle,sigma=32,0.3221799040967929,0.3221799040967929
47,sample16.mzML,3,nested,16:112:0.35:1.0;40:88:0.35:0.6;56:72:0.5:0.3,savgol_oracle,window=97;poly=3,0.5224375858955801,0.5224375858955801
47,sample16.mzML,3,nested,16:112:0.35:1.0;40:88:0.35:0.6;56:72:0.5:0.3,morph_open_oracle,size=97,0.11115349068503214,0.11115349068503212
47,sample16.mzML,3,nested,16:112:0.35:1.0;40:88:0.35:0.6;56:72:0.5:0.3,asls_oracle,lambda=1e+06;p=0.05,0.09091005364216082,0.09091005364216082
47,sample16.mzML,3,nested,16:112:0.35:1.0;40:88:0.35:0.6;56:72:0.5:0.3,wavelet_oracle,level=1,0.52303198968794,0.52303198968794
48,sample17.mzML,6,single,32:96:0.65:1,hcrd_l1,level=1,0.17623355855474523,0.17623355855474523
48,sample17.mzML,6,single,32:96:0.65:1,hcrd_l8,depth=6,0.10819137395192603,0.10819137395192603
48,sample17.mzML,6,single,32:96:0.65:1,gaussian_oracle,sigma=32,0.15649261792926555,0.15649261792926555
48,sample17.mzML,6,single,32:96:0.65:1,savgol_oracle,window=9;poly=3,0.16822993119357244,0.16822993119357244
48,sample17.mzML,6,single,32:96:0.65:1,morph_open_oracle,size=65,0.11806286940964937,0.11806286940964937
48,sample17.mzML,6,single,32:96:0.65:1,asls_oracle,lambda=1e+06;p=0.05,0.10040165083520186,0.10040165083520186
48,sample17.mzML,6,single,32:96:0.65:1,wavelet_oracle,level=1,0.1656966970352491,0.1656966970352491
48,sample17.mzML,6,nested,16:112:0.65:1.0;40:88:0.65:0.6;56:72:0.5:0.3,hcrd_l1,level=1,0.5351575528633047,0.5351575528633047
48,sample17.mzML,6,nested,16:112:0.65:1.0;40:88:0.65:0.6;56:72:0.5:0.3,hcrd_l8,depth=5,0.10819137395192603,0.10819137395192603
48,sample17.mzML,6,nested,16:112:0.65:1.0;40:88:0.65:0.6;56:72:0.5:0.3,gaussian_oracle,sigma=32,0.335312476562174,0.33531247656217406
48,sample17.mzML,6,nested,16:112:0.65:1.0;40:88:0.65:0.6;56:72:0.5:0.3,savgol_oracle,window=97;poly=3,0.47266562794936035,0.47266562794936035
48,sample17.mzML,6,nested,16:112:0.65:1.0;40:88:0.65:0.6;56:72:0.5:0.3,morph_open_oracle,size=97,0.10631850006764851,0.10631850006764851
48,sample17.mzML,6,nested,16:112:0.65:1.0;40:88:0.65:0.6;56:72:0.5:0.3,asls_oracle,lambda=1e+06;p=0.01,0.09842748648070357,0.09842748648070358
48,sample17.mzML,6,nested,16:112:0.65:1.0;40:88:0.65:0.6;56:72:0.5:0.3,wavelet_oracle,level=1,0.5191289752350249,0.5191289752350249
49,sample17.mzML,2,single,32:96:0.35:1,hcrd_l1,level=1,0.1794744548559854,0.1794744548559854
49,sample17.mzML,2,single,32:96:0.35:1,hcrd_l8,depth=5,0.1795509589553742,0.1795509589553742
49,sample17.mzML,2,single,32:96:0.35:1,gaussian_oracle,sigma=1,0.16622027574445852,0.16622027574445852
49,sample17.mzML,2,single,32:96:0.35:1,savgol_oracle,window=9;poly=2,0.1663732040836781,0.1663732040836781
49,sample17.mzML,2,single,32:96:0.35:1,morph_open_oracle,size=65,0.15481324272911476,0.15481324272911476
49,sample17.mzML,2,single,32:96:0.35:1,asls_oracle,lambda=100000;p=0.05,0.1573961651458205,0.15739616514582055
49,sample17.mzML,2,single,32:96:0.35:1,wavelet_oracle,level=1,0.165757137131155,0.165757137131155
49,sample17.mzML,2,nested,16:112:0.35:1.0;40:88:0.5:0.6;56:72:0.65:0.3,hcrd_l1,level=1,0.5111313686387076,0.5111313686387077
49,sample17.mzML,2,nested,16:112:0.35:1.0;40:88:0.5:0.6;56:72:0.65:0.3,hcrd_l8,depth=5,0.1795509589553742,0.17955095895537418
49,sample17.mzML,2,nested,16:112:0.35:1.0;40:88:0.5:0.6;56:72:0.65:0.3,gaussian_oracle,sigma=32,0.36382693182361314,0.36382693182361314
49,sample17.mzML,2,nested,16:112:0.35:1.0;40:88:0.5:0.6;56:72:0.65:0.3,savgol_oracle,window=9;poly=2,0.5140460670522308,0.5140460670522308
49,sample17.mzML,2,nested,16:112:0.35:1.0;40:88:0.5:0.6;56:72:0.65:0.3,morph_open_oracle,size=65,0.15285266605613956,0.1528526660561396
49,sample17.mzML,2,nested,16:112:0.35:1.0;40:88:0.5:0.6;56:72:0.65:0.3,asls_oracle,lambda=1e+06;p=0.05,0.15901710757157256,0.15901710757157259
49,sample17.mzML,2,nested,16:112:0.35:1.0;40:88:0.5:0.6;56:72:0.65:0.3,wavelet_oracle,level=1,0.5136334382245059,0.5136334382245059
50,sample17.mzML,1,single,32:96:0.5:1,hcrd_l1,level=1,0.16923810060942882,0.16923810060942882
50,sample17.mzML,1,single,32:96:0.5:1,hcrd_l8,depth=6,0.1030509216503764,0.1030509216503764
50,sample17.mzML,1,single,32:96:0.5:1,gaussian_oracle,sigma=32,0.1450556137579242,0.1450556137579242
50,sample17.mzML,1,single,32:96:0.5:1,savgol_oracle,window=9;poly=3,0.16612078260301016,0.16612078260301016
50,sample17.mzML,1,single,32:96:0.5:1,morph_open_oracle,size=65,0.10157450624790548,0.10157450624790548
50,sample17.mzML,1,single,32:96:0.5:1,asls_oracle,lambda=100000;p=0.05,0.09889038880737958,0.09889038880737958
50,sample17.mzML,1,single,32:96:0.5:1,wavelet_oracle,level=1,0.16590473292204613,0.16590473292204613
50,sample17.mzML,1,nested,16:112:0.5:1.0;40:88:0.35:0.6;56:72:0.35:0.3,hcrd_l1,level=1,0.5395257717987112,0.5395257717987112
50,sample17.mzML,1,nested,16:112:0.5:1.0;40:88:0.35:0.6;56:72:0.35:0.3,hcrd_l8,depth=5,0.1030509216503764,0.1030509216503764
50,sample17.mzML,1,nested,16:112:0.5:1.0;40:88:0.35:0.6;56:72:0.35:0.3,gaussian_oracle,sigma=32,0.3243783126742406,0.3243783126742406
50,sample17.mzML,1,nested,16:112:0.5:1.0;40:88:0.35:0.6;56:72:0.35:0.3,savgol_oracle,window=97;poly=3,0.5266786343902956,0.5266786343902956
50,sample17.mzML,1,nested,16:112:0.5:1.0;40:88:0.35:0.6;56:72:0.35:0.3,morph_open_oracle,size=65,0.12495901578285695,0.12495901578285695
50,sample17.mzML,1,nested,16:112:0.5:1.0;40:88:0.35:0.6;56:72:0.35:0.3,asls_oracle,lambda=1e+06;p=0.05,0.09805516034296154,0.09805516034296154
50,sample17.mzML,1,nested,16:112:0.5:1.0;40:88:0.35:0.6;56:72:0.35:0.3,wavelet_oracle,level=1,0.5329293787919017,0.5329293787919017
51,sample18.mzML,2,single,32:96:0.5:1,hcrd_l1,level=1,0.17126789607763365,0.17126789607763365
51,sample18.mzML,2,single,32:96:0.5:1,hcrd_l8,depth=5,0.13756398737115333,0.13756398737115333
51,sample18.mzML,2,single,32:96:0.5:1,gaussian_oracle,sigma=32,0.15464694393887773,0.15464694393887773
51,sample18.mzML,2,single,32:96:0.5:1,savgol_oracle,window=9;poly=3,0.16608089219047334,0.16608089219047334
51,sample18.mzML,2,single,32:96:0.5:1,morph_open_oracle,size=65,0.09758685739152254,0.09758685739152254
51,sample18.mzML,2,single,32:96:0.5:1,asls_oracle,lambda=100000;p=0.05,0.1135383082815597,0.1135383082815597
51,sample18.mzML,2,single,32:96:0.5:1,wavelet_oracle,level=1,0.16591601225535554,0.16591601225535554
51,sample18.mzML,2,nested,16:112:0.5:1.0;40:88:0.5:0.6;56:72:0.65:0.3,hcrd_l1,level=1,0.5383075095715156,0.5383075095715156
51,sample18.mzML,2,nested,16:112:0.5:1.0;40:88:0.5:0.6;56:72:0.65:0.3,hcrd_l8,depth=5,0.13756398737115333,0.13756398737115333
51,sample18.mzML,2,nested,16:112:0.5:1.0;40:88:0.5:0.6;56:72:0.65:0.3,gaussian_oracle,sigma=32,0.32876778965791553,0.32876778965791553
51,sample18.mzML,2,nested,16:112:0.5:1.0;40:88:0.5:0.6;56:72:0.65:0.3,savgol_oracle,window=97;poly=3,0.5367170842689161,0.5367170842689161
51,sample18.mzML,2,nested,16:112:0.5:1.0;40:88:0.5:0.6;56:72:0.65:0.3,morph_open_oracle,size=65,0.14055064468733897,0.14055064468733897
51,sample18.mzML,2,nested,16:112:0.5:1.0;40:88:0.5:0.6;56:72:0.65:0.3,asls_oracle,lambda=1e+06;p=0.05,0.11619886018476391,0.11619886018476391
51,sample18.mzML,2,nested,16:112:0.5:1.0;40:88:0.5:0.6;56:72:0.65:0.3,wavelet_oracle,level=1,0.537581325485601,0.537581325485601
52,sample18.mzML,1,single,32:96:0.35:1,hcrd_l1,level=1,0.16897547842377128,0.16897547842377128
52,sample18.mzML,1,single,32:96:0.35:1,hcrd_l8,depth=6,0.09381114729365009,0.09381114729365009
52,sample18.mzML,1,single,32:96:0.35:1,gaussian_oracle,sigma=32,0.12492157421554184,0.12492157421554184
52,sample18.mzML,1,single,32:96:0.35:1,savgol_oracle,window=9;poly=3,0.16640846059066858,0.16640846059066858
52,sample18.mzML,1,single,32:96:0.35:1,morph_open_oracle,size=65,0.08317509110461856,0.08317509110461856
52,sample18.mzML,1,single,32:96:0.35:1,asls_oracle,lambda=100000;p=0.05,0.0744783087725607,0.0744783087725607
52,sample18.mzML,1,single,32:96:0.35:1,wavelet_oracle,level=1,0.16595197695623004,0.16595197695623004
52,sample18.mzML,1,nested,16:112:0.35:1.0;40:88:0.35:0.6;56:72:0.5:0.3,hcrd_l1,level=1,0.5133095093533038,0.5133095093533038
52,sample18.mzML,1,nested,16:112:0.35:1.0;40:88:0.35:0.6;56:72:0.5:0.3,hcrd_l8,depth=5,0.09381114729365009,0.09381114729365009
52,sample18.mzML,1,nested,16:112:0.35:1.0;40:88:0.35:0.6;56:72:0.5:0.3,gaussian_oracle,sigma=32,0.3022724315901638,0.3022724315901638
52,sample18.mzML,1,nested,16:112:0.35:1.0;40:88:0.35:0.6;56:72:0.5:0.3,savgol_oracle,window=97;poly=3,0.5053242668314066,0.5053242668314066
52,sample18.mzML,1,nested,16:112:0.35:1.0;40:88:0.35:0.6;56:72:0.5:0.3,morph_open_oracle,size=97,0.09768420949887428,0.09768420949887427
52,sample18.mzML,1,nested,16:112:0.35:1.0;40:88:0.35:0.6;56:72:0.5:0.3,asls_oracle,lambda=1e+06;p=0.05,0.07773926328874098,0.07773926328874098
52,sample18.mzML,1,nested,16:112:0.35:1.0;40:88:0.35:0.6;56:72:0.5:0.3,wavelet_oracle,level=1,0.5193824019605121,0.5193824019605121
53,sample18.mzML,3,single,32:96:0.5:1,hcrd_l1,level=1,0.17526727628771333,0.17526727628771333
53,sample18.mzML,3,single,32:96:0.5:1,hcrd_l8,depth=6,0.07638321818173059,0.07638321818173059
53,sample18.mzML,3,single,32:96:0.5:1,gaussian_oracle,sigma=32,0.13540830553390246,0.13540830553390246
53,sample18.mzML,3,single,32:96:0.5:1,savgol_oracle,window=9;poly=3,0.17410738634516942,0.17410738634516942
53,sample18.mzML,3,single,32:96:0.5:1,morph_open_oracle,size=65,0.10580997350852182,0.10580997350852182
53,sample18.mzML,3,single,32:96:0.5:1,asls_oracle,lambda=1e+06;p=0.05,0.07496953383649176,0.07496953383649176
53,sample18.mzML,3,single,32:96:0.5:1,wavelet_oracle,level=1,0.1705663043392382,0.1705663043392382
53,sample18.mzML,3,nested,16:112:0.5:1.0;40:88:0.5:0.6;56:72:0.65:0.3,hcrd_l1,level=1,0.5513611329442236,0.5513611329442236
53,sample18.mzML,3,nested,16:112:0.5:1.0;40:88:0.5:0.6;56:72:0.65:0.3,hcrd_l8,depth=6,0.07638321818173059,0.07638321818173059
53,sample18.mzML,3,nested,16:112:0.5:1.0;40:88:0.5:0.6;56:72:0.65:0.3,gaussian_oracle,sigma=32,0.3208100358597721,0.320810035859772
53,sample18.mzML,3,nested,16:112:0.5:1.0;40:88:0.5:0.6;56:72:0.65:0.3,savgol_oracle,window=97;poly=3,0.5152953448722654,0.5152953448722654
53,sample18.mzML,3,nested,16:112:0.5:1.0;40:88:0.5:0.6;56:72:0.65:0.3,morph_open_oracle,size=65,0.0920183113112876,0.09201831131128758
53,sample18.mzML,3,nested,16:112:0.5:1.0;40:88:0.5:0.6;56:72:0.65:0.3,asls_oracle,lambda=1e+06;p=0.05,0.08028242613164115,0.08028242613164115
53,sample18.mzML,3,nested,16:112:0.5:1.0;40:88:0.5:0.6;56:72:0.65:0.3,wavelet_oracle,level=1,0.5422316175694837,0.5422316175694837
54,sample19.mzML,1,single,32:96:0.5:1,hcrd_l1,level=1,0.16770935754469618,0.16770935754469618
54,sample19.mzML,1,single,32:96:0.5:1,hcrd_l8,depth=6,0.10819979875111958,0.10819979875111958
54,sample19.mzML,1,single,32:96:0.5:1,gaussian_oracle,sigma=32,0.12154276451690249,0.12154276451690249
54,sample19.mzML,1,single,32:96:0.5:1,savgol_oracle,window=9;poly=3,0.16710711238673984,0.16710711238673984
54,sample19.mzML,1,single,32:96:0.5:1,morph_open_oracle,size=65,0.1011385717438127,0.1011385717438127
54,sample19.mzML,1,single,32:96:0.5:1,asls_oracle,lambda=100000;p=0.05,0.07854239331488053,0.07854239331488053
54,sample19.mzML,1,single,32:96:0.5:1,wavelet_oracle,level=1,0.16623628085631395,0.16623628085631395
54,sample19.mzML,1,nested,16:112:0.5:1.0;40:88:0.35:0.6;56:72:0.65:0.3,hcrd_l1,level=1,0.5319450126185749,0.5319450126185749
54,sample19.mzML,1,nested,16:112:0.5:1.0;40:88:0.35:0.6;56:72:0.65:0.3,hcrd_l8,depth=6,0.10819979875111958,0.10819979875111958
54,sample19.mzML,1,nested,16:112:0.5:1.0;40:88:0.35:0.6;56:72:0.65:0.3,gaussian_oracle,sigma=32,0.2936467275987926,0.2936467275987926
54,sample19.mzML,1,nested,16:112:0.5:1.0;40:88:0.35:0.6;56:72:0.65:0.3,savgol_oracle,window=97;poly=3,0.5018313162266829,0.5018313162266829
54,sample19.mzML,1,nested,16:112:0.5:1.0;40:88:0.35:0.6;56:72:0.65:0.3,morph_open_oracle,size=65,0.104937026000094,0.104937026000094
54,sample19.mzML,1,nested,16:112:0.5:1.0;40:88:0.35:0.6;56:72:0.65:0.3,asls_oracle,lambda=1e+06;p=0.05,0.07865632602213818,0.07865632602213816
54,sample19.mzML,1,nested,16:112:0.5:1.0;40:88:0.35:0.6;56:72:0.65:0.3,wavelet_oracle,level=1,0.5321321201021769,0.5321321201021769
55,sample19.mzML,2,single,32:96:0.5:1,hcrd_l1,level=1,0.17867232574285527,0.17867232574285527
55,sample19.mzML,2,single,32:96:0.5:1,hcrd_l8,depth=7,0.1737930368985395,0.1737930368985395
55,sample19.mzML,2,single,32:96:0.5:1,gaussian_oracle,sigma=1,0.16673237507182695,0.16673237507182695
55,sample19.mzML,2,single,32:96:0.5:1,savgol_oracle,window=9;poly=3,0.16713935281800055,0.16713935281800055
55,sample19.mzML,2,single,32:96:0.5:1,morph_open_oracle,size=65,0.130295297193801,0.130295297193801
55,sample19.mzML,2,single,32:96:0.5:1,asls_oracle,lambda=100000;p=0.05,0.1397264749864105,0.1397264749864105
55,sample19.mzML,2,single,32:96:0.5:1,wavelet_oracle,level=1,0.16663771194344715,0.16663771194344715
55,sample19.mzML,2,nested,16:112:0.5:1.0;40:88:0.35:0.6;56:72:0.65:0.3,hcrd_l1,level=1,0.5357798161940367,0.5357798161940367
55,sample19.mzML,2,nested,16:112:0.5:1.0;40:88:0.35:0.6;56:72:0.65:0.3,hcrd_l8,depth=7,0.1737930368985395,0.1737930368985395
55,sample19.mzML,2,nested,16:112:0.5:1.0;40:88:0.35:0.6;56:72:0.65:0.3,gaussian_oracle,sigma=32,0.3508540168254572,0.35085401682545725
55,sample19.mzML,2,nested,16:112:0.5:1.0;40:88:0.35:0.6;56:72:0.65:0.3,savgol_oracle,window=9;poly=3,0.5328665236238799,0.5328665236238799
55,sample19.mzML,2,nested,16:112:0.5:1.0;40:88:0.35:0.6;56:72:0.65:0.3,morph_open_oracle,size=65,0.14708259661016387,0.14708259661016387
55,sample19.mzML,2,nested,16:112:0.5:1.0;40:88:0.35:0.6;56:72:0.65:0.3,asls_oracle,lambda=1e+06;p=0.05,0.14193828942607997,0.14193828942607997
55,sample19.mzML,2,nested,16:112:0.5:1.0;40:88:0.35:0.6;56:72:0.65:0.3,wavelet_oracle,level=1,0.5325335511893101,0.5325335511893101
56,sample19.mzML,7,single,32:96:0.5:1,hcrd_l1,level=1,0.20198877884931155,0.20198877884931155
56,sample19.mzML,7,single,32:96:0.5:1,hcrd_l8,depth=6,0.13994707606588547,0.13994707606588547
56,sample19.mzML,7,single,32:96:0.5:1,gaussian_oracle,sigma=32,0.13372427321618582,0.13372427321618582
56,sample19.mzML,7,single,32:96:0.5:1,savgol_oracle,window=9;poly=2,0.18913068053446444,0.18913068053446444
56,sample19.mzML,7,single,32:96:0.5:1,morph_open_oracle,size=65,0.0948260630862626,0.09482606308626258
56,sample19.mzML,7,single,32:96:0.5:1,asls_oracle,lambda=100000;p=0.05,0.09055958497610841,0.09055958497610841
56,sample19.mzML,7,single,32:96:0.5:1,wavelet_oracle,level=1,0.17619339546683385,0.17619339546683385
56,sample19.mzML,7,nested,16:112:0.5:1.0;40:88:0.35:0.6;56:72:0.35:0.3,hcrd_l1,level=1,0.5753709165393803,0.5753709165393803
56,sample19.mzML,7,nested,16:112:0.5:1.0;40:88:0.35:0.6;56:72:0.35:0.3,hcrd_l8,depth=6,0.13994707606588547,0.1399470760658855
56,sample19.mzML,7,nested,16:112:0.5:1.0;40:88:0.35:0.6;56:72:0.35:0.3,gaussian_oracle,sigma=32,0.29837834220042864,0.29837834220042864
56,sample19.mzML,7,nested,16:112:0.5:1.0;40:88:0.35:0.6;56:72:0.35:0.3,savgol_oracle,window=97;poly=3,0.5288983630299524,0.5288983630299524
56,sample19.mzML,7,nested,16:112:0.5:1.0;40:88:0.35:0.6;56:72:0.35:0.3,morph_open_oracle,size=65,0.10285455567584224,0.10285455567584226
56,sample19.mzML,7,nested,16:112:0.5:1.0;40:88:0.35:0.6;56:72:0.35:0.3,asls_oracle,lambda=1e+06;p=0.05,0.09350362646923482,0.09350362646923482
56,sample19.mzML,7,nested,16:112:0.5:1.0;40:88:0.35:0.6;56:72:0.35:0.3,wavelet_oracle,level=1,0.5432180413366897,0.5432180413366897
57,sample20.mzML,1,single,32:96:0.35:1,hcrd_l1,level=1,0.16644996904803974,0.16644996904803974
57,sample20.mzML,1,single,32:96:0.35:1,hcrd_l8,depth=6,0.09552493119041398,0.09552493119041398
57,sample20.mzML,1,single,32:96:0.35:1,gaussian_oracle,sigma=32,0.12410989728245984,0.12410989728245982
57,sample20.mzML,1,single,32:96:0.35:1,savgol_oracle,window=9;poly=3,0.16659126982211606,0.16659126982211606
57,sample20.mzML,1,single,32:96:0.35:1,morph_open_oracle,size=65,0.09245138196635694,0.09245138196635694
57,sample20.mzML,1,single,32:96:0.35:1,asls_oracle,lambda=100000;p=0.05,0.07680622868513387,0.07680622868513387
57,sample20.mzML,1,single,32:96:0.35:1,wavelet_oracle,level=1,0.16596555173120195,0.16596555173120195
57,sample20.mzML,1,nested,16:112:0.35:1.0;40:88:0.65:0.6;56:72:0.5:0.3,hcrd_l1,level=1,0.5088986529487488,0.5088986529487488
57,sample20.mzML,1,nested,16:112:0.35:1.0;40:88:0.65:0.6;56:72:0.5:0.3,hcrd_l8,depth=6,0.09552493119041398,0.09552493119041398
57,sample20.mzML,1,nested,16:112:0.35:1.0;40:88:0.65:0.6;56:72:0.5:0.3,gaussian_oracle,sigma=32,0.2968997882219606,0.29689978822196056
57,sample20.mzML,1,nested,16:112:0.35:1.0;40:88:0.65:0.6;56:72:0.5:0.3,savgol_oracle,window=97;poly=3,0.5030997992718026,0.5030997992718025
57,sample20.mzML,1,nested,16:112:0.35:1.0;40:88:0.65:0.6;56:72:0.5:0.3,morph_open_oracle,size=97,0.09459150563679186,0.09459150563679186
57,sample20.mzML,1,nested,16:112:0.35:1.0;40:88:0.65:0.6;56:72:0.5:0.3,asls_oracle,lambda=1e+06;p=0.05,0.07519729338468135,0.07519729338468135
57,sample20.mzML,1,nested,16:112:0.35:1.0;40:88:0.65:0.6;56:72:0.5:0.3,wavelet_oracle,level=1,0.503959491800449,0.503959491800449
58,sample20.mzML,2,single,32:96:0.5:1,hcrd_l1,level=1,0.17415700074736207,0.17415700074736207
58,sample20.mzML,2,single,32:96:0.5:1,hcrd_l8,depth=6,0.20398869709993625,0.20398869709993625
58,sample20.mzML,2,single,32:96:0.5:1,gaussian_oracle,sigma=1,0.16771624652639897,0.16771624652639897
58,sample20.mzML,2,single,32:96:0.5:1,savgol_oracle,window=9;poly=2,0.16846987848085385,0.16846987848085385
58,sample20.mzML,2,single,32:96:0.5:1,morph_open_oracle,size=65,0.15325372896889697,0.15325372896889697
58,sample20.mzML,2,single,32:96:0.5:1,asls_oracle,lambda=100000;p=0.05,0.17172484812599145,0.17172484812599145
58,sample20.mzML,2,single,32:96:0.5:1,wavelet_oracle,level=1,0.1674789356575921,0.1674789356575921
58,sample20.mzML,2,nested,16:112:0.5:1.0;40:88:0.5:0.6;56:72:0.35:0.3,hcrd_l1,level=1,0.557414790643799,0.557414790643799
58,sample20.mzML,2,nested,16:112:0.5:1.0;40:88:0.5:0.6;56:72:0.35:0.3,hcrd_l8,depth=6,0.20398869709993625,0.20398869709993625
58,sample20.mzML,2,nested,16:112:0.5:1.0;40:88:0.5:0.6;56:72:0.35:0.3,gaussian_oracle,sigma=32,0.38105701642755585,0.3810570164275558
58,sample20.mzML,2,nested,16:112:0.5:1.0;40:88:0.5:0.6;56:72:0.35:0.3,savgol_oracle,window=9;poly=2,0.5399484302468938,0.5399484302468938
58,sample20.mzML,2,nested,16:112:0.5:1.0;40:88:0.5:0.6;56:72:0.35:0.3,morph_open_oracle,size=65,0.18704366928056093,0.1870436692805609
58,sample20.mzML,2,nested,16:112:0.5:1.0;40:88:0.5:0.6;56:72:0.35:0.3,asls_oracle,lambda=1e+06;p=0.05,0.17439725866421515,0.17439725866421515
58,sample20.mzML,2,nested,16:112:0.5:1.0;40:88:0.5:0.6;56:72:0.35:0.3,wavelet_oracle,level=1,0.5391439604906937,0.5391439604906937
59,sample20.mzML,7,single,32:96:0.65:1,hcrd_l1,level=1,0.19504953705067182,0.19504953705067182
59,sample20.mzML,7,single,32:96:0.65:1,hcrd_l8,depth=6,0.139768592417565,0.139768592417565
59,sample20.mzML,7,single,32:96:0.65:1,gaussian_oracle,sigma=32,0.12904774082100748,0.12904774082100748
59,sample20.mzML,7,single,32:96:0.65:1,savgol_oracle,window=9;poly=2,0.1896345453556999,0.1896345453556999
59,sample20.mzML,7,single,32:96:0.65:1,morph_open_oracle,size=65,0.08702585543591126,0.08702585543591126
59,sample20.mzML,7,single,32:96:0.65:1,asls_oracle,lambda=100000;p=0.05,0.08543121740377792,0.08543121740377792
59,sample20.mzML,7,single,32:96:0.65:1,wavelet_oracle,level=1,0.17065957216209368,0.17065957216209365
59,sample20.mzML,7,nested,16:112:0.65:1.0;40:88:0.65:0.6;56:72:0.5:0.3,hcrd_l1,level=1,0.5583048711242458,0.5583048711242458
59,sample20.mzML,7,nested,16:112:0.65:1.0;40:88:0.65:0.6;56:72:0.5:0.3,hcrd_l8,depth=6,0.139768592417565,0.13976859241756504
59,sample20.mzML,7,nested,16:112:0.65:1.0;40:88:0.65:0.6;56:72:0.5:0.3,gaussian_oracle,sigma=32,0.2915546601136561,0.2915546601136561
59,sample20.mzML,7,nested,16:112:0.65:1.0;40:88:0.65:0.6;56:72:0.5:0.3,savgol_oracle,window=97;poly=3,0.5273643686122297,0.5273643686122297
59,sample20.mzML,7,nested,16:112:0.65:1.0;40:88:0.65:0.6;56:72:0.5:0.3,morph_open_oracle,size=65,0.11893006122190643,0.11893006122190643
59,sample20.mzML,7,nested,16:112:0.65:1.0;40:88:0.65:0.6;56:72:0.5:0.3,asls_oracle,lambda=1e+06;p=0.05,0.09153584936972595,0.09153584936972596
59,sample20.mzML,7,nested,16:112:0.65:1.0;40:88:0.65:0.6;56:72:0.5:0.3,wavelet_oracle,level=1,0.5240918503618701,0.5240918503618701
