noise_sigma,trial,signal_seed,method,parameter,baseline_mse,if_reconstruction_error,if_seconds
0.0,0,20261202,hcrd_centered,none,0.0,4.440892098500626e-16,6.187318500014953
0.0,0,20261202,hcrd_thresholded,z=3.5,3.288319298043265e-33,4.440892098500626e-16,6.187318500014953
0.0,0,20261202,if_final,tail=1,0.06033050922861483,4.440892098500626e-16,6.187318500014953
0.0,0,20261202,if_oracle_tail,tail=1,0.06033050922861483,4.440892098500626e-16,6.187318500014953
0.0,1,20261203,hcrd_centered,none,0.0,8.881784197001252e-16,6.2933022999204695
0.0,1,20261203,hcrd_thresholded,z=3.5,2.5668674396539733e-31,8.881784197001252e-16,6.2933022999204695
0.0,1,20261203,if_final,tail=1,0.19314179620713692,8.881784197001252e-16,6.2933022999204695
0.0,1,20261203,if_oracle_tail,tail=1,0.19314179620713692,8.881784197001252e-16,6.2933022999204695
0.0,2,20261204,hcrd_centered,none,0.0,8.881784197001252e-16,6.4133614000165835
0.0,2,20261204,hcrd_thresholded,z=3.5,1.2633744475365643e-31,8.881784197001252e-16,6.4133614000165835
0.0,2,20261204,if_final,tail=1,0.24997309761701933,8.881784197001252e-16,6.4133614000165835
0.0,2,20261204,if_oracle_tail,tail=1,0.24997309761701933,8.881784197001252e-16,6.4133614000165835
0.0,3,20261205,hcrd_centered,none,0.0,4.440892098500626e-16,6.433249900001101
0.0,3,20261205,hcrd_thresholded,z=3.5,3.41721422039136e-33,4.440892098500626e-16,6.433249900001101
0.0,3,20261205,if_final,tail=1,0.08087795748013112,4.440892098500626e-16,6.433249900001101
0.0,3,20261205,if_oracle_tail,tail=1,0.08087795748013112,4.440892098500626e-16,6.433249900001101
0.0,4,20261206,hcrd_centered,none,0.0,2.220446049250313e-16,6.280492699937895
0.0,4,20261206,hcrd_thresholded,z=3.5,1.4917058073635476e-33,2.220446049250313e-16,6.280492699937895
0.0,4,20261206,if_final,tail=1,0.1770644894067595,2.220446049250313e-16,6.280492699937895
0.0,4,20261206,if_oracle_tail,tail=1,0.1770644894067595,2.220446049250313e-16,6.280492699937895
0.0,5,20261207,hcrd_centered,none,0.0,8.881784197001252e-16,6.461822700104676
0.0,5,20261207,hcrd_thresholded,z=3.5,1.0815183251905287e-32,8.881784197001252e-16,6.461822700104676
0.0,5,20261207,if_final,tail=1,0.08842258406944026,8.881784197001252e-16,6.461822700104676
0.0,5,20261207,if_oracle_tail,tail=1,0.08842258406944026,8.881784197001252e-16,6.461822700104676
0.0,6,20261208,hcrd_centered,none,0.0,8.881784197001252e-16,6.424283700063825
0.0,6,20261208,hcrd_thresholded,z=3.5,2.2014053714521184e-32,8.881784197001252e-16,6.424283700063825
0.0,6,20261208,if_final,tail=1,0.11754781529323115,8.881784197001252e-16,6.424283700063825
0.0,6,20261208,if_oracle_tail,tail=1,0.11754781529323115,8.881784197001252e-16,6.424283700063825
0.0,7,20261209,hcrd_centered,none,0.0,4.440892098500626e-16,6.308105799951591
0.0,7,20261209,hcrd_thresholded,z=3.5,9.784023873120525e-33,4.440892098500626e-16,6.308105799951591
0.0,7,20261209,if_final,tail=1,0.08222084105357191,4.440892098500626e-16,6.308105799951591
0.0,7,20261209,if_oracle_tail,tail=1,0.08222084105357191,4.440892098500626e-16,6.308105799951591
0.0,8,20261210,hcrd_centered,none,0.0,4.440892098500626e-16,0.03317710000555962
0.0,8,20261210,hcrd_thresholded,z=3.5,6.726516412770361e-33,4.440892098500626e-16,0.03317710000555962
0.0,8,20261210,if_final,tail=1,0.19458199381953273,4.440892098500626e-16,0.03317710000555962
0.0,8,20261210,if_oracle_tail,tail=1,0.19458199381953273,4.440892098500626e-16,0.03317710000555962
0.0,9,20261211,hcrd_centered,none,0.0,4.440892098500626e-16,0.02267450001090765
0.0,9,20261211,hcrd_thresholded,z=3.5,1.2149095820391389e-32,4.440892098500626e-16,0.02267450001090765
0.0,9,20261211,if_final,tail=1,0.1405973707196318,4.440892098500626e-16,0.02267450001090765
0.0,9,20261211,if_oracle_tail,tail=1,0.1405973707196318,4.440892098500626e-16,0.02267450001090765
0.0,10,20261212,hcrd_centered,none,0.0,2.220446049250313e-16,0.032922000042162836
0.0,10,20261212,hcrd_thresholded,z=3.5,1.1780396391349162e-33,2.220446049250313e-16,0.032922000042162836
0.0,10,20261212,if_final,tail=1,0.08275119823439248,2.220446049250313e-16,0.032922000042162836
0.0,10,20261212,if_oracle_tail,tail=1,0.08275119823439248,2.220446049250313e-16,0.032922000042162836
0.0,11,20261213,hcrd_centered,none,0.0,4.440892098500626e-16,0.02968979999423027
0.0,11,20261213,hcrd_thresholded,z=3.5,6.594623934088589e-34,4.440892098500626e-16,0.02968979999423027
0.0,11,20261213,if_final,tail=1,0.07468979457469856,4.440892098500626e-16,0.02968979999423027
0.0,11,20261213,if_oracle_tail,tail=1,0.07468979457469856,4.440892098500626e-16,0.02968979999423027
0.0,12,20261214,hcrd_centered,none,0.0,2.220446049250313e-16,0.02390719996765256
0.0,12,20261214,hcrd_thresholded,z=3.5,1.4195302712667398e-33,2.220446049250313e-16,0.02390719996765256
0.0,12,20261214,if_final,tail=1,0.12956595370047883,2.220446049250313e-16,0.02390719996765256
0.0,12,20261214,if_oracle_tail,tail=1,0.12956595370047883,2.220446049250313e-16,0.02390719996765256
0.0,13,20261215,hcrd_centered,none,0.0,1.7763568394002505e-15,0.01232690003234893
0.0,13,20261215,hcrd_thresholded,z=3.5,1.563525383645731e-31,1.7763568394002505e-15,0.01232690003234893
0.0,13,20261215,if_final,tail=1,0.3433975872615347,1.7763568394002505e-15,0.01232690003234893
0.0,13,20261215,if_oracle_tail,tail=1,0.3433975872615347,1.7763568394002505e-15,0.01232690003234893
0.0,14,20261216,hcrd_centered,none,0.0,4.440892098500626e-16,0.02206109999679029
0.0,14,20261216,hcrd_thresholded,z=3.5,4.933228336148317e-33,4.440892098500626e-16,0.02206109999679029
0.0,14,20261216,if_final,tail=1,0.1499143025853968,4.440892098500626e-16,0.02206109999679029
0.0,14,20261216,if_oracle_tail,tail=1,0.1499143025853968,4.440892098500626e-16,0.02206109999679029
0.0,15,20261217,hcrd_centered,none,0.0,4.440892098500626e-16,0.028294499963521957
0.0,15,20261217,hcrd_thresholded,z=3.5,6.990301370133905e-33,4.440892098500626e-16,0.028294499963521957
0.0,15,20261217,if_final,tail=1,0.1399533700719246,4.440892098500626e-16,0.028294499963521957
0.0,15,20261217,if_oracle_tail,tail=1,0.1399533700719246,4.440892098500626e-16,0.028294499963521957
0.0,16,20261218,hcrd_centered,none,0.0,4.440892098500626e-16,0.011078499956056476
0.0,16,20261218,hcrd_thresholded,z=3.5,1.1673795794232787e-32,4.440892098500626e-16,0.011078499956056476
0.0,16,20261218,if_final,tail=1,0.28067439160661095,4.440892098500626e-16,0.011078499956056476
0.0,16,20261218,if_oracle_tail,tail=1,0.28067439160661095,4.440892098500626e-16,0.011078499956056476
0.0,17,20261219,hcrd_centered,none,0.0,1.7763568394002505e-15,0.03694839996751398
0.0,17,20261219,hcrd_thresholded,z=3.5,6.776875359176129e-32,1.7763568394002505e-15,0.03694839996751398
0.0,17,20261219,if_final,tail=1,0.10329098921406225,1.7763568394002505e-15,0.03694839996751398
0.0,17,20261219,if_oracle_tail,tail=1,0.10329098921406225,1.7763568394002505e-15,0.03694839996751398
0.0,18,20261220,hcrd_centered,none,0.0,4.440892098500626e-16,0.041368499980308115
0.0,18,20261220,hcrd_thresholded,z=3.5,2.2670518551596364e-32,4.440892098500626e-16,0.041368499980308115
0.0,18,20261220,if_final,tail=1,0.2086645067752424,4.440892098500626e-16,0.041368499980308115
0.0,18,20261220,if_oracle_tail,tail=1,0.2086645067752424,4.440892098500626e-16,0.041368499980308115
0.0,19,20261221,hcrd_centered,none,0.0,2.220446049250313e-16,0.005955299944616854
0.0,19,20261221,hcrd_thresholded,z=3.5,2.842432793408866e-33,2.220446049250313e-16,0.005955299944616854
0.0,19,20261221,if_final,tail=1,0.2940139370401968,2.220446049250313e-16,0.005955299944616854
0.0,19,20261221,if_oracle_tail,tail=1,0.2940139370401968,2.220446049250313e-16,0.005955299944616854
0.0,20,20261222,hcrd_centered,none,0.0,8.881784197001252e-16,0.03142739995382726
0.0,20,20261222,hcrd_thresholded,z=3.5,9.340385535736384e-33,8.881784197001252e-16,0.03142739995382726
0.0,20,20261222,if_final,tail=1,0.0860409243309519,8.881784197001252e-16,0.03142739995382726
0.0,20,20261222,if_oracle_tail,tail=1,0.0860409243309519,8.881784197001252e-16,0.03142739995382726
0.0,21,20261223,hcrd_centered,none,0.0,8.881784197001252e-16,0.057575200102292
0.0,21,20261223,hcrd_thresholded,z=3.5,3.3992288823893003e-32,8.881784197001252e-16,0.057575200102292
0.0,21,20261223,if_final,tail=1,0.158070937009015,8.881784197001252e-16,0.057575200102292
0.0,21,20261223,if_oracle_tail,tail=1,0.158070937009015,8.881784197001252e-16,0.057575200102292
0.0,22,20261224,hcrd_centered,none,0.0,1.7763568394002505e-15,0.023380600032396615
0.0,22,20261224,hcrd_thresholded,z=3.5,7.788850377425359e-32,1.7763568394002505e-15,0.023380600032396615
0.0,22,20261224,if_final,tail=1,0.10455699271023518,1.7763568394002505e-15,0.023380600032396615
0.0,22,20261224,if_oracle_tail,tail=1,0.10455699271023518,1.7763568394002505e-15,0.023380600032396615
0.0,23,20261225,hcrd_centered,none,0.0,8.881784197001252e-16,0.03166179999243468
0.0,23,20261225,hcrd_thresholded,z=3.5,6.561051303151411e-32,8.881784197001252e-16,0.03166179999243468
0.0,23,20261225,if_final,tail=1,0.06537623025740401,8.881784197001252e-16,0.03166179999243468
0.0,23,20261225,if_oracle_tail,tail=1,0.06537623025740401,8.881784197001252e-16,0.03166179999243468
0.0,24,20261226,hcrd_centered,none,0.0,8.881784197001252e-16,0.02046420006081462
0.0,24,20261226,hcrd_thresholded,z=3.5,8.98307682076213e-32,8.881784197001252e-16,0.02046420006081462
0.0,24,20261226,if_final,tail=1,0.06012562489199223,8.881784197001252e-16,0.02046420006081462
0.0,24,20261226,if_oracle_tail,tail=1,0.06012562489199223,8.881784197001252e-16,0.02046420006081462
0.0,25,20261227,hcrd_centered,none,0.0,1.7763568394002505e-15,0.01418029994238168
0.0,25,20261227,hcrd_thresholded,z=3.5,1.433071732004124e-31,1.7763568394002505e-15,0.01418029994238168
0.0,25,20261227,if_final,tail=1,0.14314566914732094,1.7763568394002505e-15,0.01418029994238168
0.0,25,20261227,if_oracle_tail,tail=1,0.14314566914732094,1.7763568394002505e-15,0.01418029994238168
0.0,26,20261228,hcrd_centered,none,0.0,4.440892098500626e-16,0.017080799909308553
0.0,26,20261228,hcrd_thresholded,z=3.5,2.8776540803295665e-33,4.440892098500626e-16,0.017080799909308553
0.0,26,20261228,if_final,tail=1,0.1305946290027002,4.440892098500626e-16,0.017080799909308553
0.0,26,20261228,if_oracle_tail,tail=1,0.1305946290027002,4.440892098500626e-16,0.017080799909308553
0.0,27,20261229,hcrd_centered,none,0.0,8.881784197001252e-16,0.010578999994322658
0.0,27,20261229,hcrd_thresholded,z=3.5,3.7025815833573754e-32,8.881784197001252e-16,0.010578999994322658
0.0,27,20261229,if_final,tail=1,0.14986530748636986,8.881784197001252e-16,0.010578999994322658
0.0,27,20261229,if_oracle_tail,tail=1,0.14986530748636986,8.881784197001252e-16,0.010578999994322658
0.0,28,20261230,hcrd_centered,none,0.0,2.220446049250313e-16,0.01974110002629459
0.0,28,20261230,hcrd_thresholded,z=3.5,6.933722494335759e-34,2.220446049250313e-16,0.01974110002629459
0.0,28,20261230,if_final,tail=1,0.10633088366152188,2.220446049250313e-16,0.01974110002629459
0.0,28,20261230,if_oracle_tail,tail=1,0.10633088366152188,2.220446049250313e-16,0.01974110002629459
0.0,29,20261231,hcrd_centered,none,0.0,8.881784197001252e-16,0.00894760002847761
0.0,29,20261231,hcrd_thresholded,z=3.5,3.880036918311032e-32,8.881784197001252e-16,0.00894760002847761
0.0,29,20261231,if_final,tail=1,0.16939244944749843,8.881784197001252e-16,0.00894760002847761
0.0,29,20261231,if_oracle_tail,tail=1,0.16939244944749843,8.881784197001252e-16,0.00894760002847761
0.0,30,20261232,hcrd_centered,none,0.0,4.440892098500626e-16,0.007446400006301701
0.0,30,20261232,hcrd_thresholded,z=3.5,2.0335422167662268e-32,4.440892098500626e-16,0.007446400006301701
0.0,30,20261232,if_final,tail=1,0.07359007582195003,4.440892098500626e-16,0.007446400006301701
0.0,30,20261232,if_oracle_tail,tail=1,0.07359007582195003,4.440892098500626e-16,0.007446400006301701
0.0,31,20261233,hcrd_centered,none,0.0,1.7763568394002505e-15,0.024139299988746643
0.0,31,20261233,hcrd_thresholded,z=3.5,1.208614713738418e-31,1.7763568394002505e-15,0.024139299988746643
0.0,31,20261233,if_final,tail=1,0.09599560687587319,1.7763568394002505e-15,0.024139299988746643
0.0,31,20261233,if_oracle_tail,tail=1,0.09599560687587319,1.7763568394002505e-15,0.024139299988746643
0.0,32,20261234,hcrd_centered,none,0.0,8.881784197001252e-16,0.03423520002979785
0.0,32,20261234,hcrd_thresholded,z=3.5,5.769696431060781e-32,8.881784197001252e-16,0.03423520002979785
0.0,32,20261234,if_final,tail=1,0.1357682898720447,8.881784197001252e-16,0.03423520002979785
0.0,32,20261234,if_oracle_tail,tail=1,0.1357682898720447,8.881784197001252e-16,0.03423520002979785
0.0,33,20261235,hcrd_centered,none,0.0,8.881784197001252e-16,0.03535939997527748
0.0,33,20261235,hcrd_thresholded,z=3.5,2.224786310854796e-32,8.881784197001252e-16,0.03535939997527748
0.0,33,20261235,if_final,tail=1,0.140080856729194,8.881784197001252e-16,0.03535939997527748
0.0,33,20261235,if_oracle_tail,tail=1,0.140080856729194,8.881784197001252e-16,0.03535939997527748
0.0,34,20261236,hcrd_centered,none,0.0,2.220446049250313e-16,0.01504259998910129
0.0,34,20261236,hcrd_thresholded,z=3.5,4.310486007826996e-33,2.220446049250313e-16,0.01504259998910129
0.0,34,20261236,if_final,tail=1,0.21228478095821424,2.220446049250313e-16,0.01504259998910129
0.0,34,20261236,if_oracle_tail,tail=1,0.21228478095821424,2.220446049250313e-16,0.01504259998910129
0.0,35,20261237,hcrd_centered,none,0.0,8.881784197001252e-16,0.012743100058287382
0.0,35,20261237,hcrd_thresholded,z=3.5,3.0539103927497525e-32,8.881784197001252e-16,0.012743100058287382
0.0,35,20261237,if_final,tail=1,0.17265712587363366,8.881784197001252e-16,0.012743100058287382
0.0,35,20261237,if_oracle_tail,tail=1,0.17265712587363366,8.881784197001252e-16,0.012743100058287382
0.0,36,20261238,hcrd_centered,none,0.0,4.440892098500626e-16,0.01659080001991242
0.0,36,20261238,hcrd_thresholded,z=3.5,1.8524898142121583e-33,4.440892098500626e-16,0.01659080001991242
0.0,36,20261238,if_final,tail=1,0.12107485633513351,4.440892098500626e-16,0.01659080001991242
0.0,36,20261238,if_oracle_tail,tail=1,0.12107485633513351,4.440892098500626e-16,0.01659080001991242
0.0,37,20261239,hcrd_centered,none,0.0,8.881784197001252e-16,0.015922300051897764
0.0,37,20261239,hcrd_thresholded,z=3.5,8.479487356704456e-32,8.881784197001252e-16,0.015922300051897764
0.0,37,20261239,if_final,tail=1,0.12072870820009562,8.881784197001252e-16,0.015922300051897764
0.0,37,20261239,if_oracle_tail,tail=1,0.12072870820009562,8.881784197001252e-16,0.015922300051897764
0.0,38,20261240,hcrd_centered,none,0.0,8.881784197001252e-16,0.018884799908846617
0.0,38,20261240,hcrd_thresholded,z=3.5,1.7697572594026834e-32,8.881784197001252e-16,0.018884799908846617
0.0,38,20261240,if_final,tail=1,0.05817462743048918,8.881784197001252e-16,0.018884799908846617
0.0,38,20261240,if_oracle_tail,tail=1,0.05817462743048918,8.881784197001252e-16,0.018884799908846617
0.0,39,20261241,hcrd_centered,none,0.0,8.881784197001252e-16,0.016491600079461932
0.0,39,20261241,hcrd_thresholded,z=3.5,8.129372776931025e-32,8.881784197001252e-16,0.016491600079461932
0.0,39,20261241,if_final,tail=1,0.1640870883085139,8.881784197001252e-16,0.016491600079461932
0.0,39,20261241,if_oracle_tail,tail=1,0.1640870883085139,8.881784197001252e-16,0.016491600079461932
0.0,40,20261242,hcrd_centered,none,0.0,4.440892098500626e-16,0.010022599948570132
0.0,40,20261242,hcrd_thresholded,z=3.5,5.6691284160659294e-33,4.440892098500626e-16,0.010022599948570132
0.0,40,20261242,if_final,tail=1,0.1280486136247936,4.440892098500626e-16,0.010022599948570132
0.0,40,20261242,if_oracle_tail,tail=1,0.1280486136247936,4.440892098500626e-16,0.010022599948570132
0.0,41,20261243,hcrd_centered,none,0.0,2.220446049250313e-16,0.010785700054839253
0.0,41,20261243,hcrd_thresholded,z=3.5,7.0742329474768504e-34,2.220446049250313e-16,0.010785700054839253
0.0,41,20261243,if_final,tail=1,0.1361554876935558,2.220446049250313e-16,0.010785700054839253
0.0,41,20261243,if_oracle_tail,tail=1,0.1361554876935558,2.220446049250313e-16,0.010785700054839253
0.0,42,20261244,hcrd_centered,none,0.0,2.220446049250313e-16,0.013968199957162142
0.0,42,20261244,hcrd_thresholded,z=3.5,4.91224544181258e-34,2.220446049250313e-16,0.013968199957162142
0.0,42,20261244,if_final,tail=1,0.09760508561195767,2.220446049250313e-16,0.013968199957162142
0.0,42,20261244,if_oracle_tail,tail=1,0.09760508561195767,2.220446049250313e-16,0.013968199957162142
0.0,43,20261245,hcrd_centered,none,0.0,8.881784197001252e-16,0.03126750001683831
0.0,43,20261245,hcrd_thresholded,z=3.5,2.1150757490422312e-32,8.881784197001252e-16,0.03126750001683831
0.0,43,20261245,if_final,tail=1,0.147647944303006,8.881784197001252e-16,0.03126750001683831
0.0,43,20261245,if_oracle_tail,tail=1,0.147647944303006,8.881784197001252e-16,0.03126750001683831
0.0,44,20261246,hcrd_centered,none,0.0,8.881784197001252e-16,0.011127400095574558
0.0,44,20261246,hcrd_thresholded,z=3.5,1.846494701544805e-32,8.881784197001252e-16,0.011127400095574558
0.0,44,20261246,if_final,tail=1,0.05652273486037145,8.881784197001252e-16,0.011127400095574558
0.0,44,20261246,if_oracle_tail,tail=1,0.05652273486037145,8.881784197001252e-16,0.011127400095574558
0.0,45,20261247,hcrd_centered,none,0.0,4.440892098500626e-16,0.00930599996354431
0.0,45,20261247,hcrd_thresholded,z=3.5,8.057431424922786e-33,4.440892098500626e-16,0.00930599996354431
0.0,45,20261247,if_final,tail=1,0.05370007649715956,4.440892098500626e-16,0.00930599996354431
0.0,45,20261247,if_oracle_tail,tail=1,0.05370007649715956,4.440892098500626e-16,0.00930599996354431
0.0,46,20261248,hcrd_centered,none,0.0,2.220446049250313e-16,0.014029799960553646
0.0,46,20261248,hcrd_thresholded,z=3.5,3.933355951596305e-34,2.220446049250313e-16,0.014029799960553646
0.0,46,20261248,if_final,tail=1,0.10367745026166933,2.220446049250313e-16,0.014029799960553646
0.0,46,20261248,if_oracle_tail,tail=1,0.10367745026166933,2.220446049250313e-16,0.014029799960553646
0.0,47,20261249,hcrd_centered,none,0.0,8.881784197001252e-16,0.020950599922798574
0.0,47,20261249,hcrd_thresholded,z=3.5,2.8248970888568575e-32,8.881784197001252e-16,0.020950599922798574
0.0,47,20261249,if_final,tail=1,0.10304182266780056,8.881784197001252e-16,0.020950599922798574
0.0,47,20261249,if_oracle_tail,tail=1,0.10304182266780056,8.881784197001252e-16,0.020950599922798574
0.0,48,20261250,hcrd_centered,none,0.0,2.220446049250313e-16,0.009774400037713349
0.0,48,20261250,hcrd_thresholded,z=3.5,8.445626679338338e-33,2.220446049250313e-16,0.009774400037713349
0.0,48,20261250,if_final,tail=1,0.0958046682204308,2.220446049250313e-16,0.009774400037713349
0.0,48,20261250,if_oracle_tail,tail=1,0.0958046682204308,2.220446049250313e-16,0.009774400037713349
0.0,49,20261251,hcrd_centered,none,0.0,8.881784197001252e-16,0.019703299971297383
0.0,49,20261251,hcrd_thresholded,z=3.5,1.7974546799258555e-31,8.881784197001252e-16,0.019703299971297383
0.0,49,20261251,if_final,tail=1,0.1830425759140972,8.881784197001252e-16,0.019703299971297383
0.0,49,20261251,if_oracle_tail,tail=1,0.1830425759140972,8.881784197001252e-16,0.019703299971297383
0.03,0,20271202,hcrd_centered,none,0.7353078179863869,8.881784197001252e-16,0.020204999949783087
0.03,0,20271202,hcrd_thresholded,z=3.5,0.00018734736523933634,8.881784197001252e-16,0.020204999949783087
0.03,0,20271202,if_final,tail=1,0.2901737476820816,8.881784197001252e-16,0.020204999949783087
0.03,0,20271202,if_oracle_tail,tail=1,0.2901737476820816,8.881784197001252e-16,0.020204999949783087
0.03,1,20271203,hcrd_centered,none,0.9081624170794184,8.881784197001252e-16,0.01801320002414286
0.03,1,20271203,hcrd_thresholded,z=3.5,0.00010604432865922958,8.881784197001252e-16,0.01801320002414286
0.03,1,20271203,if_final,tail=1,0.10376079792679901,8.881784197001252e-16,0.01801320002414286
0.03,1,20271203,if_oracle_tail,tail=1,0.10376079792679901,8.881784197001252e-16,0.01801320002414286
0.03,2,20271204,hcrd_centered,none,1.1313686327316976,8.881784197001252e-16,0.021178199909627438
0.03,2,20271204,hcrd_thresholded,z=3.5,2.567683833916744e-05,8.881784197001252e-16,0.021178199909627438
0.03,2,20271204,if_final,tail=1,0.18757098906915978,8.881784197001252e-16,0.021178199909627438
0.03,2,20271204,if_oracle_tail,tail=1,0.18757098906915978,8.881784197001252e-16,0.021178199909627438
0.03,3,20271205,hcrd_centered,none,1.153118845645577,1.7763568394002505e-15,0.029678599908947945
0.03,3,20271205,hcrd_thresholded,z=3.5,0.00013416656929391972,1.7763568394002505e-15,0.029678599908947945
0.03,3,20271205,if_final,tail=1,0.3324362522319874,1.7763568394002505e-15,0.029678599908947945
0.03,3,20271205,if_oracle_tail,tail=1,0.3324362522319874,1.7763568394002505e-15,0.029678599908947945
0.03,4,20271206,hcrd_centered,none,1.0191633788860532,8.881784197001252e-16,0.044417700031772256
0.03,4,20271206,hcrd_thresholded,z=3.5,3.4404975277860896e-05,8.881784197001252e-16,0.044417700031772256
0.03,4,20271206,if_final,tail=1,0.1673363127297356,8.881784197001252e-16,0.044417700031772256
0.03,4,20271206,if_oracle_tail,tail=1,0.1673363127297356,8.881784197001252e-16,0.044417700031772256
0.03,5,20271207,hcrd_centered,none,0.9418099086530369,4.440892098500626e-16,0.019460299983620644
0.03,5,20271207,hcrd_thresholded,z=3.5,0.0006068406615093059,4.440892098500626e-16,0.019460299983620644
0.03,5,20271207,if_final,tail=1,0.3726458540483656,4.440892098500626e-16,0.019460299983620644
0.03,5,20271207,if_oracle_tail,tail=1,0.3726458540483656,4.440892098500626e-16,0.019460299983620644
0.03,6,20271208,hcrd_centered,none,0.557222719902737,8.881784197001252e-16,0.023959400015883148
0.03,6,20271208,hcrd_thresholded,z=3.5,0.0002195377794888628,8.881784197001252e-16,0.023959400015883148
0.03,6,20271208,if_final,tail=1,0.09616045514806419,8.881784197001252e-16,0.023959400015883148
0.03,6,20271208,if_oracle_tail,tail=1,0.09616045514806419,8.881784197001252e-16,0.023959400015883148
0.03,7,20271209,hcrd_centered,none,0.4525177586974368,4.440892098500626e-16,0.09082440007477999
0.03,7,20271209,hcrd_thresholded,z=3.5,0.0002986390274458819,4.440892098500626e-16,0.09082440007477999
0.03,7,20271209,if_final,tail=1,0.08201261009799331,4.440892098500626e-16,0.09082440007477999
0.03,7,20271209,if_oracle_tail,tail=1,0.08201261009799331,4.440892098500626e-16,0.09082440007477999
0.03,8,20271210,hcrd_centered,none,1.146775634580949,1.7763568394002505e-15,0.12312279990874231
0.03,8,20271210,hcrd_thresholded,z=3.5,3.113193329864478e-05,1.7763568394002505e-15,0.12312279990874231
0.03,8,20271210,if_final,tail=1,0.2503297407274981,1.7763568394002505e-15,0.12312279990874231
0.03,8,20271210,if_oracle_tail,tail=1,0.2503297407274981,1.7763568394002505e-15,0.12312279990874231
0.03,9,20271211,hcrd_centered,none,1.043503729103432,8.881784197001252e-16,0.07590599998366088
0.03,9,20271211,hcrd_thresholded,z=3.5,0.0003107594937855413,8.881784197001252e-16,0.07590599998366088
0.03,9,20271211,if_final,tail=1,0.12332612226697304,8.881784197001252e-16,0.07590599998366088
0.03,9,20271211,if_oracle_tail,tail=1,0.12332612226697304,8.881784197001252e-16,0.07590599998366088
0.03,10,20271212,hcrd_centered,none,0.8489229727531148,4.440892098500626e-16,0.06002119998447597
0.03,10,20271212,hcrd_thresholded,z=3.5,0.0016406130591812805,4.440892098500626e-16,0.06002119998447597
0.03,10,20271212,if_final,tail=1,0.09922275455715138,4.440892098500626e-16,0.06002119998447597
0.03,10,20271212,if_oracle_tail,tail=1,0.09922275455715138,4.440892098500626e-16,0.06002119998447597
0.03,11,20271213,hcrd_centered,none,0.5812929721600809,8.881784197001252e-16,0.07203839998692274
0.03,11,20271213,hcrd_thresholded,z=3.5,0.00011699371378626139,8.881784197001252e-16,0.07203839998692274
0.03,11,20271213,if_final,tail=1,0.12418930375288197,8.881784197001252e-16,0.07203839998692274
0.03,11,20271213,if_oracle_tail,tail=1,0.12418930375288197,8.881784197001252e-16,0.07203839998692274
0.03,12,20271214,hcrd_centered,none,0.8947368691555219,4.440892098500626e-16,0.0322306000161916
0.03,12,20271214,hcrd_thresholded,z=3.5,5.570945252061383e-05,4.440892098500626e-16,0.0322306000161916
0.03,12,20271214,if_final,tail=1,0.16135189492170732,4.440892098500626e-16,0.0322306000161916
0.03,12,20271214,if_oracle_tail,tail=1,0.16135189492170732,4.440892098500626e-16,0.0322306000161916
0.03,13,20271215,hcrd_centered,none,0.9867991659784071,8.881784197001252e-16,0.05380250001326203
0.03,13,20271215,hcrd_thresholded,z=3.5,0.00015281815500624535,8.881784197001252e-16,0.05380250001326203
0.03,13,20271215,if_final,tail=1,0.19591748742406562,8.881784197001252e-16,0.05380250001326203
0.03,13,20271215,if_oracle_tail,tail=1,0.19591748742406562,8.881784197001252e-16,0.05380250001326203
0.03,14,20271216,hcrd_centered,none,1.0728255571687981,4.440892098500626e-16,0.03633789997547865
0.03,14,20271216,hcrd_thresholded,z=3.5,5.7202114014571193e-05,4.440892098500626e-16,0.03633789997547865
0.03,14,20271216,if_final,tail=1,0.19328464454380348,4.440892098500626e-16,0.03633789997547865
0.03,14,20271216,if_oracle_tail,tail=1,0.19328464454380348,4.440892098500626e-16,0.03633789997547865
0.03,15,20271217,hcrd_centered,none,1.098191615757783,8.881784197001252e-16,0.03872779989615083
0.03,15,20271217,hcrd_thresholded,z=3.5,0.0006277716634198081,8.881784197001252e-16,0.03872779989615083
0.03,15,20271217,if_final,tail=1,0.12318164607463762,8.881784197001252e-16,0.03872779989615083
0.03,15,20271217,if_oracle_tail,tail=1,0.12318164607463762,8.881784197001252e-16,0.03872779989615083
0.03,16,20271218,hcrd_centered,none,0.9836272161155765,8.881784197001252e-16,0.06841299997176975
0.03,16,20271218,hcrd_thresholded,z=3.5,0.0004429448372589603,8.881784197001252e-16,0.06841299997176975
0.03,16,20271218,if_final,tail=1,0.13117579930337878,8.881784197001252e-16,0.06841299997176975
0.03,16,20271218,if_oracle_tail,tail=1,0.13117579930337878,8.881784197001252e-16,0.06841299997176975
0.03,17,20271219,hcrd_centered,none,1.0722190010482404,4.440892098500626e-16,0.04466940008569509
0.03,17,20271219,hcrd_thresholded,z=3.5,0.00034960019576815195,4.440892098500626e-16,0.04466940008569509
0.03,17,20271219,if_final,tail=1,0.1958660785138588,4.440892098500626e-16,0.04466940008569509
0.03,17,20271219,if_oracle_tail,tail=1,0.1958660785138588,4.440892098500626e-16,0.04466940008569509
0.03,18,20271220,hcrd_centered,none,0.6326542188367092,4.440892098500626e-16,0.03782079997472465
0.03,18,20271220,hcrd_thresholded,z=3.5,0.00021992678176599914,4.440892098500626e-16,0.03782079997472465
0.03,18,20271220,if_final,tail=1,0.10209851092531771,4.440892098500626e-16,0.03782079997472465
0.03,18,20271220,if_oracle_tail,tail=1,0.10209851092531771,4.440892098500626e-16,0.03782079997472465
0.03,19,20271221,hcrd_centered,none,0.5325689564096274,2.220446049250313e-16,0.03142200002912432
0.03,19,20271221,hcrd_thresholded,z=3.5,0.00058154028856395,2.220446049250313e-16,0.03142200002912432
0.03,19,20271221,if_final,tail=1,0.0945132225914424,2.220446049250313e-16,0.03142200002912432
0.03,19,20271221,if_oracle_tail,tail=1,0.0945132225914424,2.220446049250313e-16,0.03142200002912432
0.03,20,20271222,hcrd_centered,none,1.064874608966682,1.7763568394002505e-15,0.045185400056652725
0.03,20,20271222,hcrd_thresholded,z=3.5,7.756665065652235e-05,1.7763568394002505e-15,0.045185400056652725
0.03,20,20271222,if_final,tail=1,0.14212522083126625,1.7763568394002505e-15,0.045185400056652725
0.03,20,20271222,if_oracle_tail,tail=1,0.14212522083126625,1.7763568394002505e-15,0.045185400056652725
0.03,21,20271223,hcrd_centered,none,0.8161146888590586,4.440892098500626e-16,0.03148859995417297
0.03,21,20271223,hcrd_thresholded,z=3.5,0.00014311789178563178,4.440892098500626e-16,0.03148859995417297
0.03,21,20271223,if_final,tail=1,0.14028287554631227,4.440892098500626e-16,0.03148859995417297
0.03,21,20271223,if_oracle_tail,tail=1,0.14028287554631227,4.440892098500626e-16,0.03148859995417297
0.03,22,20271224,hcrd_centered,none,1.1053214378563414,8.881784197001252e-16,0.01785329997073859
0.03,22,20271224,hcrd_thresholded,z=3.5,0.0005607196766227936,8.881784197001252e-16,0.01785329997073859
0.03,22,20271224,if_final,tail=1,0.12935081938092882,8.881784197001252e-16,0.01785329997073859
0.03,22,20271224,if_oracle_tail,tail=1,0.12935081938092882,8.881784197001252e-16,0.01785329997073859
0.03,23,20271225,hcrd_centered,none,0.958102931497815,1.3322676295501878e-15,0.039045599987730384
0.03,23,20271225,hcrd_thresholded,z=3.5,0.001337905327365065,1.3322676295501878e-15,0.039045599987730384
0.03,23,20271225,if_final,tail=1,0.12902145850165886,1.3322676295501878e-15,0.039045599987730384
0.03,23,20271225,if_oracle_tail,tail=1,0.12902145850165886,1.3322676295501878e-15,0.039045599987730384
0.03,24,20271226,hcrd_centered,none,0.614846246084954,4.440892098500626e-16,0.020689500030130148
0.03,24,20271226,hcrd_thresholded,z=3.5,0.0005941062131533341,4.440892098500626e-16,0.020689500030130148
0.03,24,20271226,if_final,tail=1,0.0699980593756176,4.440892098500626e-16,0.020689500030130148
0.03,24,20271226,if_oracle_tail,tail=1,0.0699980593756176,4.440892098500626e-16,0.020689500030130148
0.03,25,20271227,hcrd_centered,none,0.8855752106266019,8.881784197001252e-16,0.03323830000590533
0.03,25,20271227,hcrd_thresholded,z=3.5,1.0892408004307079e-05,8.881784197001252e-16,0.03323830000590533
0.03,25,20271227,if_final,tail=1,0.1509982322653637,8.881784197001252e-16,0.03323830000590533
0.03,25,20271227,if_oracle_tail,tail=1,0.1509982322653637,8.881784197001252e-16,0.03323830000590533
0.03,26,20271228,hcrd_centered,none,1.1230253817381401,8.881784197001252e-16,0.10335650003980845
0.03,26,20271228,hcrd_thresholded,z=3.5,0.00015259045064533038,8.881784197001252e-16,0.10335650003980845
0.03,26,20271228,if_final,tail=1,0.20843729854509735,8.881784197001252e-16,0.10335650003980845
0.03,26,20271228,if_oracle_tail,tail=1,0.20843729854509735,8.881784197001252e-16,0.10335650003980845
0.03,27,20271229,hcrd_centered,none,0.7658011646774622,4.440892098500626e-16,0.06653449998702854
0.03,27,20271229,hcrd_thresholded,z=3.5,0.0001950201361622064,4.440892098500626e-16,0.06653449998702854
0.03,27,20271229,if_final,tail=1,0.30994988758841896,4.440892098500626e-16,0.06653449998702854
0.03,27,20271229,if_oracle_tail,tail=1,0.30994988758841896,4.440892098500626e-16,0.06653449998702854
0.03,28,20271230,hcrd_centered,none,1.0120796788992303,4.440892098500626e-16,0.08903859998099506
0.03,28,20271230,hcrd_thresholded,z=3.5,0.00010842907756977678,4.440892098500626e-16,0.08903859998099506
0.03,28,20271230,if_final,tail=1,0.1799711526927033,4.440892098500626e-16,0.08903859998099506
0.03,28,20271230,if_oracle_tail,tail=1,0.1799711526927033,4.440892098500626e-16,0.08903859998099506
0.03,29,20271231,hcrd_centered,none,0.4566826467878032,8.881784197001252e-16,0.0789267000509426
0.03,29,20271231,hcrd_thresholded,z=3.5,0.0015010556435184953,8.881784197001252e-16,0.0789267000509426
0.03,29,20271231,if_final,tail=1,0.09420804923323109,8.881784197001252e-16,0.0789267000509426
0.03,29,20271231,if_oracle_tail,tail=1,0.09420804923323109,8.881784197001252e-16,0.0789267000509426
0.03,30,20271232,hcrd_centered,none,0.4324900877289192,4.440892098500626e-16,0.06880020000971854
0.03,30,20271232,hcrd_thresholded,z=3.5,0.0001936152066227044,4.440892098500626e-16,0.06880020000971854
0.03,30,20271232,if_final,tail=1,0.17432141567466428,4.440892098500626e-16,0.06880020000971854
0.03,30,20271232,if_oracle_tail,tail=1,0.17432141567466428,4.440892098500626e-16,0.06880020000971854
0.03,31,20271233,hcrd_centered,none,1.0234211942081923,4.440892098500626e-16,0.0660187000175938
0.03,31,20271233,hcrd_thresholded,z=3.5,2.6110928155008382e-05,4.440892098500626e-16,0.0660187000175938
0.03,31,20271233,if_final,tail=1,0.1251332152024202,4.440892098500626e-16,0.0660187000175938
0.03,31,20271233,if_oracle_tail,tail=1,0.1251332152024202,4.440892098500626e-16,0.0660187000175938
0.03,32,20271234,hcrd_centered,none,0.5570329111528368,4.440892098500626e-16,0.03311640000902116
0.03,32,20271234,hcrd_thresholded,z=3.5,0.00021410952874226469,4.440892098500626e-16,0.03311640000902116
0.03,32,20271234,if_final,tail=1,0.0987275290832081,4.440892098500626e-16,0.03311640000902116
0.03,32,20271234,if_oracle_tail,tail=1,0.0987275290832081,4.440892098500626e-16,0.03311640000902116
0.03,33,20271235,hcrd_centered,none,0.9548341145348739,8.881784197001252e-16,0.10348940000403672
0.03,33,20271235,hcrd_thresholded,z=3.5,0.0009482617565931067,8.881784197001252e-16,0.10348940000403672
0.03,33,20271235,if_final,tail=1,0.11168713804227696,8.881784197001252e-16,0.10348940000403672
0.03,33,20271235,if_oracle_tail,tail=1,0.11168713804227696,8.881784197001252e-16,0.10348940000403672
0.03,34,20271236,hcrd_centered,none,0.4792692053096576,6.661338147750939e-16,0.0302456000354141
0.03,34,20271236,hcrd_thresholded,z=3.5,0.00029288428047512157,6.661338147750939e-16,0.0302456000354141
0.03,34,20271236,if_final,tail=1,0.09265022531297736,6.661338147750939e-16,0.0302456000354141
0.03,34,20271236,if_oracle_tail,tail=1,0.09265022531297736,6.661338147750939e-16,0.0302456000354141
0.03,35,20271237,hcrd_centered,none,0.7223895776702369,1.7763568394002505e-15,0.05309039994608611
0.03,35,20271237,hcrd_thresholded,z=3.5,0.0013768289798279044,1.7763568394002505e-15,0.05309039994608611
0.03,35,20271237,if_final,tail=1,0.09107270289504069,1.7763568394002505e-15,0.05309039994608611
0.03,35,20271237,if_oracle_tail,tail=1,0.09107270289504069,1.7763568394002505e-15,0.05309039994608611
0.03,36,20271238,hcrd_centered,none,1.0357187602100362,8.881784197001252e-16,0.03885669994633645
0.03,36,20271238,hcrd_thresholded,z=3.5,7.685269571281052e-05,8.881784197001252e-16,0.03885669994633645
0.03,36,20271238,if_final,tail=1,0.2138211575266868,8.881784197001252e-16,0.03885669994633645
0.03,36,20271238,if_oracle_tail,tail=1,0.2138211575266868,8.881784197001252e-16,0.03885669994633645
0.03,37,20271239,hcrd_centered,none,1.107271489070364,4.440892098500626e-16,0.02041190001182258
0.03,37,20271239,hcrd_thresholded,z=3.5,0.00010939875225655639,4.440892098500626e-16,0.02041190001182258
0.03,37,20271239,if_final,tail=1,0.4485285512262084,4.440892098500626e-16,0.02041190001182258
0.03,37,20271239,if_oracle_tail,tail=1,0.4485285512262084,4.440892098500626e-16,0.02041190001182258
0.03,38,20271240,hcrd_centered,none,0.46547009953357077,1.7763568394002505e-15,0.025719700031913817
0.03,38,20271240,hcrd_thresholded,z=3.5,4.298000943667218e-06,1.7763568394002505e-15,0.025719700031913817
0.03,38,20271240,if_final,tail=1,0.13994443236782889,1.7763568394002505e-15,0.025719700031913817
0.03,38,20271240,if_oracle_tail,tail=1,0.13994443236782889,1.7763568394002505e-15,0.025719700031913817
0.03,39,20271241,hcrd_centered,none,1.0333706304795927,4.440892098500626e-16,0.029874800005927682
0.03,39,20271241,hcrd_thresholded,z=3.5,0.00044499030502735914,4.440892098500626e-16,0.029874800005927682
0.03,39,20271241,if_final,tail=1,0.17824294733872445,4.440892098500626e-16,0.029874800005927682
0.03,39,20271241,if_oracle_tail,tail=1,0.17824294733872445,4.440892098500626e-16,0.029874800005927682
0.03,40,20271242,hcrd_centered,none,0.5569960046746444,4.440892098500626e-16,0.04306599998380989
0.03,40,20271242,hcrd_thresholded,z=3.5,0.0004686416324749773,4.440892098500626e-16,0.04306599998380989
0.03,40,20271242,if_final,tail=1,0.07370038011179773,4.440892098500626e-16,0.04306599998380989
0.03,40,20271242,if_oracle_tail,tail=1,0.07370038011179773,4.440892098500626e-16,0.04306599998380989
0.03,41,20271243,hcrd_centered,none,0.9332656860143916,8.881784197001252e-16,0.018815499963238835
0.03,41,20271243,hcrd_thresholded,z=3.5,0.00013099679414140504,8.881784197001252e-16,0.018815499963238835
0.03,41,20271243,if_final,tail=1,0.10740784261556267,8.881784197001252e-16,0.018815499963238835
0.03,41,20271243,if_oracle_tail,tail=1,0.10740784261556267,8.881784197001252e-16,0.018815499963238835
0.03,42,20271244,hcrd_centered,none,0.5597994585810598,8.881784197001252e-16,0.0255357000278309
0.03,42,20271244,hcrd_thresholded,z=3.5,8.001480360112897e-05,8.881784197001252e-16,0.0255357000278309
0.03,42,20271244,if_final,tail=1,0.07615149002707138,8.881784197001252e-16,0.0255357000278309
0.03,42,20271244,if_oracle_tail,tail=1,0.07615149002707138,8.881784197001252e-16,0.0255357000278309
0.03,43,20271245,hcrd_centered,none,0.5131485296042292,8.881784197001252e-16,0.0501141999848187
0.03,43,20271245,hcrd_thresholded,z=3.5,0.0007586973022944257,8.881784197001252e-16,0.0501141999848187
0.03,43,20271245,if_final,tail=1,0.06360762513717945,8.881784197001252e-16,0.0501141999848187
0.03,43,20271245,if_oracle_tail,tail=1,0.06360762513717945,8.881784197001252e-16,0.0501141999848187
0.03,44,20271246,hcrd_centered,none,0.9461076330696486,8.881784197001252e-16,0.038334500044584274
0.03,44,20271246,hcrd_thresholded,z=3.5,0.000285986461990586,8.881784197001252e-16,0.038334500044584274
0.03,44,20271246,if_final,tail=1,0.12433161326072135,8.881784197001252e-16,0.038334500044584274
0.03,44,20271246,if_oracle_tail,tail=1,0.12433161326072135,8.881784197001252e-16,0.038334500044584274
0.03,45,20271247,hcrd_centered,none,0.4336489058485899,4.440892098500626e-16,0.03725839999970049
0.03,45,20271247,hcrd_thresholded,z=3.5,8.426258924594684e-05,4.440892098500626e-16,0.03725839999970049
0.03,45,20271247,if_final,tail=1,0.05945760373088189,4.440892098500626e-16,0.03725839999970049
0.03,45,20271247,if_oracle_tail,tail=1,0.05945760373088189,4.440892098500626e-16,0.03725839999970049
0.03,46,20271248,hcrd_centered,none,0.6662417067693339,4.440892098500626e-16,0.030356200062669814
0.03,46,20271248,hcrd_thresholded,z=3.5,0.002589901154701977,4.440892098500626e-16,0.030356200062669814
0.03,46,20271248,if_final,tail=1,0.11875245760751298,4.440892098500626e-16,0.030356200062669814
0.03,46,20271248,if_oracle_tail,tail=1,0.11875245760751298,4.440892098500626e-16,0.030356200062669814
0.03,47,20271249,hcrd_centered,none,0.8780362076892333,1.7763568394002505e-15,0.032324499916285276
0.03,47,20271249,hcrd_thresholded,z=3.5,0.0003154616438392142,1.7763568394002505e-15,0.032324499916285276
0.03,47,20271249,if_final,tail=1,0.25271202883299576,1.7763568394002505e-15,0.032324499916285276
0.03,47,20271249,if_oracle_tail,tail=1,0.25271202883299576,1.7763568394002505e-15,0.032324499916285276
0.03,48,20271250,hcrd_centered,none,0.5331594326032348,4.440892098500626e-16,0.04589670000132173
0.03,48,20271250,hcrd_thresholded,z=3.5,0.0006139112226784484,4.440892098500626e-16,0.04589670000132173
0.03,48,20271250,if_final,tail=1,0.08352847519740915,4.440892098500626e-16,0.04589670000132173
0.03,48,20271250,if_oracle_tail,tail=1,0.08352847519740915,4.440892098500626e-16,0.04589670000132173
0.03,49,20271251,hcrd_centered,none,0.4264257323460396,4.440892098500626e-16,0.013829699950292706
0.03,49,20271251,hcrd_thresholded,z=3.5,2.842031155722268e-06,4.440892098500626e-16,0.013829699950292706
0.03,49,20271251,if_final,tail=1,0.17216140192113893,4.440892098500626e-16,0.013829699950292706
0.03,49,20271251,if_oracle_tail,tail=1,0.17216140192113893,4.440892098500626e-16,0.013829699950292706
0.1,0,20281202,hcrd_centered,none,0.6816211815378481,1.7763568394002505e-15,0.02812220004852861
0.1,0,20281202,hcrd_thresholded,z=3.5,0.0038337660392104836,1.7763568394002505e-15,0.02812220004852861
0.1,0,20281202,if_final,tail=1,0.2173785898893161,1.7763568394002505e-15,0.02812220004852861
0.1,0,20281202,if_oracle_tail,tail=1,0.2173785898893161,1.7763568394002505e-15,0.02812220004852861
0.1,1,20281203,hcrd_centered,none,0.6641353676543348,4.440892098500626e-16,0.030543799977749586
0.1,1,20281203,hcrd_thresholded,z=3.5,0.0050755721149685525,4.440892098500626e-16,0.030543799977749586
0.1,1,20281203,if_final,tail=1,0.2736414862773976,4.440892098500626e-16,0.030543799977749586
0.1,1,20281203,if_oracle_tail,tail=1,0.2736414862773976,4.440892098500626e-16,0.030543799977749586
0.1,2,20281204,hcrd_centered,none,0.8193728769500701,8.881784197001252e-16,0.026168599957600236
0.1,2,20281204,hcrd_thresholded,z=3.5,0.010243039746633351,8.881784197001252e-16,0.026168599957600236
0.1,2,20281204,if_final,tail=1,0.1214894135622806,8.881784197001252e-16,0.026168599957600236
0.1,2,20281204,if_oracle_tail,tail=1,0.1214894135622806,8.881784197001252e-16,0.026168599957600236
0.1,3,20281205,hcrd_centered,none,0.9786032399954651,4.440892098500626e-16,0.040538599947467446
0.1,3,20281205,hcrd_thresholded,z=3.5,0.0036229640930729333,4.440892098500626e-16,0.040538599947467446
0.1,3,20281205,if_final,tail=1,0.3973714282465829,4.440892098500626e-16,0.040538599947467446
0.1,3,20281205,if_oracle_tail,tail=1,0.3973714282465829,4.440892098500626e-16,0.040538599947467446
0.1,4,20281206,hcrd_centered,none,0.7358668311979211,8.881784197001252e-16,0.016390400007367134
0.1,4,20281206,hcrd_thresholded,z=3.5,0.010623165777781404,8.881784197001252e-16,0.016390400007367134
0.1,4,20281206,if_final,tail=1,0.08171940097618427,8.881784197001252e-16,0.016390400007367134
0.1,4,20281206,if_oracle_tail,tail=1,0.08171940097618427,8.881784197001252e-16,0.016390400007367134
0.1,5,20281207,hcrd_centered,none,0.8887897186668788,1.7763568394002505e-15,0.03305440000258386
0.1,5,20281207,hcrd_thresholded,z=3.5,0.004860198606386494,1.7763568394002505e-15,0.03305440000258386
0.1,5,20281207,if_final,tail=1,0.25251599047581164,1.7763568394002505e-15,0.03305440000258386
0.1,5,20281207,if_oracle_tail,tail=1,0.25251599047581164,1.7763568394002505e-15,0.03305440000258386
0.1,6,20281208,hcrd_centered,none,0.6841242837649146,4.440892098500626e-16,0.020826200023293495
0.1,6,20281208,hcrd_thresholded,z=3.5,0.00028572997922921456,4.440892098500626e-16,0.020826200023293495
0.1,6,20281208,if_final,tail=1,0.28752317047202935,4.440892098500626e-16,0.020826200023293495
0.1,6,20281208,if_oracle_tail,tail=1,0.28752317047202935,4.440892098500626e-16,0.020826200023293495
0.1,7,20281209,hcrd_centered,none,1.1309176263915215,1.7763568394002505e-15,0.046740800025872886
0.1,7,20281209,hcrd_thresholded,z=3.5,0.00013478815260059546,1.7763568394002505e-15,0.046740800025872886
0.1,7,20281209,if_final,tail=1,0.15150032228419083,1.7763568394002505e-15,0.046740800025872886
0.1,7,20281209,if_oracle_tail,tail=1,0.15150032228419083,1.7763568394002505e-15,0.046740800025872886
0.1,8,20281210,hcrd_centered,none,0.6837853313384511,4.440892098500626e-16,0.025073900003917515
0.1,8,20281210,hcrd_thresholded,z=3.5,0.00783787479783608,4.440892098500626e-16,0.025073900003917515
0.1,8,20281210,if_final,tail=1,0.08647066765689002,4.440892098500626e-16,0.025073900003917515
0.1,8,20281210,if_oracle_tail,tail=1,0.08647066765689002,4.440892098500626e-16,0.025073900003917515
0.1,9,20281211,hcrd_centered,none,0.6774731271414248,2.220446049250313e-16,0.027118699974380434
0.1,9,20281211,hcrd_thresholded,z=3.5,0.012596797474261498,2.220446049250313e-16,0.027118699974380434
0.1,9,20281211,if_final,tail=1,0.08198208854563035,2.220446049250313e-16,0.027118699974380434
0.1,9,20281211,if_oracle_tail,tail=1,0.08198208854563035,2.220446049250313e-16,0.027118699974380434
0.1,10,20281212,hcrd_centered,none,0.7040628018436982,8.881784197001252e-16,0.04703350004274398
0.1,10,20281212,hcrd_thresholded,z=3.5,0.0007012719725920394,8.881784197001252e-16,0.04703350004274398
0.1,10,20281212,if_final,tail=1,0.0937968289182381,8.881784197001252e-16,0.04703350004274398
0.1,10,20281212,if_oracle_tail,tail=1,0.0937968289182381,8.881784197001252e-16,0.04703350004274398
0.1,11,20281213,hcrd_centered,none,0.5112422952489178,4.440892098500626e-16,0.04154150001704693
0.1,11,20281213,hcrd_thresholded,z=3.5,0.010335995900393864,4.440892098500626e-16,0.04154150001704693
0.1,11,20281213,if_final,tail=1,0.06730471653934376,4.440892098500626e-16,0.04154150001704693
0.1,11,20281213,if_oracle_tail,tail=1,0.06730471653934376,4.440892098500626e-16,0.04154150001704693
0.1,12,20281214,hcrd_centered,none,0.7613466443399906,1.7763568394002505e-15,0.02493819990195334
0.1,12,20281214,hcrd_thresholded,z=3.5,0.0019025022826921147,1.7763568394002505e-15,0.02493819990195334
0.1,12,20281214,if_final,tail=1,0.2077247574859855,1.7763568394002505e-15,0.02493819990195334
0.1,12,20281214,if_oracle_tail,tail=1,0.2077247574859855,1.7763568394002505e-15,0.02493819990195334
0.1,13,20281215,hcrd_centered,none,0.4256605929422879,8.881784197001252e-16,0.014832900022156537
0.1,13,20281215,hcrd_thresholded,z=3.5,0.005442921283842869,8.881784197001252e-16,0.014832900022156537
0.1,13,20281215,if_final,tail=1,0.055094943133549304,8.881784197001252e-16,0.014832900022156537
0.1,13,20281215,if_oracle_tail,tail=1,0.055094943133549304,8.881784197001252e-16,0.014832900022156537
0.1,14,20281216,hcrd_centered,none,0.7402827096453516,8.881784197001252e-16,0.018995899939909577
0.1,14,20281216,hcrd_thresholded,z=3.5,0.009710448905031518,8.881784197001252e-16,0.018995899939909577
0.1,14,20281216,if_final,tail=1,0.08404557691290283,8.881784197001252e-16,0.018995899939909577
0.1,14,20281216,if_oracle_tail,tail=1,0.08404557691290283,8.881784197001252e-16,0.018995899939909577
0.1,15,20281217,hcrd_centered,none,0.6473222075252539,8.881784197001252e-16,0.029039900051429868
0.1,15,20281217,hcrd_thresholded,z=3.5,0.0013876455825995464,8.881784197001252e-16,0.029039900051429868
0.1,15,20281217,if_final,tail=1,0.13045095484761018,8.881784197001252e-16,0.029039900051429868
0.1,15,20281217,if_oracle_tail,tail=1,0.13045095484761018,8.881784197001252e-16,0.029039900051429868
0.1,16,20281218,hcrd_centered,none,0.8800329535963113,6.661338147750939e-16,0.020940400077961385
0.1,16,20281218,hcrd_thresholded,z=3.5,0.00631792461405531,6.661338147750939e-16,0.020940400077961385
0.1,16,20281218,if_final,tail=1,0.15412120860011558,6.661338147750939e-16,0.020940400077961385
0.1,16,20281218,if_oracle_tail,tail=1,0.15412120860011558,6.661338147750939e-16,0.020940400077961385
0.1,17,20281219,hcrd_centered,none,0.8269952840907752,8.881784197001252e-16,0.023500900017097592
0.1,17,20281219,hcrd_thresholded,z=3.5,0.004807477159689555,8.881784197001252e-16,0.023500900017097592
0.1,17,20281219,if_final,tail=1,0.15405812578761396,8.881784197001252e-16,0.023500900017097592
0.1,17,20281219,if_oracle_tail,tail=1,0.15405812578761396,8.881784197001252e-16,0.023500900017097592
0.1,18,20281220,hcrd_centered,none,0.8923942011549388,8.881784197001252e-16,0.0203038000036031
0.1,18,20281220,hcrd_thresholded,z=3.5,0.002861073581838376,8.881784197001252e-16,0.0203038000036031
0.1,18,20281220,if_final,tail=1,0.16351091348176017,8.881784197001252e-16,0.0203038000036031
0.1,18,20281220,if_oracle_tail,tail=1,0.16351091348176017,8.881784197001252e-16,0.0203038000036031
0.1,19,20281221,hcrd_centered,none,0.6069850603860513,4.440892098500626e-16,0.016505899955518544
0.1,19,20281221,hcrd_thresholded,z=3.5,0.02078514302068771,4.440892098500626e-16,0.016505899955518544
0.1,19,20281221,if_final,tail=1,0.10978353494157948,4.440892098500626e-16,0.016505899955518544
0.1,19,20281221,if_oracle_tail,tail=1,0.10978353494157948,4.440892098500626e-16,0.016505899955518544
0.1,20,20281222,hcrd_centered,none,0.9217500717565581,1.3322676295501878e-15,0.024105899967253208
0.1,20,20281222,hcrd_thresholded,z=3.5,0.0018943481405200569,1.3322676295501878e-15,0.024105899967253208
0.1,20,20281222,if_final,tail=1,0.175881140044819,1.3322676295501878e-15,0.024105899967253208
0.1,20,20281222,if_oracle_tail,tail=1,0.175881140044819,1.3322676295501878e-15,0.024105899967253208
0.1,21,20281223,hcrd_centered,none,0.8696298811480422,4.440892098500626e-16,0.017138099996373057
0.1,21,20281223,hcrd_thresholded,z=3.5,0.006039851074342977,4.440892098500626e-16,0.017138099996373057
0.1,21,20281223,if_final,tail=1,0.10920541473870365,4.440892098500626e-16,0.017138099996373057
0.1,21,20281223,if_oracle_tail,tail=1,0.10920541473870365,4.440892098500626e-16,0.017138099996373057
0.1,22,20281224,hcrd_centered,none,0.8180829761506885,4.440892098500626e-16,0.01567220001015812
0.1,22,20281224,hcrd_thresholded,z=3.5,0.004324758508880096,4.440892098500626e-16,0.01567220001015812
0.1,22,20281224,if_final,tail=1,0.09962920574136384,4.440892098500626e-16,0.01567220001015812
0.1,22,20281224,if_oracle_tail,tail=1,0.09962920574136384,4.440892098500626e-16,0.01567220001015812
0.1,23,20281225,hcrd_centered,none,1.003501695643016,4.440892098500626e-16,0.013829799951054156
0.1,23,20281225,hcrd_thresholded,z=3.5,0.010019636883367062,4.440892098500626e-16,0.013829799951054156
0.1,23,20281225,if_final,tail=1,0.12112552723299802,4.440892098500626e-16,0.013829799951054156
0.1,23,20281225,if_oracle_tail,tail=1,0.12112552723299802,4.440892098500626e-16,0.013829799951054156
0.1,24,20281226,hcrd_centered,none,1.0729873920910935,4.440892098500626e-16,0.02021360001526773
0.1,24,20281226,hcrd_thresholded,z=3.5,0.004717985650740331,4.440892098500626e-16,0.02021360001526773
0.1,24,20281226,if_final,tail=1,0.4138261865879429,4.440892098500626e-16,0.02021360001526773
0.1,24,20281226,if_oracle_tail,tail=1,0.4138261865879429,4.440892098500626e-16,0.02021360001526773
0.1,25,20281227,hcrd_centered,none,0.9748167692037877,1.7763568394002505e-15,0.02117949991952628
0.1,25,20281227,hcrd_thresholded,z=3.5,0.004781095629674321,1.7763568394002505e-15,0.02117949991952628
0.1,25,20281227,if_final,tail=1,0.3254439560208457,1.7763568394002505e-15,0.02117949991952628
0.1,25,20281227,if_oracle_tail,tail=1,0.3254439560208457,1.7763568394002505e-15,0.02117949991952628
0.1,26,20281228,hcrd_centered,none,0.6572525398288938,4.440892098500626e-16,0.019824399962089956
0.1,26,20281228,hcrd_thresholded,z=3.5,0.00027542985118559086,4.440892098500626e-16,0.019824399962089956
0.1,26,20281228,if_final,tail=1,0.11913534880532085,4.440892098500626e-16,0.019824399962089956
0.1,26,20281228,if_oracle_tail,tail=1,0.11913534880532085,4.440892098500626e-16,0.019824399962089956
0.1,27,20281229,hcrd_centered,none,0.44946414872154317,2.220446049250313e-16,0.01950529997702688
0.1,27,20281229,hcrd_thresholded,z=3.5,0.0025389864846546957,2.220446049250313e-16,0.01950529997702688
0.1,27,20281229,if_final,tail=1,0.05135248895976661,2.220446049250313e-16,0.01950529997702688
0.1,27,20281229,if_oracle_tail,tail=1,0.05135248895976661,2.220446049250313e-16,0.01950529997702688
0.1,28,20281230,hcrd_centered,none,0.7096312456409273,8.881784197001252e-16,0.02679769997484982
0.1,28,20281230,hcrd_thresholded,z=3.5,0.004699072522476225,8.881784197001252e-16,0.02679769997484982
0.1,28,20281230,if_final,tail=1,0.13410046541596835,8.881784197001252e-16,0.02679769997484982
0.1,28,20281230,if_oracle_tail,tail=1,0.13410046541596835,8.881784197001252e-16,0.02679769997484982
0.1,29,20281231,hcrd_centered,none,0.7551576100829297,4.440892098500626e-16,0.01809939998202026
0.1,29,20281231,hcrd_thresholded,z=3.5,0.007938770175321522,4.440892098500626e-16,0.01809939998202026
0.1,29,20281231,if_final,tail=1,0.12653572942848765,4.440892098500626e-16,0.01809939998202026
0.1,29,20281231,if_oracle_tail,tail=1,0.12653572942848765,4.440892098500626e-16,0.01809939998202026
0.1,30,20281232,hcrd_centered,none,0.45020889696277755,2.220446049250313e-16,0.013029500027187169
0.1,30,20281232,hcrd_thresholded,z=3.5,0.021335506575560225,2.220446049250313e-16,0.013029500027187169
0.1,30,20281232,if_final,tail=1,0.1345902386731856,2.220446049250313e-16,0.013029500027187169
0.1,30,20281232,if_oracle_tail,tail=1,0.1345902386731856,2.220446049250313e-16,0.013029500027187169
0.1,31,20281233,hcrd_centered,none,0.5096365186078559,3.3306690738754696e-16,0.022475400008261204
0.1,31,20281233,hcrd_thresholded,z=3.5,0.002064537198926732,3.3306690738754696e-16,0.022475400008261204
0.1,31,20281233,if_final,tail=1,0.14863145431281405,3.3306690738754696e-16,0.022475400008261204
0.1,31,20281233,if_oracle_tail,tail=1,0.14863145431281405,3.3306690738754696e-16,0.022475400008261204
0.1,32,20281234,hcrd_centered,none,0.9085243487626733,1.7763568394002505e-15,0.029637599945999682
0.1,32,20281234,hcrd_thresholded,z=3.5,0.0006066225397068738,1.7763568394002505e-15,0.029637599945999682
0.1,32,20281234,if_final,tail=1,0.1349186068246802,1.7763568394002505e-15,0.029637599945999682
0.1,32,20281234,if_oracle_tail,tail=1,0.1349186068246802,1.7763568394002505e-15,0.029637599945999682
0.1,33,20281235,hcrd_centered,none,1.016118251133332,1.7763568394002505e-15,0.02263889997266233
0.1,33,20281235,hcrd_thresholded,z=3.5,0.006253671300601507,1.7763568394002505e-15,0.02263889997266233
0.1,33,20281235,if_final,tail=1,0.11815702080524305,1.7763568394002505e-15,0.02263889997266233
0.1,33,20281235,if_oracle_tail,tail=1,0.11815702080524305,1.7763568394002505e-15,0.02263889997266233
0.1,34,20281236,hcrd_centered,none,0.6241428418626266,4.440892098500626e-16,0.01667409995570779
0.1,34,20281236,hcrd_thresholded,z=3.5,0.004694357963864229,4.440892098500626e-16,0.01667409995570779
0.1,34,20281236,if_final,tail=1,0.10969798976548503,4.440892098500626e-16,0.01667409995570779
0.1,34,20281236,if_oracle_tail,tail=1,0.10969798976548503,4.440892098500626e-16,0.01667409995570779
0.1,35,20281237,hcrd_centered,none,0.6449515007603226,4.440892098500626e-16,0.020913499989546835
0.1,35,20281237,hcrd_thresholded,z=3.5,0.025873779768778523,4.440892098500626e-16,0.020913499989546835
0.1,35,20281237,if_final,tail=1,0.07269320948158627,4.440892098500626e-16,0.020913499989546835
0.1,35,20281237,if_oracle_tail,tail=1,0.07269320948158627,4.440892098500626e-16,0.020913499989546835
0.1,36,20281238,hcrd_centered,none,0.8194691247748912,4.440892098500626e-16,0.026379400049336255
0.1,36,20281238,hcrd_thresholded,z=3.5,0.0064527239209406706,4.440892098500626e-16,0.026379400049336255
0.1,36,20281238,if_final,tail=1,0.10181054518080433,4.440892098500626e-16,0.026379400049336255
0.1,36,20281238,if_oracle_tail,tail=1,0.10181054518080433,4.440892098500626e-16,0.026379400049336255
0.1,37,20281239,hcrd_centered,none,0.9217431083894789,1.7763568394002505e-15,0.0456722000380978
0.1,37,20281239,hcrd_thresholded,z=3.5,0.00562268076021159,1.7763568394002505e-15,0.0456722000380978
0.1,37,20281239,if_final,tail=1,0.13399660587555348,1.7763568394002505e-15,0.0456722000380978
0.1,37,20281239,if_oracle_tail,tail=1,0.13399660587555348,1.7763568394002505e-15,0.0456722000380978
0.1,38,20281240,hcrd_centered,none,1.0470355294635443,1.7763568394002505e-15,0.03436190006323159
0.1,38,20281240,hcrd_thresholded,z=3.5,0.012628285132955178,1.7763568394002505e-15,0.03436190006323159
0.1,38,20281240,if_final,tail=1,0.1221265676501438,1.7763568394002505e-15,0.03436190006323159
0.1,38,20281240,if_oracle_tail,tail=1,0.1221265676501438,1.7763568394002505e-15,0.03436190006323159
0.1,39,20281241,hcrd_centered,none,0.6313180607790224,8.881784197001252e-16,0.023018399951979518
0.1,39,20281241,hcrd_thresholded,z=3.5,0.005432409727595888,8.881784197001252e-16,0.023018399951979518
0.1,39,20281241,if_final,tail=1,0.1226367423020649,8.881784197001252e-16,0.023018399951979518
0.1,39,20281241,if_oracle_tail,tail=1,0.1226367423020649,8.881784197001252e-16,0.023018399951979518
0.1,40,20281242,hcrd_centered,none,0.5040156973725227,4.440892098500626e-16,0.03765539999585599
0.1,40,20281242,hcrd_thresholded,z=3.5,0.0030020910261419065,4.440892098500626e-16,0.03765539999585599
0.1,40,20281242,if_final,tail=1,0.055863513004311895,4.440892098500626e-16,0.03765539999585599
0.1,40,20281242,if_oracle_tail,tail=1,0.055863513004311895,4.440892098500626e-16,0.03765539999585599
0.1,41,20281243,hcrd_centered,none,0.7712963586999096,8.881784197001252e-16,0.1645607000682503
0.1,41,20281243,hcrd_thresholded,z=3.5,0.009520304885297846,8.881784197001252e-16,0.1645607000682503
0.1,41,20281243,if_final,tail=1,0.10406820971765769,8.881784197001252e-16,0.1645607000682503
0.1,41,20281243,if_oracle_tail,tail=1,0.10406820971765769,8.881784197001252e-16,0.1645607000682503
0.1,42,20281244,hcrd_centered,none,0.743317993218933,4.440892098500626e-16,0.07202239998150617
0.1,42,20281244,hcrd_thresholded,z=3.5,0.0030692288533485114,4.440892098500626e-16,0.07202239998150617
0.1,42,20281244,if_final,tail=1,0.12320583006435458,4.440892098500626e-16,0.07202239998150617
0.1,42,20281244,if_oracle_tail,tail=1,0.12320583006435458,4.440892098500626e-16,0.07202239998150617
0.1,43,20281245,hcrd_centered,none,0.838264356546758,4.440892098500626e-16,0.03991190006490797
0.1,43,20281245,hcrd_thresholded,z=3.5,0.010419258043007133,4.440892098500626e-16,0.03991190006490797
0.1,43,20281245,if_final,tail=1,0.15464057157612932,4.440892098500626e-16,0.03991190006490797
0.1,43,20281245,if_oracle_tail,tail=1,0.15464057157612932,4.440892098500626e-16,0.03991190006490797
0.1,44,20281246,hcrd_centered,none,0.7360174954130366,1.7763568394002505e-15,0.14649169996846467
0.1,44,20281246,hcrd_thresholded,z=3.5,0.00010518487367612385,1.7763568394002505e-15,0.14649169996846467
0.1,44,20281246,if_final,tail=1,0.08987204873033326,1.7763568394002505e-15,0.14649169996846467
0.1,44,20281246,if_oracle_tail,tail=1,0.08987204873033326,1.7763568394002505e-15,0.14649169996846467
0.1,45,20281247,hcrd_centered,none,0.5520914349301299,4.440892098500626e-16,0.11325589998159558
0.1,45,20281247,hcrd_thresholded,z=3.5,0.011190032894409495,4.440892098500626e-16,0.11325589998159558
0.1,45,20281247,if_final,tail=1,0.21418086509827797,4.440892098500626e-16,0.11325589998159558
0.1,45,20281247,if_oracle_tail,tail=1,0.21418086509827797,4.440892098500626e-16,0.11325589998159558
0.1,46,20281248,hcrd_centered,none,0.7755067891197734,4.440892098500626e-16,0.06489569996483624
0.1,46,20281248,hcrd_thresholded,z=3.5,0.0018561664515335382,4.440892098500626e-16,0.06489569996483624
0.1,46,20281248,if_final,tail=1,0.08149667409993805,4.440892098500626e-16,0.06489569996483624
0.1,46,20281248,if_oracle_tail,tail=1,0.08149667409993805,4.440892098500626e-16,0.06489569996483624
0.1,47,20281249,hcrd_centered,none,0.7186093658629225,4.440892098500626e-16,0.053560700034722686
0.1,47,20281249,hcrd_thresholded,z=3.5,0.0009557468439447732,4.440892098500626e-16,0.053560700034722686
0.1,47,20281249,if_final,tail=1,0.08131033980069831,4.440892098500626e-16,0.053560700034722686
0.1,47,20281249,if_oracle_tail,tail=1,0.08131033980069831,4.440892098500626e-16,0.053560700034722686
0.1,48,20281250,hcrd_centered,none,0.6384876732095093,4.440892098500626e-16,0.0652674000011757
0.1,48,20281250,hcrd_thresholded,z=3.5,0.015135770860812772,4.440892098500626e-16,0.0652674000011757
0.1,48,20281250,if_final,tail=1,0.08119766628950323,4.440892098500626e-16,0.0652674000011757
0.1,48,20281250,if_oracle_tail,tail=1,0.08119766628950323,4.440892098500626e-16,0.0652674000011757
0.1,49,20281251,hcrd_centered,none,0.6525053122703658,8.881784197001252e-16,0.0568286000052467
0.1,49,20281251,hcrd_thresholded,z=3.5,0.301943725372872,8.881784197001252e-16,0.0568286000052467
0.1,49,20281251,if_final,tail=1,0.13405142885967442,8.881784197001252e-16,0.0568286000052467
0.1,49,20281251,if_oracle_tail,tail=1,0.13405142885967442,8.881784197001252e-16,0.0568286000052467
