file,wsd_id,length,train_index,anomaly_points,anomaly_events,max_run,max_run_fraction,anomaly_occupancy,primary_sparse_transient,file_sha256,Sub_PCA_auc_pr,Sub_PCA_auc_roc,Sub_PCA_vus_pr,Sub_PCA_vus_roc,SR_auc_pr,SR_auc_roc,SR_vus_pr,SR_vus_roc,POLY_auc_pr,POLY_auc_roc,POLY_vus_pr,POLY_vus_roc,Sub_IForest_auc_pr,Sub_IForest_auc_roc,Sub_IForest_vus_pr,Sub_IForest_vus_roc,HCRD_auc_pr,HCRD_auc_roc,HCRD_vus_pr,HCRD_vus_roc
029_WSD_id_1_WebService_tr_4559_1st_10201.csv,1,18236,4559,26,1,26,0.0014257512612415,0.0014257512612415,True,07d7c6cf922a480b17addf685a0df665228628944774db4b64ca93cc3aed93df,0.11727702988291941,0.5861741224179444,0.04347132992963987,0.5900931320690083,0.14779512102292378,0.7425864909390444,0.061118891158535214,0.7664161340113362,0.4235239264058065,0.9857284670299497,0.2558127722975694,0.9864103238175255,0.0021555991269835055,0.49597431673214215,0.002099663513870125,0.496924971714977,0.42679990733975565,0.8175864909390445,0.12689532073646162,0.8458686961489471
030_WSD_id_2_WebService_tr_4499_1st_4599.csv,2,18084,4499,88,7,19,0.0010506525105065,0.0048661800486618,True,f7d57a277878f30bae6285316077b29e9d3164b1fa80c3bdfa5289a509ae049c,0.0033097591589351773,0.3238181717149265,0.015093648819377203,0.36990194830451745,0.2316232094222129,0.7370242629675282,0.17479005901289643,0.9374306643006075,0.0070204782943502795,0.6244114853805897,0.029790447921761505,0.6100608001569466,0.003304975782414372,0.29963350441512254,0.007738045910342904,0.379237855880341,0.4983250522003728,0.799788526238154,0.4745720217454426,0.9734968481900064
031_WSD_id_3_WebService_tr_826_1st_926.csv,3,18236,826,39,1,39,0.0021386268918622,0.0021386268918622,True,660d9c84041937e241ade2ebe281a02a474a9961195df69d0ef279ff043eb6a9,0.003668473017450639,0.7051824547016061,0.005153353135329499,0.7126859468287684,0.1853374346204803,0.8186824258154697,0.1510670792269563,0.954684081586486,0.312,0.9976369731274386,0.6952024707972374,0.9989522249075375,0.002698490615734504,0.6220101087386903,0.004325187708523729,0.6892939556242293,0.40151426432509696,0.9985613294949999,0.8218818209665237,0.9996281557351561
034_WSD_id_6_WebService_tr_4559_1st_8461.csv,6,18236,4559,188,4,70,0.0038385610879578,0.0103092783505154,False,0aff24779680aaf84011ebabeb6c333a00ef6c96238e8149d303f3e42bfd7034,0.4347438086353518,0.7496127348347669,0.38719224734834096,0.7580836224410784,0.2674066520119321,0.7404972673343896,0.20870798896822262,0.7533053456921163,0.7121145219686967,0.9816497024483175,0.6777215730134785,0.985837688836221,0.240396943743675,0.7502664290025653,0.1500176532665852,0.7578301742479358,0.6515903709482664,0.9555154929643881,0.6084362143250625,0.9629442938358731
035_WSD_id_7_WebService_tr_4555_1st_11911.csv,7,18220,4555,32,3,12,0.0006586169045005,0.0017563117453347,True,b26a444d988613bf176fc5ec408bc21d9767e23aa26d232ca82e167af8227548,0.0016896859641066012,0.49597777380690566,0.003010796075143033,0.48601302420218606,0.32763698309474865,0.8053129123597977,0.08795641369421067,0.8691385028476746,0.35277777777777775,0.9984055421156807,0.614683849334009,0.9988496734625874,0.0015825610749979127,0.4622295606993622,0.0025947393322980797,0.5064898237435195,0.6408276713609028,0.8683386711018255,0.26648504780735915,0.9653002550814376
036_WSD_id_8_WebService_tr_4504_1st_6898.csv,8,18016,4504,6,2,3,0.0001665186500888,0.0003330373001776,True,61c8c72e14e0b0802052c0775e52e022cd68fa331416009594eb4808b42f4cf8,0.0018016918380675394,0.8108088099204146,0.0019077499311146216,0.795996748380511,0.3337637889809903,0.6658615583934852,0.09096468463082073,0.7659403637503873,0.38341968911917096,0.892772533777531,0.18970234043040177,0.9557444061344406,0.000658195325260551,0.7157967795669073,0.0009167489778601738,0.7223573732278328,0.6336485345602492,0.8640662594854711,0.14139861391592096,0.9341075883845643
037_WSD_id_9_WebService_tr_4583_1st_6214.csv,9,18334,4583,46,3,20,0.00109086942293,0.0025089996727391,True,5d07c633df7d28607ceb0bcbeb899c8976c4592e629a4e300a5261a4a7c2515e,0.3330617984541153,0.8031127562858991,0.09361133711792412,0.7514543240208402,0.17446141933502776,0.7632398531705276,0.048427447988537015,0.8714242650034049,0.5623188405797102,0.9986543801590019,0.5959514141523788,0.9982457379216967,0.04101877067508499,0.9485977975579138,0.07620994124819412,0.9554261804840265,0.24982794548575937,0.58138979230857,0.09926800484897662,0.733852599094568
041_WSD_id_13_WebService_tr_4296_1st_5196.csv,13,17186,4296,156,7,65,0.0037821482602118,0.0090771558245083,True,4d7d6d8da7f5b9a56ff1925013df16299acf15c226c4f08450a30a928d9d0a8d,0.31536487191137497,0.7552968366532665,0.27179421548200045,0.7714629229969118,0.230914607724087,0.7553197976421698,0.15329067963180532,0.7766611144950186,0.4267144390646493,0.9373067136425914,0.4066111081242291,0.9465672702579535,0.06355185460731275,0.7561750003764096,0.050948703529901294,0.7656572952116664,0.41535920340776344,0.9243296144059503,0.38717948895360005,0.9399925527026884
042_WSD_id_14_WebService_tr_3015_1st_3115.csv,14,18308,3015,121,12,16,0.0008739348918505,0.0066091326196198,True,82c6bef41d6455f676a24771fb514d5e366c242e9fc517368308a4aee168ef60,0.013765468605200091,0.7791074998170975,0.018651480025889504,0.7705320235352956,0.48190373999990194,0.848784005649299,0.39854262746701374,0.9145927634937948,0.7213145162796677,0.989719066429704,0.7605760593504214,0.9969368699637542,0.016452279722246933,0.7418213081998902,0.0202405602188792,0.730700556110338,0.5080740010900845,0.8192451514954602,0.537615397907257,0.9028345032622124
044_WSD_id_16_WebService_tr_4559_1st_6975.csv,16,18236,4559,32,1,32,0.0017547707830664,0.0017547707830664,True,ec21a1a89238517e1fc111ab55f84c5025c062de146239f380f55d7b2f20087e,0.17685988976327308,0.7392691853438805,0.0515597077774602,0.7394463749439664,0.09837229493166542,0.5723072539002417,0.044232577854134966,0.5860508055186493,0.3359871753028033,0.9969786860030763,0.3366847468485228,0.997393440584123,0.036894453971982676,0.6980745989892331,0.03576732816017995,0.7020207031083112,0.18056346431728781,0.7189002073720061,0.046804928911705915,0.7348467249644217
046_WSD_id_18_WebService_tr_2357_1st_2457.csv,18,18220,2357,130,11,16,0.0008781558726673,0.0071350164654226,True,0c88676e60932032f873c0fe6baeae0d6f6ace0c4efae33ff72ca93febc2b8c2,0.0054231537198348966,0.3977922354041757,0.026197863507207295,0.39226708376151814,0.26339341993064447,0.753446017774376,0.25308783818535424,0.9490040403268863,0.010830088649745957,0.6417378917378919,0.04814936953623479,0.6523045681936791,0.0045255327591461215,0.2761308840413318,0.015517985429680308,0.3985736829728892,0.5627288250559311,0.7942756303950333,0.8593790525178974,0.9871744610342226
047_WSD_id_19_WebService_tr_4559_1st_16362.csv,19,18236,4559,14,1,14,0.0007677122175915,0.0007677122175915,True,7048116a532079b207ab87e800fdff432cc77efb5fe723e264e2f47d507d0776,0.9999999999999998,1.0,0.3159424246361341,0.998610811578788,0.8351578036537385,0.9978479702714145,0.20473568024506825,0.9964662025495084,0.6428571428571428,0.999619768882199,0.816366496065074,0.9997653119247095,0.7567569973819381,0.9977774119196576,0.2305813228154111,0.9977364574980803,0.6343690164237737,0.9995884096147515,0.3084529995359979,0.9985956225141221
048_WSD_id_20_WebService_tr_4559_1st_11813.csv,20,18236,4559,53,2,27,0.0014805878482123,0.0029063391094538,True,01f5b8d74283c9670a8dbdae4118b315e1f7c0d521fd3f2bbebe3800f11c43c2,0.004337943006500431,0.68461936766563,0.005290656540754992,0.6941457107486673,0.19714900389119935,0.7470050295787377,0.11801814397283344,0.8400616625550172,0.4898753172238773,0.9371271527728056,0.5751598528281299,0.9858419102935757,0.0025549587716510286,0.46162131536921797,0.0030059591735265793,0.4723960148078689,0.5623532775702517,0.9774571728309358,0.5444281460425804,0.9967329922090735
050_WSD_id_22_WebService_tr_4559_1st_12816.csv,22,18236,4559,23,1,23,0.001261241500329,0.001261241500329,True,018fd70a2d92d913c49bcb6b6d35e4a329f02e58a28423905ce671bb8efc6aeb,0.0018552552843148845,0.6692520154022807,0.001988172410424141,0.6726830647743718,0.18859557950463432,0.7376742365104715,0.06468677039248612,0.7933269075114848,0.678842551513359,0.9979076101876585,0.6808539846464311,0.997898563242519,0.0010541602144371347,0.39798614940594274,0.001108757192551709,0.40059366634135074,0.533311511542382,0.9993053218078821,0.38612488673968215,0.9987527859123126
051_WSD_id_23_WebService_tr_3919_1st_5154.csv,23,15676,3919,60,4,22,0.0014034192396019,0.0038275070170961,True,f3d6913c700507d95efcda7653bde0d06585de2c430296fc501f6d716a8f2b35,0.004492300699556995,0.5247470543032786,0.008722818199124913,0.5582976841240078,0.2618414806004336,0.7315274931693989,0.13146888477086127,0.8738330424131681,0.19339110463173137,0.8215932377049181,0.2850918362556844,0.8938938344016741,0.005805242472908325,0.6507620389344262,0.009078559297678838,0.6723045305888072,0.3815167883062123,0.6531655566939891,0.30852730334065026,0.8279861418960798
052_WSD_id_24_WebService_tr_4559_1st_9102.csv,24,18236,4559,34,2,31,0.0016999341960956,0.0018644439570081,True,4b4589783af841acbd68bc578cfe4f110911568ad4319464385bbcc0dbf02421,0.7682747517988971,0.9576290905330377,0.3500784996799456,0.9702269155602875,0.3074483758050359,0.7652698152109982,0.10878062576623328,0.8084551118060451,0.761484593837535,0.9997220732046251,0.48692220783217344,0.9988839864301803,0.010119819403159225,0.8673044978896953,0.007947307979878087,0.7705924526112617,0.45709468645843576,0.8669869826845142,0.2820279233020609,0.9191650768315424
055_WSD_id_27_WebService_tr_3768_1st_3868.csv,27,18191,3768,103,8,18,0.0009895003023473,0.0056621406189874,True,c2784525f329ae3ecd4c6fb31bbc288fa025c38062352c99bb6fe54df55f5f37,0.003930355060645273,0.33943654109574334,0.01881424434484975,0.3523208040119751,0.2472784125222917,0.7260040449496099,0.20712988666887294,0.9457562832126396,0.008337726163579636,0.6323631394305295,0.035741954301125534,0.6065770391130446,0.003501392701864284,0.23733806246054884,0.0076268133656148575,0.3485150590221599,0.5208140834640712,0.8679309996865379,0.5769102547473836,0.987016104279766
056_WSD_id_28_WebService_tr_4559_1st_9689.csv,28,18236,4559,38,1,38,0.0020837903048914,0.0020837903048914,True,dc4754f58cb6b7152f64a08062507d00a16347bb9c20bd10d78b531da4a707ce,0.02730022192860895,0.9647546578282171,0.029219107948805976,0.964798040270475,0.1319658310891758,0.8496292247268352,0.0628803434467523,0.873004662470393,0.263979568778314,0.9523950000289216,0.22804262479928575,0.9557163794918636,0.01883117759293043,0.9486785708088222,0.019784933527391798,0.9486988159485427,0.42882997856023675,0.9783955437555312,0.18532706644923155,0.9790393873474269
057_WSD_id_29_WebService_tr_2229_1st_2329.csv,29,18236,2229,29,1,29,0.0015902610221539,0.0015902610221539,True,0d58744554f777f6b8029426992b51496cb00c184cb9a4e020528631361a5ac7,0.6220778033102677,0.8437887663517064,0.17846903859683388,0.8444398653033318,0.11659442248297291,0.7009354113518295,0.059131791328501236,0.743160753454002,0.9754789272030651,0.9999526517841755,0.5852104413189276,0.9990772539001262,0.003429034835489508,0.7449010706378563,0.0034768980270784137,0.7488339977545067,0.37015270613746265,0.9974772870608689,0.2786103244706813,0.9974601205063136
059_WSD_id_31_WebService_tr_4559_1st_9058.csv,31,18236,4559,25,1,25,0.0013709146742706,0.0013709146742706,True,fa4ec46b1fa453076b32c0bc192e56442da5697eb1ccd0dd276b9ffdd6dfe56f,0.002934854871519447,0.7633232661578166,0.003339436570354409,0.7647227339664356,0.16517443663333492,0.7950381637471858,0.06879123374941505,0.8562105718177748,0.7057081459270366,0.9765537312613256,0.9071529498453165,0.9955995048491854,0.0012425546497173128,0.44888254351765416,0.0013431879978604742,0.4612594835946388,0.9984615384615385,0.9999978035253417,0.5049989403376863,0.9989940129075131
061_WSD_id_33_WebService_tr_4559_1st_9722.csv,33,18236,4559,30,3,11,0.000603202456679,0.0016450976091248,True,4a4d4eaa3c24cae27ad0a2427cee8fe85aafa9bbaf434751ca42458d4412718a,0.002211307754450466,0.6165824453476876,0.0023626097680765714,0.634495030025454,0.18074097738113687,0.866456113369219,0.05596070824922129,0.8991622003503886,0.35648530794273575,0.865738401259658,0.22559383648343956,0.8986520580503475,0.0020872363517203834,0.6170145373320151,0.002149574423963829,0.6156582221846008,0.058497849966651076,0.834394338862646,0.023950427479599013,0.87652515982722
062_WSD_id_34_WebService_tr_3371_1st_3471.csv,34,18236,3371,160,16,21,0.0011515683263873,0.0087738539153323,True,9948bb2af3ba7046267291e2abdb354c02e699317c2bcc202536adaa7e290e04,0.7953365022121603,0.9958792044700155,0.8466335922604232,0.9978533902830597,0.673888180893457,0.9109834863907945,0.7078631681640095,0.9669517350061291,0.7180329930361173,0.9974199214427971,0.8233867354132484,0.9985228086088219,0.14311767128065303,0.9503640877406505,0.09422501993188022,0.9507812582804404,0.6763181330566688,0.9935266375304271,0.732002557478423,0.9971364242887835
063_WSD_id_35_WebService_tr_2290_1st_2390.csv,35,18236,2290,67,3,26,0.0014257512612415,0.0036740513270454,True,466bb62f2dbca29c1cb01b55f4ceb1adbaa6f8c7ff9d4c88634870f89ff005c8,0.0022037347202547783,0.18287422483597204,0.005295957924135268,0.1942651690649627,0.15479420283194878,0.6493773632799184,0.052721709953664216,0.8249017947556682,0.008701372049374947,0.727779726498226,0.021744035480230132,0.7370580064921817,0.0048745207619402,0.6498472467865964,0.009982119189200011,0.7608778566290861,0.4085565715225884,0.8659579257107604,0.3140527948684195,0.9598111964031943
064_WSD_id_36_WebService_tr_4559_1st_10195.csv,36,18236,4559,25,1,25,0.0013709146742706,0.0013709146742706,True,2687fa5c499f1c4cf67f0f744fc4a59e360c4793734cd87a67ebca92b201fad5,0.0014311193756857215,0.5367656910658394,0.0014680504811692408,0.5433273667718478,0.11103202654134929,0.82074570314645,0.06127528938872323,0.8445283081194804,0.24764329233685806,0.9601888968206029,0.2423195234116763,0.962903287979897,0.0011225667753283742,0.42152105870078527,0.001154295781890011,0.4282002408778634,0.12389298463905796,0.9472264016253913,0.07322631159296743,0.9505594813102968
065_WSD_id_37_WebService_tr_3451_1st_3551.csv,37,18236,3451,199,2,172,0.0094318929589822,0.0109124808071945,False,8065820e303462461637724a43f0a452b9678c1a543d4b562d4387f5b0706cf1,0.8627436270190003,0.9094006373832905,0.46989281569210434,0.6753732678952805,0.2598759985657692,0.8518216184877373,0.24024051189114234,0.924844628507038,0.3419571490447455,0.9578334651580238,0.2647824402581457,0.8723187813405997,0.8134930277863044,0.8813028941346973,0.42224837842403473,0.6547340689611549,0.4081833071710721,0.9573484208757932,0.37482337432567886,0.9840668581459551
066_WSD_id_38_WebService_tr_3320_1st_3420.csv,38,18302,3320,112,8,31,0.0016938039558518,0.0061195497759807,True,a4280bf8b8c2d953650b8c1f8950418eb63c2d9d7e990f57506da4a934456b4e,0.4677576272163346,0.8582183106887615,0.31941921889282193,0.8759766626608784,0.2709351636942402,0.8293980208905993,0.1725549300358925,0.8508221427878173,0.6795076791194709,0.974430613366842,0.6239652974733211,0.9845117759210729,0.06332111598491665,0.8347340571742716,0.04466914565912365,0.8551380504264902,0.5355462664854654,0.9915814222885415,0.46736862886934194,0.993922511957658
067_WSD_id_39_WebService_tr_4559_1st_13973.csv,39,18236,4559,48,1,48,0.0026321561745996,0.0026321561745996,True,b55cee7956026a5765cb66c5b83206f16803d1667af5835788e6d039dcfe8b56,0.002637942366826914,0.5290622021845905,0.0030329475456660404,0.5559020586873545,0.2064371729927206,0.7164900392199987,0.08233470673150017,0.7997511381869815,0.5147645557875203,0.98434178212741,0.522596126185207,0.9911447231654387,0.002078639504626556,0.39578407924638953,0.002279919775668112,0.42066183681514197,0.3294408702325303,0.7223787662194854,0.11709726863119406,0.8236417521856123
069_WSD_id_41_WebService_tr_4548_1st_13988.csv,41,18192,4548,13,1,13,0.0007145998240985,0.0007145998240985,True,46faf22721e237ed95ab063a1149365a26f172aeb308c797df4d7f4d4b04db63,0.0010743519365949352,0.6446618456630009,0.0016000934982123229,0.6461317227869753,0.4180450235746629,0.9263097318545913,0.12912490062860846,0.9730737185209862,0.43333333333333335,0.9995324275262665,0.7747343141738199,0.9998140962879399,0.0006359558078099522,0.4209675576637456,0.0008374295110585784,0.4569367869354137,0.5402079337664053,0.7324448751094882,0.12988361452496103,0.9017002489433423
071_WSD_id_43_WebService_tr_3387_1st_3487.csv,43,18236,3387,2095,7,1677,0.0919609563500767,0.1148826497038824,False,8c1fbf96c616976bf41f3e2ed94feef2aadaa5837c2073ae6d3425db985d1371,0.8295236927972366,0.9057030385124881,0.5771744147039719,0.839952541053941,0.7472452695951177,0.8617014232718561,0.7518794148708599,0.87380722429789,0.7058230486169526,0.9352714348006286,0.6818781532003159,0.9404866707345787,0.798990870480683,0.9245742656562196,0.6120675945826274,0.8807505129260211,0.710214429866905,0.9108681711392104,0.7222931484444857,0.9265114140892574
072_WSD_id_44_WebService_tr_1691_1st_1791.csv,44,12500,1691,187,4,72,0.00576,0.01496,False,d7f564d3fd697c8e81fca984404dbb56d79b56b32a2d6ab10a7416dd49eba38e,0.2878976574974585,0.6633934570262029,0.21926105883545377,0.6697421238523574,0.21306213714427905,0.6870765257883608,0.17117806653724169,0.7007389421985026,0.6115674991763472,0.8891163680315272,0.618666753366671,0.9020647079948351,0.05413766740235562,0.6394211413440253,0.035596854436341786,0.6483828097130081,0.4839176798898454,0.8763334782463298,0.4277832128896615,0.8873293373827952
073_WSD_id_45_WebService_tr_3392_1st_3492.csv,45,15000,3392,268,2,255,0.017,0.0178666666666666,False,d4e9bd1d7e810676449655d60cdfd48f31ad4509c01afd6e3f619662cbf729b9,0.8795822089662324,0.9737597817321214,0.47154862782887547,0.872662111636502,0.2624319200970197,0.8560484638982659,0.23805573916155884,0.866750131397712,0.6951312113514545,0.9747837988985294,0.696566904180484,0.9786420726671832,0.9299856432066224,0.9756072171048099,0.48078516650098185,0.7878050713617939,0.32163944194839506,0.9167922098710899,0.3149087929444679,0.9247820911056014
075_WSD_id_47_WebService_tr_3296_1st_3468.csv,47,13186,3296,35,4,12,0.0009100561201274,0.0026543303503716,True,fece7566fe776b836a5b636de10ab1b9bfac47896dedf07d22e3c81fae799791,0.004621166803392149,0.7140467319160955,0.012892377565482987,0.7535710026982283,0.34983496823069565,0.904107237906949,0.32169491412376183,0.9923750962805765,0.006735061519428494,0.7559446864442683,0.03922780250011974,0.7678331081794922,0.0028200086043676837,0.5307363915834755,0.01635169537882118,0.7461931173740678,0.5488521286873135,0.8191739900279175,0.35012465908713175,0.9790206803165045
076_WSD_id_48_WebService_tr_3821_1st_7083.csv,48,15285,3821,9,2,6,0.0003925417075564,0.0005888125613346,True,577a4fa8fdd4721a199a53927c54519032ebe99391df24f049e25bcc45d32772,0.6152958152958152,0.9996508684646941,0.3194271611926096,0.9986185991629788,0.34175612919034243,0.7904047016380089,0.12675108037943902,0.9482933749585967,0.4747474747474747,0.999614500596433,0.7627170708908951,0.999694030910972,0.006328942978764741,0.9222454976579093,0.008237885329698463,0.9356211479299814,0.6223016564806105,0.9797685548863867,0.178455956449137,0.9934017560452043
077_WSD_id_49_WebService_tr_3310_1st_3716.csv,49,13243,3310,59,6,13,0.0009816506833798,0.0044551838707241,True,c2cc20e82817bb8defb9f4e9b84ef27e7810df436b79b1e08fcb9865d69baa05,0.003003341857930511,0.29507775218035215,0.013223788411933753,0.3538320576051371,0.24519057068190284,0.6312003764192857,0.1212848976033232,0.8988616979183561,0.006395362594025086,0.6205480191706434,0.03591561338971103,0.6347841726199532,0.002748477485718227,0.2217582688826724,0.007453727652819686,0.3438844963518844,0.6800653491555695,0.8517617656738523,0.8793707888901199,0.994449424157207
078_WSD_id_50_WebService_tr_2449_1st_2549.csv,50,18381,2449,73,6,14,0.0007616560578858,0.0039714923018334,True,1939280ac8d0fec0d0ee0c8c751dd634be16a17a00e02d0e4d5ecbcf7544ab52,0.0034700476099641334,0.47130380909909886,0.016770029161880057,0.4966261970236287,0.36775760648738337,0.8294472661101817,0.28766823483564025,0.9767760427227357,0.006517885712191113,0.6711348583297667,0.03420889826038507,0.6673538027230297,0.0024696268975055325,0.24653493794164388,0.009167428968170582,0.3477380620420825,0.5650893628709955,0.7575126226726245,0.45675826955253235,0.9666821653280817
079_WSD_id_51_WebService_tr_4559_1st_10672.csv,51,18236,4559,27,2,17,0.000932221978504,0.0014805878482123,True,7a64ce5fea662909a91c7fd2abf0e30484c0f102b5408ec1715078c195bdb7e3,0.006940739787514908,0.8523461129315377,0.005825784111187199,0.8295345494089172,0.18380058165240867,0.9244960265883985,0.09381221165109674,0.9439604024446151,0.7623145030552437,0.9957347099419701,0.4488731042226347,0.9974015317996144,0.0038299068840091707,0.8077934598885776,0.004067240786119646,0.7921872603377893,0.24654946088403193,0.9198646172120827,0.11402577214518891,0.9671228191126797
080_WSD_id_52_WebService_tr_1538_1st_1638.csv,52,18307,1538,96,15,27,0.0014748456874419,0.0052438957775714,True,ad725cc4fa98cd9aa20dc3785b6cc643209eab85ce95d8770b9bb9cfc1831af3,0.5207222990943521,0.9866506964655062,0.42626532436147724,0.9843514443437072,0.34344949478099096,0.8124279281752786,0.17200061476596,0.8744793185092801,0.5816866363548039,0.9826844581113978,0.7260575297348764,0.9942010981689844,0.02431114362066936,0.8849464838101514,0.030178714296162503,0.8694193679143735,0.5177560850686985,0.8150230858638552,0.40231151756020445,0.8788912242036152
081_WSD_id_53_WebService_tr_4559_1st_8448.csv,53,18236,4559,204,3,107,0.0058675148058784,0.0111866637420486,False,5432eac6453d810c3cd1c4dc81894e1548e2fc1b9956db219d0badce1c82e95c,0.4039372851085834,0.7553545874871688,0.38051028090941347,0.7643569845280361,0.27545790089266414,0.7676410238008247,0.21937101310532695,0.775044117145042,0.8006700778491972,0.9725545109348087,0.7822615233610968,0.9773883101529927,0.16002652178799556,0.7385511269725281,0.08439311057303323,0.7470946360649314,0.382483326811516,0.9472188331854481,0.34862423019111627,0.9528763488929332
082_WSD_id_54_WebService_tr_4437_1st_4805.csv,54,17748,4437,141,5,77,0.0043385170160018,0.0079445571331981,True,e29552439596d812ea7196340195bdc8e7faebad1f0cff506e68034cc6309a9b,0.5703228668688941,0.9523803194006898,0.3151581221898504,0.9540530517888375,0.42363448583132024,0.8315583703612401,0.30381735692991274,0.8624553026124044,0.7579982851857305,0.9987384127927842,0.7550992575256701,0.998306638613616,0.1574644156555997,0.895075177627209,0.07193100400431765,0.8941584812903857,0.6400466642979589,0.9562027433479673,0.4159143599788985,0.9728476348184891
083_WSD_id_55_WebService_tr_4599_1st_4863.csv,55,18397,4599,616,2,613,0.0333206501059955,0.0334837201717671,False,f3f4c0229c405e76a8c3133bbf3dbbb268084d7510bacbca65a865cd5a1ca1f2,0.9904335776706096,0.9964067693737003,0.5256205365167966,0.6708069846172368,0.9086549306947558,0.9764907565860832,0.9279273236541788,0.9922552828725073,0.43804972845336476,0.9744686799056632,0.36792678914680643,0.9233877269926569,0.9793177693755255,0.9983475904894835,0.6457494067634042,0.9583591774519812,0.7981419512946729,0.9940198643379005,0.8160809508660537,0.9934364275685829
084_WSD_id_56_WebService_tr_4559_1st_9616.csv,56,18236,4559,63,1,63,0.003454704979162,0.003454704979162,True,fc092f9a7d1055f52642a4e36e63cb27595cf13014da4b5e6941135a10ebffe0,0.020340106986167675,0.8658606567042159,0.022342793796493347,0.8713852578699557,0.09703784614027984,0.8681901198271638,0.07585605852881303,0.8989217522397117,0.7348231690336954,0.9994182892988814,0.8516812895985112,0.9996256730122728,0.011704066140582853,0.7971838563925726,0.012784863655672019,0.7998777277814636,0.22112992717373137,0.9171970627976791,0.1341142038754664,0.9493218585044237
085_WSD_id_57_WebService_tr_780_1st_880.csv,57,15403,780,203,24,12,0.00077906901253,0.0131792507952996,False,5c00463af77335042fa3bdd5cc433373445718b57fb72d10c57ac610786db6f6,0.21338273279012812,0.897883393829401,0.10942623806397432,0.8784277303724336,0.6764262364300557,0.8830554835364274,0.6833072301273768,0.9432403360931335,0.6139335956062282,0.9941414959813326,0.7601364432232582,0.9965662625416031,0.055858903205021994,0.8615552890847809,0.0642774322613771,0.8509192350746098,0.5121815116262182,0.9855305289084781,0.6397084072518008,0.9940508003379179
086_WSD_id_58_WebService_tr_4436_1st_9529.csv,58,17746,4436,23,4,14,0.0007889101769412,0.0012960667192606,True,ba43ea4993f5fb1755b8ff8e6075be87d68b36dde02ee321160a51f8aef24572,0.601708089378585,0.9721315215551396,0.17542839436826563,0.9477721098139877,0.3610446813389622,0.8211290168265751,0.13155467023126977,0.919303339875805,0.6348108413325805,0.9990972183038987,0.5542205109568616,0.9990299215458363,0.1284284155226048,0.9323551562818152,0.033643854802196775,0.8882657980096473,0.7481652009604123,0.9995081311682927,0.4776823026069678,0.9989387495554771
087_WSD_id_59_WebService_tr_4559_1st_12600.csv,59,18236,4559,11,1,11,0.000603202456679,0.000603202456679,True,092549f8131aad45523c7483e2536dfcc6baf5a252a9b8b8ed115770414ab30d,0.0007999532589496516,0.5781069958847737,0.0009111376871724172,0.6173283497030364,0.27109024358064093,0.7342611298166853,0.12977450866285867,0.7923334398883742,0.9290909090909091,0.9998279087167976,0.9237165604990242,0.9998325656008887,0.0007012951480494969,0.567103130066093,0.000758437873762921,0.5724533721117943,0.573445419735487,0.9977403666292556,0.172387073041084,0.9968188220829436
088_WSD_id_60_WebService_tr_4548_1st_5596.csv,60,18193,4548,59,4,23,0.0012642225031605,0.0032430055515857,True,a5aad56d0f18d0b035cd3071fecf49bb0e7da3c4de62e162bed2072c25a1b521,0.0032574443219687763,0.47518660517839895,0.0061365650367297166,0.5004655120302642,0.2753138934192762,0.7028271642555516,0.1185512805283298,0.8452951312301995,0.2268671642219304,0.8246841311292769,0.41941758430316317,0.8600015779312328,0.006447265625077132,0.7183864750735112,0.011232218026157752,0.7247935057999603,0.2826385902414622,0.7212848605391502,0.1395585064598656,0.8945093802484378
090_WSD_id_62_WebService_tr_2281_1st_2381.csv,62,13236,2281,150,11,50,0.0037775763070414,0.0113327289211242,False,0e3cf6e239388bf1a03e0360c6fe4a45f5e826dd470421f17bc671738b3bd489,0.3692003872813871,0.9776662081613939,0.33505704948098314,0.9786732610224481,0.6385905609492345,0.9150899179785011,0.6881731562538909,0.9667794613922706,0.5570444834738464,0.9947643792348055,0.7444722780844605,0.9969020729334839,0.04443293848877423,0.8740144683886087,0.056757969327906777,0.8569156433945115,0.6122422602533816,0.9852045442967039,0.7387068021639698,0.9958674602149754
091_WSD_id_63_WebService_tr_500_1st_363.csv,63,18230,500,158,10,24,0.0013165112452002,0.0086670323642347,True,d89a5616670966b0b6be52c31c1e2b47ddb8ba32e72147c479cf836ef9d765f7,0.01035191977412065,0.6134915331641086,0.01316584015404783,0.6132088906824799,0.21150049630377382,0.7695406839589601,0.12766240684624322,0.8294146385434676,0.6673555517674961,0.8974292702607292,0.6026625849550764,0.8630568101349099,0.007594899470869778,0.47929274463328125,0.009014093965065835,0.4856271881814944,0.385266351565899,0.8407004891825105,0.2927268039829895,0.8938163612714398
092_WSD_id_64_WebService_tr_500_1st_118.csv,64,18242,500,43,5,23,0.001260826663743,0.0023571976756934,True,d36653f828cdd8215be206b0c0e15b47fab12d8830fa520c2738f8ec762c8e80,0.7820619294400584,0.986954304926031,0.350559402270758,0.9916767533005288,0.5112350278238457,0.8774376818557625,0.20778709004507934,0.9188810991516461,0.7847351646755307,0.9298460048277635,0.44482521597970787,0.7788478560042786,0.16345917332798907,0.9668458655407849,0.05606627634430868,0.9637670305050274,0.4825631789150808,0.9842669607453515,0.284144715420741,0.9911743199198023
093_WSD_id_65_WebService_tr_1125_1st_1225.csv,65,18179,1125,177,11,61,0.0033555201056163,0.0097365091589196,True,0e8bfa167c8f92ac6c558e48e056220808095a3c528dbf7a6380cc0777c13550,0.015288481532710809,0.6080758760639904,0.03475737076256334,0.5256763356260931,0.3064560478591126,0.8144678839827589,0.350634849886311,0.959100409285883,0.11778467428589628,0.797841671076095,0.13233823192620858,0.8197028312426059,0.03887037942295463,0.5434713154909969,0.04341138237436905,0.49945150347044864,0.6155103456160717,0.8316930573313575,0.7747704727048838,0.9836799951338833
095_WSD_id_67_WebService_tr_2182_1st_2282.csv,67,18236,2182,14,1,14,0.0007677122175915,0.0007677122175915,True,a2a8873ef0291fa050106ef45a6da178f44861441e497e98a417c69100879a9d,0.8341872413300986,0.9999216018313811,0.2695875300959172,0.9985168161594749,0.27090326134429976,0.8567195070323158,0.12329096883534106,0.9028539157592653,0.9464285714285714,0.9999764805494143,0.6619383963640979,0.9992578470877869,0.006100932835032122,0.9373833827241795,0.006436684562573014,0.9376305845919938,0.9271251695164737,0.999929441648243,0.2737155068231412,0.9985251857674738
096_WSD_id_68_WebService_tr_1341_1st_1441.csv,68,10744,1341,33,3,13,0.0012099776619508,0.0030714817572598,True,7e875806d3782ccd50bb7957a87cff9de2c1d67609ed265c53298d210253368f,0.0030254435735790966,0.5095724304948467,0.013500288998821252,0.5247589198021567,0.22163231251475157,0.7994811338103281,0.16378892909105042,0.9626364895859745,0.0034790917946938564,0.4230089146530189,0.020270825020475686,0.4505612936966993,0.00207721322963245,0.2832517123433005,0.008365873885718904,0.37190636071506616,0.41824534800292795,0.8883405052296847,0.5613165130039496,0.9933960612193774
097_WSD_id_69_WebService_tr_4520_1st_6465.csv,69,18083,4520,44,4,13,0.0007189072609633,0.0024332245755682,True,e23e0dce693b04ad125b5c19724e716b11fabb17b3c10c3feb370250e3ea7348,0.0029503151799269126,0.597407636988545,0.011078792578452524,0.6093460361687743,0.30145256805118675,0.8902428576468157,0.2336332499085632,0.9857728977679325,0.0042707798292423525,0.6608900412742089,0.02279289160662641,0.656254042305049,0.001974035100153438,0.41391379284278007,0.010750453833021426,0.5369402600748121,0.45651195565246416,0.849726476472693,0.5620986560198196,0.9892187353891
098_WSD_id_70_WebService_tr_3575_1st_3675.csv,70,18236,3575,9,3,3,0.0001645097609124,0.0004935292827374,True,6309ad1107ff8c020d2d47fa97771dc5b77fd97bcaf29e98e5b469c1c87d443f,0.0003964179785310487,0.34939009893747375,0.004657930685584274,0.40998704785898166,0.8320572673513851,0.9997988332327499,0.20367197555251254,0.9983833210490143,0.0010870669193330305,0.7141237358497466,0.018143613337039607,0.7251658712723656,0.0005272282600944024,0.5181202489591143,0.005361752462666095,0.7536086648754241,0.6170121657926536,0.9966716043964082,0.5665090355749829,0.9990655390338055
100_WSD_id_72_WebService_tr_4559_1st_10254.csv,72,18236,4559,50,4,21,0.0011515683263873,0.0027418293485413,True,dce66d0c6559aeb5e0b24c622ccfd93fc893b9f98f57c93be928147f708007f0,0.4237645042302325,0.994184537556362,0.4791957885151407,0.9964206740067487,0.37667695477349344,0.9618552732871439,0.28447028138562164,0.9824772967196549,0.3793717948717949,0.9973705047838997,0.43725677222760284,0.9973334895462805,0.439873501809703,0.9817991861871769,0.12482438862923306,0.9734039103548314,0.5790572077132802,0.997565160013197,0.6702696965135319,0.9989687281228932
101_WSD_id_73_WebService_tr_1513_1st_1613.csv,73,18236,1513,71,1,71,0.0038933976749287,0.0038933976749287,True,155a9911c7b0fda6045d12a3f4da7e87182b399020c4fd746302bc6657c3a3a0,0.2211981884946172,0.9937334992614648,0.24369629949798247,0.9937768708766782,0.12261955865543159,0.8223669570408966,0.1039487746231532,0.8990709769145416,0.13707712466997743,0.9006191290323832,0.23067172043759104,0.9673748654822805,0.03156947462875407,0.942914519874546,0.04006390117249564,0.9524470446160692,0.3455811886493187,0.9789534897244739,0.4380556337008358,0.9944267755810905
102_WSD_id_74_WebService_tr_3306_1st_3639.csv,74,13227,3306,29,3,11,0.0008316322673319,0.0021924850684206,True,aff82180ea72e1b5beb4d0ead1749be626cab50a7296a240f19296955bed54d7,0.003960539254828862,0.7365797325613599,0.005297784023864132,0.7454181042791782,0.32423453951828063,0.8887710259130172,0.1534906557092851,0.944752354568624,0.6073891625615764,0.9992828066948493,0.5452625106549651,0.9988158295417915,0.003144412715998877,0.6316474282937331,0.003896578526481394,0.6080821225058668,0.6324908197756891,0.9403188048345882,0.34698406777236146,0.9791412606278939
103_WSD_id_75_WebService_tr_1375_1st_1475.csv,75,18179,1375,107,4,65,0.0035755542109026,0.005885912316409,True,fb2a7c618f3943f3f7ba844e9c5ead8dd4f07eae4af2d4a1464714a74827cdae,0.4285677397949655,0.7750193411194268,0.08005827540657819,0.6397402707162776,0.17004454217117304,0.7794636614497358,0.12747622523620133,0.8617170315331283,0.5542247696939325,0.9115922085282959,0.46771960502207155,0.8878963738009636,0.45025579595421156,0.9090191673596373,0.09917813554433592,0.8837890619827123,0.341758428650832,0.9251454721094852,0.3643843408702258,0.9648920329751987
104_WSD_id_76_WebService_tr_3047_1st_3147.csv,76,18084,3047,128,12,15,0.0008294625082946,0.0070780800707808,True,d68216571d7b001dcf88a6d525a394096929a88a472c54f4feb866b51731eb0f,0.005930198926831711,0.41177087394185785,0.02971847968715817,0.4646247892211339,0.2812373573781423,0.7223569071619514,0.24837024601358193,0.9406468273449318,0.01182782950576791,0.6413133144909778,0.05343623191235529,0.6413014723109931,0.004994283972851537,0.34864260205502334,0.022749741917112584,0.4561185771761053,0.5479059753194224,0.8978614390732902,0.8878622467227354,0.9959671366554459
105_WSD_id_77_WebService_tr_2348_1st_2448.csv,77,18380,2348,96,9,17,0.0009249183895538,0.0052230685527747,True,38d914dbfd0d17e52cac4b0609ab176c62d2532dfb666bf8f5bc435d69e49017,0.004432260901877149,0.46192025814920146,0.02216754613255111,0.489111039421152,0.31544520880459087,0.7605220639174506,0.23009509756656987,0.9523762857189454,0.0068183955381591775,0.6018536242981113,0.039872879579375395,0.632636351411634,0.003602582959481391,0.337630122876103,0.011196216167896903,0.39938227687576966,0.5200366746202942,0.8179778084664188,0.7499471636302665,0.9822173417210969
107_WSD_id_79_WebService_tr_1095_1st_1195.csv,79,18236,1095,326,6,161,0.0088286905023031,0.0178767273524895,False,fed86ff0aba372cab035340a8710842e9014d4e9c41bf6d17348fa0f86444b3e,0.01698263310141738,0.4986519167069156,0.017042801649897788,0.5048101851261987,0.11329764388867028,0.7049723737980975,0.0893465086309793,0.7152669218438957,0.3233539087516002,0.9050669160389542,0.277952568428179,0.9112528369064612,0.023572514609260214,0.6032940777507168,0.02417266547511891,0.605287164046424,0.1686801280761571,0.8293606752234246,0.15803419832606305,0.8397975644572065
108_WSD_id_80_WebService_tr_2368_1st_2468.csv,80,18220,2368,193,15,19,0.0010428100987925,0.0105927552140504,False,947d1325878a58e54fdaa634b9d40065374e2b739ca6ddf4d69ee56d8d90cbdd,0.008054993892655205,0.39819631519904947,0.03736921751768486,0.43456339534515737,0.21896646649650794,0.7118947370538895,0.2223620395744707,0.9210101451164723,0.017139513480745716,0.6663329703199949,0.08466568914883034,0.6857170266675345,0.00668792969722231,0.2781587549590985,0.025162033345675877,0.40941809891164654,0.4103805617798125,0.7436030755248819,0.5465334521972314,0.9544712633282613
109_WSD_id_81_WebService_tr_3175_1st_3275.csv,81,18058,3175,65,8,12,0.0006645254180972,0.00359951268136,True,42bff0fe651b159d7e996ee6c6e670123734143947922a8ed71693d8a523dd5b,0.44024668716041604,0.9646922521151388,0.6632586459144274,0.9704366885624269,0.6760937706399885,0.8987777298009055,0.683929247549635,0.9840141783360464,0.38020479094647897,0.9946380857512964,0.6597694846140275,0.9961854130222743,0.07446566487778794,0.9030186953045842,0.07879238910235471,0.9031041165939372,0.6430429785603833,0.9969120469926338,0.7682049649286351,0.9989148022037541
110_WSD_id_82_WebService_tr_500_1st_375.csv,82,18236,500,182,3,143,0.0078416319368282,0.0099802588286905,False,bf6a941e52a95991f718d5e98ef4dc4d29eb4bf9b31eb8e4b2d23f5e3460614e,0.1698898429417143,0.6585965546583692,0.060133258840024344,0.6641763158416006,0.14195677673516477,0.5874504082380453,0.07339185942563937,0.5984496077237544,0.18649741712491047,0.291790227607775,0.11357952478615642,0.30808568889352245,0.12493895859911573,0.6643397037215583,0.044386711371216366,0.6703890147703829,0.22654443831678012,0.9363324860583087,0.17409231853956342,0.9394307224517271
111_WSD_id_83_WebService_tr_3934_1st_7531.csv,83,15736,3934,3,1,3,0.0001906456532791,0.0001906456532791,True,3fe3f7e8d5187fcfc1c1da4ba920e3ae885248c0bb168006a05e5a55073e8d96,0.001035498324955565,0.8776880866120045,0.001860889008296522,0.8884327434783105,0.5435897435897437,0.9997245704358143,0.3728195265984906,0.998724319683493,0.10344827586206896,0.9991737113074429,0.4485909502504227,0.9994916734149142,0.00028962156919989425,0.5723638212673997,0.00041612229696340265,0.6076649336643734,1.0,1.0,0.3645833333333334,0.9987075997372827
112_WSD_id_84_WebService_tr_2442_1st_2542.csv,84,18380,2442,63,6,16,0.0008705114254624,0.0034276387377584,True,cfeb33b09e8f24bfb153a9816cf8a46ad477296996631c2a55c62a2e97f33be5,0.0032821168674494645,0.516078826937592,0.01885351821444742,0.572928348373932,0.3961219691010063,0.8538273492141484,0.3540881691610183,0.9829140555575788,0.013531403601182738,0.6963675863604891,0.0940528021861596,0.7048765406625322,0.004892941614482624,0.38120628681310015,0.02805120033905226,0.5022647265189943,0.4332012900732523,0.8800593775753462,0.7741209882394469,0.9937604115643067
114_WSD_id_86_WebService_tr_500_1st_403.csv,86,18243,500,83,8,14,0.0007674176396426,0.0045496902921668,True,d3250f37d1afeb9833247f9a0c3a4110d988f23c3e3af7c265d12d9f006ced0c,0.0037032875110012044,0.4346830051483467,0.01855549573495522,0.49611777659022566,0.2570695545245961,0.813538294145746,0.22083345531999976,0.9692711770654766,0.005003609089538659,0.46714479061620934,0.030185290088699347,0.48628242938096544,0.002769330237398416,0.23504192983387293,0.009836712465525546,0.3493260189135362,0.40871534694078576,0.7432690011145905,0.438408063419432,0.9614876738695504
115_WSD_id_87_WebService_tr_2252_1st_2352.csv,87,18214,2252,181,14,24,0.0013176677281212,0.0099374107829142,True,c17c5efdf366ad095838079b61e5bac0244401262e7ae6ac60cc4c4fb9dc8f65,0.012104175246701713,0.6273164637084927,0.020623579675390146,0.6156082480736458,0.2218554873144202,0.7374509531788406,0.16196882803365883,0.8499517901296488,0.5429315893338487,0.9806556304234135,0.6713419640593342,0.9936522354730088,0.009819553709080628,0.500259652883158,0.014174681845123811,0.47880403829137397,0.40804121069487564,0.7372930168233622,0.39575753860309393,0.8761248480072635
116_WSD_id_88_WebService_tr_3934_1st_13861.csv,88,15736,3934,5,1,5,0.0003177427554651,0.0003177427554651,True,37f61c68f46f480f3d54ba2047431586ebd9f66497c0c179dfff5aac2a9c1240,0.009304542487287067,0.9806751001207806,0.010642786885967979,0.9812599326171254,0.600521922935716,0.8534740321657873,0.2192691688113683,0.8569466960225753,0.6800000000000002,0.9997457250015892,0.7990723782044419,0.9997244618926419,0.0025489285741814704,0.929057275443392,0.0024494840574556293,0.9282181679486364,0.5196078431372548,0.9988303350073103,0.2724286654319306,0.9985199373898218
118_WSD_id_90_WebService_tr_4559_1st_6317.csv,90,18236,4559,3,1,3,0.0001645097609124,0.0001645097609124,True,d2a9ad0cba079e12c75cfb97b02755aee9ae24f878bb3203dda9f4c118285a66,0.00022853236879157943,0.520283734620377,0.0005632047761234424,0.5532126293982716,0.6555555555555554,0.9998537450410427,0.3603603603603603,0.9987019872392547,0.0005869692819409117,0.7231942083036254,0.010938995917499637,0.7244443194463271,0.00025156499346004857,0.5744894787838899,0.0004669058518468777,0.6765408742658178,0.3338870598915242,0.8686630468564325,0.3340548941383508,0.9084832090324784
119_WSD_id_91_WebService_tr_4559_1st_12353.csv,91,18236,4559,34,1,34,0.0018644439570081,0.0018644439570081,True,de86dc513707a69dcf67219a5e91ba76ce88c4de164f14b161b188fabca779e2,0.0015513663809286374,0.38565251394481537,0.0016048222434692984,0.3973771428016614,0.07914780758074172,0.6104532792130147,0.03772627316088698,0.6380547234652084,0.15126354771280487,0.719864332943374,0.15157052473845664,0.7324167943025645,0.0013087711724935236,0.31989050976945005,0.0013449054339457597,0.3259867584890325,0.03767656300600976,0.6655756962712566,0.03640501565776724,0.6722183029522314
120_WSD_id_92_WebService_tr_2329_1st_2429.csv,92,17438,2329,95,9,14,0.0008028443628856,0.0054478724624383,True,91740c0da43c1c56b283360d81c79e68f542fdfff3b4e41b19c40a69d92d27f0,0.004335534738745679,0.42425914292737554,0.024121417828910082,0.47192104752316244,0.230796426208301,0.7466340128126925,0.15988720377483454,0.9341915029861365,0.007027030676215898,0.5997717871915562,0.04286427367500197,0.6540998913717816,0.005813637909870383,0.381995466091279,0.0333696294106707,0.5128714220787034,0.29429922552196064,0.733586431049081,0.7797504884838243,0.9781004857768612
121_WSD_id_93_WebService_tr_4559_1st_11749.csv,93,18236,4559,43,3,20,0.0010967317394165,0.0023579732397455,True,4498df73e9f3ddfe62175b51ad77de32c75591850056096512b9db8e4b11e02d,0.0034688875216176396,0.6810784623270643,0.005840205408702332,0.6831455061004493,0.16375496355474814,0.82756337410632,0.061551120164505514,0.9242699936072429,0.28948105276273917,0.9229699897353826,0.5429009653254636,0.9835700333114741,0.0020794225378284784,0.4627795766068984,0.003109604531417671,0.5005357757526181,0.2921180074271781,0.6686177535699266,0.12277719936737971,0.8289278846021727
122_WSD_id_94_WebService_tr_4559_1st_8618.csv,94,18236,4559,56,2,29,0.0015902610221539,0.0030708488703663,True,13cca6d5ddbaed725a93b88259e0e23cad79e76e61a075307d4dc0a4b5970793,0.0031083858788467935,0.5076909476661952,0.004052115772581996,0.514806800621231,0.058328110527687896,0.6543778484991356,0.02338183686017961,0.7803461718185145,0.068649218946838,0.9686547226151186,0.1274640448883673,0.9759400526151993,0.0022658498560505272,0.3436822253653937,0.002890477196025916,0.3707601995336449,0.09238744269766834,0.5356656647807638,0.019636584053579053,0.6589584910351733
123_WSD_id_95_WebService_tr_4559_1st_4901.csv,95,18236,4559,36,6,21,0.0011515683263873,0.0019741171309497,True,7df6714601b455c8adda86ddd279019dac30cc5f962681c61410644d6de4fe24,0.0063574951619772635,0.7565155677655677,0.021626091780365432,0.6197990869072978,0.4046065237368009,0.941268315018315,0.19123096396871983,0.9903888868598874,0.006824086646220083,0.8220421245421246,0.08122857629824037,0.8815709776017394,0.005021035530604506,0.7781639194139195,0.03230731208593612,0.8094075602138746,0.2292225111826924,0.7953838522588522,0.04947886653800539,0.9400798240668314
124_WSD_id_96_WebService_tr_4559_1st_14350.csv,96,18236,4559,10,1,10,0.0005483658697082,0.0005483658697082,True,70352bb0c833c8af013e55acdf33114a85de7276896b59eb3597db1b66e61abb,0.7073877374784109,0.9868429715790629,0.17828618447736366,0.9884278466352352,0.6018855867012601,0.8249094699879294,0.14282855300128805,0.8561892184380122,0.9142857142857143,0.9999670799956107,0.7484374711030543,0.9994685729481791,0.023938570367048308,0.9575880610117415,0.016360109349970377,0.9615109630815942,0.7056897040187805,0.9390239218698564,0.17076660860464604,0.9663159540594806
126_WSD_id_98_WebService_tr_657_1st_757.csv,98,18883,657,252,29,17,0.00090028067574,0.0133453370756765,False,4b3cd4657a18f022dcaa6a0d66bd8f1690c4c48bdb90b6a2017130ac509bab6f,0.3152213508629126,0.911619395221993,0.1777182196580967,0.8716467935961659,0.6563449423358735,0.8876420337157818,0.6671162588559454,0.9555021933074023,0.5630663300256401,0.9933342023406968,0.7042840365487979,0.9943418263012551,0.07306213423664061,0.875574971906355,0.07347560553793696,0.8534752846379271,0.5642105786296534,0.9908125900423683,0.6898039258476103,0.9953884269088993
127_WSD_id_99_WebService_tr_1164_1st_1264.csv,99,18190,1164,117,11,15,0.0008246289169873,0.0064321055525013,True,8f4ee9d57c1628379ab05ee4d9478d2a66f64f7e8b7f0d1b00cf1bdade2be76d,0.006054337737754696,0.45884851606093235,0.03314963785614413,0.46640355365144853,0.32773277671088713,0.7498861455039179,0.30119385732176845,0.9546422698160841,0.015887185862724026,0.7049345460787944,0.07978942551364011,0.7030564601206492,0.006375852390252033,0.38345815947763606,0.03527947620120873,0.4914266142996243,0.4280341347914999,0.7872159962847729,0.660214731630981,0.9788299433338955
128_WSD_id_100_WebService_tr_4068_1st_4168.csv,100,18236,4068,200,4,104,0.005703005044966,0.0109673173941653,False,711b374c2f27f88e958c8f93a49f301139200320df27b72a2146a3412763a21e,0.20084085271155475,0.7321221445996895,0.11675488371476081,0.7386389849347591,0.15259875374650902,0.7552129075182967,0.10932444273041453,0.7663947805185674,0.5070046911064687,0.9219217121312929,0.4626414071174401,0.93100274387303,0.03237016613614707,0.7201940563317808,0.032779180800306534,0.7277584758688092,0.4429575335729775,0.8679012807717897,0.3696540588730969,0.8777397897589264
129_WSD_id_101_WebService_tr_4448_1st_9592.csv,101,17794,4448,20,3,14,0.000786782061369,0.0011239743733842,True,28ca14ac26b84bbe45885f3d8ef774eb8710edf02adac3a172bcdf67397d5de0,0.6681951094522351,0.9803505119837965,0.14308327748192126,0.9821168919719548,0.3213352145126048,0.8008354900416339,0.08348082142108919,0.9060613446901459,0.740909090909091,0.999262968380781,0.498091750219051,0.99888569142363,0.05649108543683484,0.9291830764037358,0.029860113311169723,0.8978076386863485,0.8138810060748067,0.9164172386632159,0.2840962429949567,0.9804141231357703
131_WSD_id_103_WebService_tr_4573_1st_7021.csv,103,18294,4573,13,1,13,0.0007106155023504,0.0007106155023504,True,5f242f00cfa7f9e29319aff8797dece2c68b200c8911afa3dd2537758ba123ac,0.3870041845818946,0.9994740230504139,0.36496269948379434,0.9987170312324511,0.08488733188327481,0.7300686294723819,0.08374438819293373,0.8534179621542622,0.21666666666666667,0.997893988293857,0.2385737014259553,0.9974297988865252,0.16177368959535787,0.9982200940026004,0.3152995979191765,0.9986150886373123,0.5428459738827763,0.8853812070539822,0.14049318295321245,0.8988251802322178
132_WSD_id_104_WebService_tr_4037_1st_4137.csv,104,18236,4037,46,2,27,0.0014805878482123,0.002522483000658,True,204c024241ac60df27659978523e7c6183764e57b6e01c1128a25cf91a9a5965,0.5094534237966836,0.9043741186031504,0.2379339789749994,0.9176804053630402,0.27367229259066,0.8738652389033631,0.1201274647644524,0.8914549347232615,0.728733919710582,0.9993140043502163,0.5862751107334015,0.9990001698570108,0.022242636973088724,0.8747030140784472,0.022901481168017216,0.8866770102799487,0.4092204383606532,0.9279232497550016,0.2997221587352719,0.9488354643314864
133_WSD_id_105_WebService_tr_3934_1st_5937.csv,105,15736,3934,15,1,15,0.0009532282663955,0.0009532282663955,True,50b2ca8ef4619afea1b397cca655726046415033b2b4c5a768bff7c758fc2b38,0.70418749382164,0.9939698492462311,0.22339973895844523,0.9951980473850516,0.39711068457893367,0.8592667981256493,0.11494197892690178,0.8874165935136653,0.8909090909090909,0.9998939846913895,0.8106554734680453,0.99960249626514,0.10322031807921951,0.9898310115980747,0.081138400452774,0.99068400361041,0.3570649591439187,0.9300807836651613,0.1267753849313004,0.9459674441225543
134_WSD_id_106_WebService_tr_4559_1st_7990.csv,106,18236,4559,106,3,71,0.0038933976749287,0.0058126782189076,True,a9b7a3299e2c8c990487846a69e37f667585b714bc59415a4994d8e6844219b5,0.3450955107870495,0.7748732945498444,0.18386348441165618,0.7795284270118069,0.2523585931183677,0.7000525554433912,0.1379732592247104,0.7146610095485515,0.45982430342187547,0.9027828367451008,0.34440245289703747,0.9128620970815782,0.10909090435959795,0.7511130306278553,0.042045368872969974,0.7582314120919451,0.409891626303999,0.89006181768985,0.30963493393654556,0.8963432504765685
135_WSD_id_107_WebService_tr_3779_1st_3879.csv,107,15506,3779,50,4,20,0.0012898232942086,0.0032245582355217,True,e85140adfd2cd2e1da86d50ccc562f059fbc496cf52982b231cec34aae576c3a,0.6430463641428,0.9670949792960662,0.41274094785547605,0.9147588385614448,0.5838613317169947,0.8549068322981366,0.3261024632337058,0.9523373862370865,0.6369843840370155,0.9960119047619048,0.4814183196899774,0.9954101681147154,0.5743856848792489,0.9278312629399585,0.30194283978480113,0.8859917405295865,0.7261138489428017,0.9984420289855073,0.6613205920297386,0.9986851337937986
136_WSD_id_108_WebService_tr_3414_1st_3514.csv,108,18236,3414,183,8,41,0.0022483000658039,0.0100350954156613,False,e23c3036ed3249836bf998a69ccc6572b729ffde4b803cede85f4c02abf44720,0.6284908385554508,0.8771410470505938,0.5264838216957939,0.8927282394750241,0.5199926410247885,0.9015421804468264,0.4739186765963675,0.9205143695917102,0.7898582039816575,0.9749960574495437,0.7781579983917571,0.9863544975562564,0.3899089434377943,0.8719505015438754,0.20851650047587586,0.8764361793146496,0.35591712306022244,0.9572020635051801,0.31578920265521926,0.9707853986866087
138_WSD_id_110_WebService_tr_4584_1st_6039.csv,110,18336,4584,13,1,13,0.0007089877835951,0.0007089877835951,True,320cb99cfeeb1ab1732e9d0be08bb7e4b03d6ebe879b73f06cb70efec97b3e6a,0.0013731255971202961,0.7243985071305925,0.0023247899717578012,0.7282926706864459,0.15535251315715304,0.6464468784503713,0.08116572738877462,0.7857638656118715,0.43333333333333335,0.9995361021666758,0.7747343141738199,0.9998155575401023,0.0006165215851119664,0.4152242452739096,0.0008341752675367345,0.4701433365927415,0.6814332042231545,0.8044366265181634,0.17073520791757132,0.8436405645334424
