repetition,representation,backend,workers,seconds,signals_per_second,pre_cpu_percent,digest,exact_knots
0,sparse,thread,8,2.9471821,130.29395095742473,15.2,2aadbfdae86a2abf34b5821d0fd0e54884157fba46b6a23b7cd89edba159b62f,True
0,dense,serial,1,19.0029602,20.207378006296093,10.8,2aadbfdae86a2abf34b5821d0fd0e54884157fba46b6a23b7cd89edba159b62f,True
0,sparse,process,2,1.4962358,256.6440396627323,16.7,2aadbfdae86a2abf34b5821d0fd0e54884157fba46b6a23b7cd89edba159b62f,True
0,sparse,process,8,2.1393301,179.495441119629,5.9,2aadbfdae86a2abf34b5821d0fd0e54884157fba46b6a23b7cd89edba159b62f,True
0,sparse,process,16,4.4364561,86.55557303948076,18.5,2aadbfdae86a2abf34b5821d0fd0e54884157fba46b6a23b7cd89edba159b62f,True
0,sparse,process,4,1.6838198,228.0529068490583,19.7,2aadbfdae86a2abf34b5821d0fd0e54884157fba46b6a23b7cd89edba159b62f,True
0,sparse,thread,4,2.2803179,168.39757298752073,21.2,2aadbfdae86a2abf34b5821d0fd0e54884157fba46b6a23b7cd89edba159b62f,True
0,sparse,serial,1,1.1445601,335.5000755312019,9.5,2aadbfdae86a2abf34b5821d0fd0e54884157fba46b6a23b7cd89edba159b62f,True
1,sparse,process,2,1.3127557,292.5144411865818,4.1,2aadbfdae86a2abf34b5821d0fd0e54884157fba46b6a23b7cd89edba159b62f,True
1,sparse,process,8,1.6269391,236.0260442446801,22.9,2aadbfdae86a2abf34b5821d0fd0e54884157fba46b6a23b7cd89edba159b62f,True
1,sparse,thread,8,1.8901305,203.16057542058604,6.8,2aadbfdae86a2abf34b5821d0fd0e54884157fba46b6a23b7cd89edba159b62f,True
1,sparse,process,16,3.0102471,127.56427869326741,21.0,2aadbfdae86a2abf34b5821d0fd0e54884157fba46b6a23b7cd89edba159b62f,True
1,sparse,process,4,1.8113735,211.99382678392945,14.6,2aadbfdae86a2abf34b5821d0fd0e54884157fba46b6a23b7cd89edba159b62f,True
1,sparse,thread,4,1.6605864,231.24361370176223,12.6,2aadbfdae86a2abf34b5821d0fd0e54884157fba46b6a23b7cd89edba159b62f,True
1,sparse,serial,1,0.9445906,406.52532430451885,3.5,2aadbfdae86a2abf34b5821d0fd0e54884157fba46b6a23b7cd89edba159b62f,True
1,dense,serial,1,12.3498926,31.093387808085065,5.5,2aadbfdae86a2abf34b5821d0fd0e54884157fba46b6a23b7cd89edba159b62f,True
2,sparse,process,4,1.0933491,351.2144474258039,14.0,2aadbfdae86a2abf34b5821d0fd0e54884157fba46b6a23b7cd89edba159b62f,True
2,sparse,process,2,1.429962,268.53860452235796,5.3,2aadbfdae86a2abf34b5821d0fd0e54884157fba46b6a23b7cd89edba159b62f,True
2,dense,serial,1,13.7897245,27.846821740347313,12.0,2aadbfdae86a2abf34b5821d0fd0e54884157fba46b6a23b7cd89edba159b62f,True
2,sparse,thread,4,1.8037684,212.88764122932855,12.5,2aadbfdae86a2abf34b5821d0fd0e54884157fba46b6a23b7cd89edba159b62f,True
2,sparse,process,16,2.6702569,143.80638806700583,6.5,2aadbfdae86a2abf34b5821d0fd0e54884157fba46b6a23b7cd89edba159b62f,True
2,sparse,serial,1,1.8130456,211.79831329118252,42.7,2aadbfdae86a2abf34b5821d0fd0e54884157fba46b6a23b7cd89edba159b62f,True
2,sparse,process,8,1.6295946,235.64142885598665,3.8,2aadbfdae86a2abf34b5821d0fd0e54884157fba46b6a23b7cd89edba159b62f,True
2,sparse,thread,8,2.20065,174.4938995296844,23.0,2aadbfdae86a2abf34b5821d0fd0e54884157fba46b6a23b7cd89edba159b62f,True
3,sparse,process,8,1.6852175,227.8637623926882,5.7,2aadbfdae86a2abf34b5821d0fd0e54884157fba46b6a23b7cd89edba159b62f,True
3,sparse,serial,1,2.6000051,147.69201798873394,26.3,2aadbfdae86a2abf34b5821d0fd0e54884157fba46b6a23b7cd89edba159b62f,True
3,sparse,thread,4,2.7277502,140.77535398952588,8.2,2aadbfdae86a2abf34b5821d0fd0e54884157fba46b6a23b7cd89edba159b62f,True
3,sparse,thread,8,2.0927444,183.49111339158284,17.0,2aadbfdae86a2abf34b5821d0fd0e54884157fba46b6a23b7cd89edba159b62f,True
3,sparse,process,4,1.8548708,207.0225052871607,24.2,2aadbfdae86a2abf34b5821d0fd0e54884157fba46b6a23b7cd89edba159b62f,True
3,sparse,process,2,2.3036646,166.69093235187103,12.9,2aadbfdae86a2abf34b5821d0fd0e54884157fba46b6a23b7cd89edba159b62f,True
3,dense,serial,1,23.5049457,16.33698732603326,45.8,2aadbfdae86a2abf34b5821d0fd0e54884157fba46b6a23b7cd89edba159b62f,True
3,sparse,process,16,6.1460851,62.47879646183227,14.1,2aadbfdae86a2abf34b5821d0fd0e54884157fba46b6a23b7cd89edba159b62f,True
4,sparse,serial,1,4.3558181,88.15795131573562,45.2,2aadbfdae86a2abf34b5821d0fd0e54884157fba46b6a23b7cd89edba159b62f,True
4,sparse,process,4,2.9688036,129.3450331305176,31.7,2aadbfdae86a2abf34b5821d0fd0e54884157fba46b6a23b7cd89edba159b62f,True
4,sparse,process,2,4.3546377,88.18184805592439,26.7,2aadbfdae86a2abf34b5821d0fd0e54884157fba46b6a23b7cd89edba159b62f,True
4,dense,serial,1,26.5185429,14.480433613869486,20.0,2aadbfdae86a2abf34b5821d0fd0e54884157fba46b6a23b7cd89edba159b62f,True
4,sparse,process,16,5.8967775,65.12031359501016,25.2,2aadbfdae86a2abf34b5821d0fd0e54884157fba46b6a23b7cd89edba159b62f,True
4,sparse,process,8,4.0336838,95.19833954262849,43.1,2aadbfdae86a2abf34b5821d0fd0e54884157fba46b6a23b7cd89edba159b62f,True
4,sparse,thread,8,4.6034375,83.41592559907677,43.9,2aadbfdae86a2abf34b5821d0fd0e54884157fba46b6a23b7cd89edba159b62f,True
4,sparse,thread,4,3.2912452,116.6731667394456,18.1,2aadbfdae86a2abf34b5821d0fd0e54884157fba46b6a23b7cd89edba159b62f,True
